path,label,cluster_id
C:\Users\16610\Desktop\.workbuddy\.workbuddy\saint_george_classifier\data\raw\georges\005d75fd1ab5478b0a1b3290032e9358.jpg,1,1
C:\Users\16610\Desktop\.workbuddy\.workbuddy\saint_george_classifier\data\raw\georges\007976c486543ea187dcc285f1564aca.jpg,1,2
C:\Users\16610\Desktop\.workbuddy\.workbuddy\saint_george_classifier\data\raw\georges\009e2661284808d4373a71d2f461ac86.jpg,1,3
C:\Users\16610\Desktop\.workbuddy\.workbuddy\saint_george_classifier\data\raw\georges\00c267a9a5895b1b04a58228f37d3116.jpg,1,5
C:\Users\16610\Desktop\.workbuddy\.workbuddy\saint_george_classifier\data\raw\georges\00e5d366808afde912ec0d6f3905890e.jpg,1,6
C:\Users\16610\Desktop\.workbuddy\.workbuddy\saint_george_classifier\data\raw\georges\00f07d4b277a6de64488cb1137347db6.jpg,1,7
C:\Users\16610\Desktop\.workbuddy\.workbuddy\saint_george_classifier\data\raw\georges\01065ddfd068eb0e5358795714c6022f.jpg,1,8
C:\Users\16610\Desktop\.workbuddy\.workbuddy\saint_george_classifier\data\raw\georges\01516a9a358b7196b18236017750faf8.jpg,1,9
C:\Users\16610\Desktop\.workbuddy\.workbuddy\saint_george_classifier\data\raw\georges\0153dbf9d4484a990b1d183825679bc9.jpg,1,10
C:\Users\16610\Desktop\.workbuddy\.workbuddy\saint_george_classifier\data\raw\georges\0170c0b56f8e4726aba50cfd7bf22ec1.jpg,1,13
C:\Users\16610\Desktop\.workbuddy\.workbuddy\saint_george_classifier\data\raw\georges\0174ad90fad81e8632464a7403cada1f.jpg,1,14
C:\Users\16610\Desktop\.workbuddy\.workbuddy\saint_george_classifier\data\raw\georges\0196052669e65fb569a8415d8db526a0.jpg,1,16
C:\Users\16610\Desktop\.workbuddy\.workbuddy\saint_george_classifier\data\raw\georges\01a351d6d01d9a525a11e75e32942c68.jpg,1,17
C:\Users\16610\Desktop\.workbuddy\.workbuddy\saint_george_classifier\data\raw\georges\01cd39528965c78e119e6629adfa99f0.jpg,1,18
C:\Users\16610\Desktop\.workbuddy\.workbuddy\saint_george_classifier\data\raw\georges\01dcea291ddc7ce0fd04d17c9007198a.jpg,1,19
C:\Users\16610\Desktop\.workbuddy\.workbuddy\saint_george_classifier\data\raw\georges\01e4ea11aa55bb0e036912e8c84c478e.jpg,1,20
C:\Users\16610\Desktop\.workbuddy\.workbuddy\saint_george_classifier\data\raw\georges\01fa6f6ee89e05957cb30a23b17db813.jpg,1,22
C:\Users\16610\Desktop\.workbuddy\.workbuddy\saint_george_classifier\data\raw\georges\0205bc42e82109eff8654f5ed3786c58.jpg,1,23
C:\Users\16610\Desktop\.workbuddy\.workbuddy\saint_george_classifier\data\raw\georges\0222bf1407ce04265977a1b8b2d8e4b5.jpg,1,25
C:\Users\16610\Desktop\.workbuddy\.workbuddy\saint_george_classifier\data\raw\georges\02308c0d2b9d80b66eae5746eb8d4245.jpg,1,27
C:\Users\16610\Desktop\.workbuddy\.workbuddy\saint_george_classifier\data\raw\georges\026f5dca63cec37ea51284c24d495d53.jpg,1,28
C:\Users\16610\Desktop\.workbuddy\.workbuddy\saint_george_classifier\data\raw\georges\028b87d92a9be73f88397dbfd9223f80.jpg,1,30
C:\Users\16610\Desktop\.workbuddy\.workbuddy\saint_george_classifier\data\raw\georges\02a62272caeadb26d626f3eb55f8802d.jpg,1,31
C:\Users\16610\Desktop\.workbuddy\.workbuddy\saint_george_classifier\data\raw\georges\02afc588c84655b011c0ed8f3b83a42d.jpg,1,32
C:\Users\16610\Desktop\.workbuddy\.workbuddy\saint_george_classifier\data\raw\georges\02f3531a5e564701be71687cb1ac90a0.jpg,1,33
C:\Users\16610\Desktop\.workbuddy\.workbuddy\saint_george_classifier\data\raw\georges\031087b51ead0d1d6fb4b68242e4defd.jpg,1,34
C:\Users\16610\Desktop\.workbuddy\.workbuddy\saint_george_classifier\data\raw\georges\03305116c971789a45dbe6df0c3af115.jpg,1,35
C:\Users\16610\Desktop\.workbuddy\.workbuddy\saint_george_classifier\data\raw\georges\034cd526ed75ebfd032866f0ac8281b4.jpg,1,36
C:\Users\16610\Desktop\.workbuddy\.workbuddy\saint_george_classifier\data\raw\georges\03650b721a949764c0b081e70382fd3d.jpg,1,10
C:\Users\16610\Desktop\.workbuddy\.workbuddy\saint_george_classifier\data\raw\georges\036dcfaf0c6f9e504c46ee382f87f5be.jpg,1,37
C:\Users\16610\Desktop\.workbuddy\.workbuddy\saint_george_classifier\data\raw\georges\03704ea22436ad2b35d1869ca5e2b014.jpg,1,38
C:\Users\16610\Desktop\.workbuddy\.workbuddy\saint_george_classifier\data\raw\georges\039e62a9f6d90adeeb17f8a307218dc9.jpg,1,39
C:\Users\16610\Desktop\.workbuddy\.workbuddy\saint_george_classifier\data\raw\georges\03a3e96b15e8735b097156d7b138cd92.jpg,1,40
C:\Users\16610\Desktop\.workbuddy\.workbuddy\saint_george_classifier\data\raw\georges\03d3237f3f373bd76824dc3318ac6837.jpg,1,41
C:\Users\16610\Desktop\.workbuddy\.workbuddy\saint_george_classifier\data\raw\georges\045fee4943311234603fb1b63fd2aa3d.jpg,1,42
C:\Users\16610\Desktop\.workbuddy\.workbuddy\saint_george_classifier\data\raw\georges\046fa188233e39b0a100296e7f9294a7.jpg,1,43
C:\Users\16610\Desktop\.workbuddy\.workbuddy\saint_george_classifier\data\raw\georges\047e2211827ce9c0ad74cc9fbb0b1733.jpg,1,44
C:\Users\16610\Desktop\.workbuddy\.workbuddy\saint_george_classifier\data\raw\georges\047e7c0f309363036d6978f07bc7e355.jpg,1,45
C:\Users\16610\Desktop\.workbuddy\.workbuddy\saint_george_classifier\data\raw\georges\04871f7dc8fe3204e7e0047fa136f91a.jpg,1,46
C:\Users\16610\Desktop\.workbuddy\.workbuddy\saint_george_classifier\data\raw\georges\04a20ccbf6656ae011d85666f6aeef35.jpg,1,47
C:\Users\16610\Desktop\.workbuddy\.workbuddy\saint_george_classifier\data\raw\georges\04c97d9c8bf714504cff9f87c27f4003.jpg,1,48
C:\Users\16610\Desktop\.workbuddy\.workbuddy\saint_george_classifier\data\raw\georges\04debc343ce7b6ae0304392622156ceb.jpg,1,49
C:\Users\16610\Desktop\.workbuddy\.workbuddy\saint_george_classifier\data\raw\georges\0526f76a0cca08d5e978ef669ff183a4.jpg,1,51
C:\Users\16610\Desktop\.workbuddy\.workbuddy\saint_george_classifier\data\raw\georges\05459063c726d4c6bf153aca0373921c.jpg,1,52
C:\Users\16610\Desktop\.workbuddy\.workbuddy\saint_george_classifier\data\raw\georges\05a511adde52834e11c4431dbcd24d33.jpg,1,53
C:\Users\16610\Desktop\.workbuddy\.workbuddy\saint_george_classifier\data\raw\georges\061388adae665ed34ca3b60515bd7d39.jpg,1,55
C:\Users\16610\Desktop\.workbuddy\.workbuddy\saint_george_classifier\data\raw\georges\062d975263a0e18a2f32b43b0ae86611.jpg,1,56
C:\Users\16610\Desktop\.workbuddy\.workbuddy\saint_george_classifier\data\raw\georges\064a3299d5134fb3afd280989074a3ca.jpg,1,58
C:\Users\16610\Desktop\.workbuddy\.workbuddy\saint_george_classifier\data\raw\georges\0665e93f3ff432e63d1760de937a665b.jpg,1,60
C:\Users\16610\Desktop\.workbuddy\.workbuddy\saint_george_classifier\data\raw\georges\0684280d6a34ba18841cb4e52eea5464.jpg,1,61
C:\Users\16610\Desktop\.workbuddy\.workbuddy\saint_george_classifier\data\raw\georges\0686faa4139ffce5bde41ccfc563d8b5.jpg,1,62
C:\Users\16610\Desktop\.workbuddy\.workbuddy\saint_george_classifier\data\raw\georges\06a39f3fd78032bad6086ed27af89b23.jpg,1,19
C:\Users\16610\Desktop\.workbuddy\.workbuddy\saint_george_classifier\data\raw\georges\06d7eef6b03fe549f95181527e7193dc.jpg,1,65
C:\Users\16610\Desktop\.workbuddy\.workbuddy\saint_george_classifier\data\raw\georges\06db7e8ace6ac2884c934919296beff3.jpg,1,66
C:\Users\16610\Desktop\.workbuddy\.workbuddy\saint_george_classifier\data\raw\georges\06ee75ca224b37b7e67f05694b09c649.jpg,1,67
C:\Users\16610\Desktop\.workbuddy\.workbuddy\saint_george_classifier\data\raw\georges\0786b7630cb252714058e6646894fe86.jpg,1,69
C:\Users\16610\Desktop\.workbuddy\.workbuddy\saint_george_classifier\data\raw\georges\07d17a00fedf6bf922229067ad62b87a.jpg,1,71
C:\Users\16610\Desktop\.workbuddy\.workbuddy\saint_george_classifier\data\raw\georges\07fb4e357af94f9cf4fdae41689ee0ec.jpg,1,72
C:\Users\16610\Desktop\.workbuddy\.workbuddy\saint_george_classifier\data\raw\georges\0815eb51380932d64a6c8a550dd2ea47.jpg,1,73
C:\Users\16610\Desktop\.workbuddy\.workbuddy\saint_george_classifier\data\raw\georges\08437793e1a373e08f2e958befc6eef1.jpg,1,75
C:\Users\16610\Desktop\.workbuddy\.workbuddy\saint_george_classifier\data\raw\georges\08643d0d87a4e887a70c1ad233bcbd31.jpg,1,76
C:\Users\16610\Desktop\.workbuddy\.workbuddy\saint_george_classifier\data\raw\georges\08ab2277404a829b1eb4b5fff1141e32.jpg,1,77
C:\Users\16610\Desktop\.workbuddy\.workbuddy\saint_george_classifier\data\raw\georges\08ae502ff6337f3b5e0010631486d86a.jpg,1,78
C:\Users\16610\Desktop\.workbuddy\.workbuddy\saint_george_classifier\data\raw\georges\08cb3d24a63b4b82aa0cf2ecff3ad735.jpg,1,79
C:\Users\16610\Desktop\.workbuddy\.workbuddy\saint_george_classifier\data\raw\georges\09144392b4b3e646ad34d584f4b21eac.jpg,1,80
C:\Users\16610\Desktop\.workbuddy\.workbuddy\saint_george_classifier\data\raw\georges\0919f324b1ec2f8826efb6a141b08537.jpg,1,81
C:\Users\16610\Desktop\.workbuddy\.workbuddy\saint_george_classifier\data\raw\georges\096931d52246234d03680c105cf028e4.jpg,1,83
C:\Users\16610\Desktop\.workbuddy\.workbuddy\saint_george_classifier\data\raw\georges\09d1e6640e3fcf809c3c74530b4754d5.jpg,1,84
C:\Users\16610\Desktop\.workbuddy\.workbuddy\saint_george_classifier\data\raw\georges\09d356540d13e1a99e2321247ff464ac.jpg,1,85
C:\Users\16610\Desktop\.workbuddy\.workbuddy\saint_george_classifier\data\raw\georges\09db6026b9fd558deb5a75387b701eab.jpg,1,86
C:\Users\16610\Desktop\.workbuddy\.workbuddy\saint_george_classifier\data\raw\georges\09e6a7b5798ce470affe7e1db9712434.jpg,1,87
C:\Users\16610\Desktop\.workbuddy\.workbuddy\saint_george_classifier\data\raw\georges\0a4167c5b98eba6b844e0b396c02d282.jpg,1,88
C:\Users\16610\Desktop\.workbuddy\.workbuddy\saint_george_classifier\data\raw\georges\0a5f7b5996063605dd05887ef4d31855.jpg,1,89
C:\Users\16610\Desktop\.workbuddy\.workbuddy\saint_george_classifier\data\raw\georges\0a67ef257ce20427b5a55b94bcac2521.jpg,1,90
C:\Users\16610\Desktop\.workbuddy\.workbuddy\saint_george_classifier\data\raw\georges\0a6aab1c469700b3c7200182bd00ccd8.jpg,1,91
C:\Users\16610\Desktop\.workbuddy\.workbuddy\saint_george_classifier\data\raw\georges\0a716f6f14eea3adc30e0944a7123759.jpg,1,92
C:\Users\16610\Desktop\.workbuddy\.workbuddy\saint_george_classifier\data\raw\georges\0a745ea8358ea9a68299eb96cfd8a306.jpg,1,93
C:\Users\16610\Desktop\.workbuddy\.workbuddy\saint_george_classifier\data\raw\georges\0a74a65e38cf3682389f9780000e63b0.jpg,1,94
C:\Users\16610\Desktop\.workbuddy\.workbuddy\saint_george_classifier\data\raw\georges\0a8ed7889e34907885fd241d8174da37.jpg,1,95
C:\Users\16610\Desktop\.workbuddy\.workbuddy\saint_george_classifier\data\raw\georges\0aa58d235e3b7fb4c255efafaea67040.jpg,1,96
C:\Users\16610\Desktop\.workbuddy\.workbuddy\saint_george_classifier\data\raw\georges\0abf44fa21c3c33ce0e10434d00ef3f4.jpg,1,99
C:\Users\16610\Desktop\.workbuddy\.workbuddy\saint_george_classifier\data\raw\georges\0abfe4da1aa4f0260fef0f953bf193cd.jpg,1,100
C:\Users\16610\Desktop\.workbuddy\.workbuddy\saint_george_classifier\data\raw\georges\0ae6d5b5d8e6069cb52060b5fe9f7eba.jpg,1,101
C:\Users\16610\Desktop\.workbuddy\.workbuddy\saint_george_classifier\data\raw\georges\0afc9fdafebc82679d4e0eab96d97cc5.jpg,1,102
C:\Users\16610\Desktop\.workbuddy\.workbuddy\saint_george_classifier\data\raw\georges\0b05ebf8898e686eb10375dd4e602c4e.jpg,1,103
C:\Users\16610\Desktop\.workbuddy\.workbuddy\saint_george_classifier\data\raw\georges\0b10fa068bf7dc84556ac188c959deb7.jpg,1,104
C:\Users\16610\Desktop\.workbuddy\.workbuddy\saint_george_classifier\data\raw\georges\0b2aa546a567c28ba90103ef9551d30d.jpg,1,105
C:\Users\16610\Desktop\.workbuddy\.workbuddy\saint_george_classifier\data\raw\georges\0b7326d8d223a577ad5e8c2bbd9aae91.jpg,1,106
C:\Users\16610\Desktop\.workbuddy\.workbuddy\saint_george_classifier\data\raw\georges\0b962442fbce335ed79b04e5ab4f8120.jpg,1,107
C:\Users\16610\Desktop\.workbuddy\.workbuddy\saint_george_classifier\data\raw\georges\0bba1fc22d25dc84d5c595eeb3d5ca74.jpg,1,108
C:\Users\16610\Desktop\.workbuddy\.workbuddy\saint_george_classifier\data\raw\georges\0bed50305053e1ca4de00ab58935e88d.jpg,1,109
C:\Users\16610\Desktop\.workbuddy\.workbuddy\saint_george_classifier\data\raw\georges\0bf1c31299742eef3430bd0c835854e0.jpg,1,110
C:\Users\16610\Desktop\.workbuddy\.workbuddy\saint_george_classifier\data\raw\georges\0bf5f7cc470c702e7676ff1b2c08a20c.jpg,1,111
C:\Users\16610\Desktop\.workbuddy\.workbuddy\saint_george_classifier\data\raw\georges\0bf90149ef312576420a09fa2d694b62.jpg,1,112
C:\Users\16610\Desktop\.workbuddy\.workbuddy\saint_george_classifier\data\raw\georges\0c02688cbd4407493370e9f701a40c2d.jpg,1,113
C:\Users\16610\Desktop\.workbuddy\.workbuddy\saint_george_classifier\data\raw\georges\0c0d71e8d500bf247ae8f984a0a5e64a.jpg,1,114
C:\Users\16610\Desktop\.workbuddy\.workbuddy\saint_george_classifier\data\raw\georges\0c2897eb3066c0df7facaeb3a27599cd.jpg,1,2
C:\Users\16610\Desktop\.workbuddy\.workbuddy\saint_george_classifier\data\raw\georges\0c2d361d3dac1609b66a0ee1e5e0014c.jpg,1,115
C:\Users\16610\Desktop\.workbuddy\.workbuddy\saint_george_classifier\data\raw\georges\0c394615c32a9198ed792ef0f3aab0fa.jpg,1,116
C:\Users\16610\Desktop\.workbuddy\.workbuddy\saint_george_classifier\data\raw\georges\0c6b5881980cba088af0da50d1c09537.jpg,1,117
C:\Users\16610\Desktop\.workbuddy\.workbuddy\saint_george_classifier\data\raw\georges\0c910bc215a939b013b86ef8920d0943.jpg,1,118
C:\Users\16610\Desktop\.workbuddy\.workbuddy\saint_george_classifier\data\raw\georges\0c9cef7612d00c50a30c00c2b66e6667.jpg,1,119
C:\Users\16610\Desktop\.workbuddy\.workbuddy\saint_george_classifier\data\raw\georges\0cb68b4ae2a6d0bf1708bddbf3d087c8.jpg,1,120
C:\Users\16610\Desktop\.workbuddy\.workbuddy\saint_george_classifier\data\raw\georges\0cd172bef49acb6f4714cf2fb2ce628c.jpg,1,121
C:\Users\16610\Desktop\.workbuddy\.workbuddy\saint_george_classifier\data\raw\georges\0cd3afd1cd69e0a7e60ca9d6c2c62b01.jpg,1,122
C:\Users\16610\Desktop\.workbuddy\.workbuddy\saint_george_classifier\data\raw\georges\0ced09675792b49e8ac4ef6ee2a83761.jpg,1,123
C:\Users\16610\Desktop\.workbuddy\.workbuddy\saint_george_classifier\data\raw\georges\0d21b4da2e56ab4f437c2f7d7cbb6969.jpg,1,124
C:\Users\16610\Desktop\.workbuddy\.workbuddy\saint_george_classifier\data\raw\georges\0d3567ce760f073c3f40aa7398716d53.jpg,1,125
C:\Users\16610\Desktop\.workbuddy\.workbuddy\saint_george_classifier\data\raw\georges\0d52dc9f1c11c9c8c101ce3399cee8b5.jpg,1,126
C:\Users\16610\Desktop\.workbuddy\.workbuddy\saint_george_classifier\data\raw\georges\0d5b2d227e280330386f4a8a930ea484.jpg,1,127
C:\Users\16610\Desktop\.workbuddy\.workbuddy\saint_george_classifier\data\raw\georges\0d687e6cd4cbc727c64949a30ce8d4f4.jpg,1,128
C:\Users\16610\Desktop\.workbuddy\.workbuddy\saint_george_classifier\data\raw\georges\0dec13fe9ecc689ef5e818f167d9f92d.jpg,1,129
C:\Users\16610\Desktop\.workbuddy\.workbuddy\saint_george_classifier\data\raw\georges\0df37863472a1c575f8b7ca18b459f31.jpg,1,130
C:\Users\16610\Desktop\.workbuddy\.workbuddy\saint_george_classifier\data\raw\georges\0e3f6c1f557161fb4b5f21fdd1572750.jpg,1,131
C:\Users\16610\Desktop\.workbuddy\.workbuddy\saint_george_classifier\data\raw\georges\0e53c2a76ed569ecdd2ee15103795025.jpg,1,133
C:\Users\16610\Desktop\.workbuddy\.workbuddy\saint_george_classifier\data\raw\georges\0e65fbc664c5266b692f47ace265f1d4.jpg,1,134
C:\Users\16610\Desktop\.workbuddy\.workbuddy\saint_george_classifier\data\raw\georges\0e9d9a8af5e298ce807351887770d445.jpg,1,135
C:\Users\16610\Desktop\.workbuddy\.workbuddy\saint_george_classifier\data\raw\georges\0f7817e267f4e8afb8b08d09ea57c6fc.jpg,1,139
C:\Users\16610\Desktop\.workbuddy\.workbuddy\saint_george_classifier\data\raw\georges\0f7fca39778a61ed50b765572d4f5ad0.jpg,1,140
C:\Users\16610\Desktop\.workbuddy\.workbuddy\saint_george_classifier\data\raw\georges\0f835c356e5c8c8c9b715652e175ae19.jpg,1,141
C:\Users\16610\Desktop\.workbuddy\.workbuddy\saint_george_classifier\data\raw\georges\0f87aefd6463737ced9c8ffb67503f0e.jpg,1,142
C:\Users\16610\Desktop\.workbuddy\.workbuddy\saint_george_classifier\data\raw\georges\0fad930ef5d42012c021f275114d987e.jpg,1,143
C:\Users\16610\Desktop\.workbuddy\.workbuddy\saint_george_classifier\data\raw\georges\0fd3d0123749b109db3a7fd94ea21924.jpg,1,144
C:\Users\16610\Desktop\.workbuddy\.workbuddy\saint_george_classifier\data\raw\georges\0fd6d000607010984da30d79c7c1bb37.jpg,1,80
C:\Users\16610\Desktop\.workbuddy\.workbuddy\saint_george_classifier\data\raw\georges\0ff210089249d13d2da6eaa6fb19e5bf.jpg,1,145
C:\Users\16610\Desktop\.workbuddy\.workbuddy\saint_george_classifier\data\raw\georges\101129e20486ac500963a7dae53cce1e.jpg,1,19
C:\Users\16610\Desktop\.workbuddy\.workbuddy\saint_george_classifier\data\raw\georges\1033455b9137750e0bafeffb4bb13494.jpg,1,56
C:\Users\16610\Desktop\.workbuddy\.workbuddy\saint_george_classifier\data\raw\georges\1067ae265a9e5b81655feee0de1daf68.jpg,1,148
C:\Users\16610\Desktop\.workbuddy\.workbuddy\saint_george_classifier\data\raw\georges\108556be0efb91fdbde1b505d17c1234.jpg,1,149
C:\Users\16610\Desktop\.workbuddy\.workbuddy\saint_george_classifier\data\raw\georges\10cb525746340a6f2e1fef13baa567b4.jpg,1,151
C:\Users\16610\Desktop\.workbuddy\.workbuddy\saint_george_classifier\data\raw\georges\114353d746301c33fdecf7c5d0357655.jpg,1,153
C:\Users\16610\Desktop\.workbuddy\.workbuddy\saint_george_classifier\data\raw\georges\115d23793a703786d35dfc87275a5caa.jpg,1,154
C:\Users\16610\Desktop\.workbuddy\.workbuddy\saint_george_classifier\data\raw\georges\115e59f3f507196bd4acb29f18872080.jpg,1,155
C:\Users\16610\Desktop\.workbuddy\.workbuddy\saint_george_classifier\data\raw\georges\1167ba767a35aad957657e84cde4ae6b.jpg,1,156
C:\Users\16610\Desktop\.workbuddy\.workbuddy\saint_george_classifier\data\raw\georges\116ea1f9969b2b3a0c75ad2474f7d305.jpg,1,157
C:\Users\16610\Desktop\.workbuddy\.workbuddy\saint_george_classifier\data\raw\georges\11850998e6227851cb0dc8c4f6576e60.jpg,1,158
C:\Users\16610\Desktop\.workbuddy\.workbuddy\saint_george_classifier\data\raw\georges\119f75a622bd9df03017a59fbf9ffa6e.jpg,1,159
C:\Users\16610\Desktop\.workbuddy\.workbuddy\saint_george_classifier\data\raw\georges\11a115f3ca9319f6345e613d95056e84.jpg,1,160
C:\Users\16610\Desktop\.workbuddy\.workbuddy\saint_george_classifier\data\raw\georges\11e725bf8a8945b8dfdf965b880cc956.jpg,1,164
C:\Users\16610\Desktop\.workbuddy\.workbuddy\saint_george_classifier\data\raw\georges\11f04f88ba55c3dc7dba85e477491fe6.jpg,1,165
C:\Users\16610\Desktop\.workbuddy\.workbuddy\saint_george_classifier\data\raw\georges\11fd1b43a4fc57062630b9ce3ccc25f0.jpg,1,166
C:\Users\16610\Desktop\.workbuddy\.workbuddy\saint_george_classifier\data\raw\georges\12099ee981430f91b1f40f8ab13f416b.jpg,1,168
C:\Users\16610\Desktop\.workbuddy\.workbuddy\saint_george_classifier\data\raw\georges\126cdb0529c3f528dd9b1d0c6c921f91.jpg,1,170
C:\Users\16610\Desktop\.workbuddy\.workbuddy\saint_george_classifier\data\raw\georges\1271775552990a97e9cd0f80da984430.jpg,1,171
C:\Users\16610\Desktop\.workbuddy\.workbuddy\saint_george_classifier\data\raw\georges\129ea6a0c0b9eee4dd3b81d5716629ac.jpg,1,172
C:\Users\16610\Desktop\.workbuddy\.workbuddy\saint_george_classifier\data\raw\georges\12ba343ef10e1c8ed70a561b257c655e.jpg,1,173
C:\Users\16610\Desktop\.workbuddy\.workbuddy\saint_george_classifier\data\raw\georges\12c8256524cb8e6c9a4e2e22180b561e.jpg,1,174
C:\Users\16610\Desktop\.workbuddy\.workbuddy\saint_george_classifier\data\raw\georges\12cd86fc3f56ddcdf3008915d1c8fc4e.jpg,1,175
C:\Users\16610\Desktop\.workbuddy\.workbuddy\saint_george_classifier\data\raw\georges\12fd2bbe23a25bc50d38346091f40c1f.jpg,1,176
C:\Users\16610\Desktop\.workbuddy\.workbuddy\saint_george_classifier\data\raw\georges\12fdeb049b087d9bfb20a94c9803aa37.jpg,1,177
C:\Users\16610\Desktop\.workbuddy\.workbuddy\saint_george_classifier\data\raw\georges\1311b60573cdb5e50588d1453385852e.jpg,1,178
C:\Users\16610\Desktop\.workbuddy\.workbuddy\saint_george_classifier\data\raw\georges\1313cfb290948a5cbc17316e4d9fada4.jpg,1,179
C:\Users\16610\Desktop\.workbuddy\.workbuddy\saint_george_classifier\data\raw\georges\135afa096989d6b4f124b30fcfe796f9.jpg,1,181
C:\Users\16610\Desktop\.workbuddy\.workbuddy\saint_george_classifier\data\raw\georges\1374180e66682d04917a1b817e0bad4c.jpg,1,182
C:\Users\16610\Desktop\.workbuddy\.workbuddy\saint_george_classifier\data\raw\georges\13779f55edffa4a341a7b709c442c349.jpg,1,183
C:\Users\16610\Desktop\.workbuddy\.workbuddy\saint_george_classifier\data\raw\georges\13cf2827ce69760881ba10f336637848.jpg,1,184
C:\Users\16610\Desktop\.workbuddy\.workbuddy\saint_george_classifier\data\raw\georges\1450a41741a5316a7581cbb059fe3e0c.jpg,1,189
C:\Users\16610\Desktop\.workbuddy\.workbuddy\saint_george_classifier\data\raw\georges\1478c8bae670692666801a611183632f.jpg,1,190
C:\Users\16610\Desktop\.workbuddy\.workbuddy\saint_george_classifier\data\raw\georges\14a141742fee061cd1550871cbb3deac.jpg,1,192
C:\Users\16610\Desktop\.workbuddy\.workbuddy\saint_george_classifier\data\raw\georges\14a2ff7a2027ae01828b380d55bce6a0.jpg,1,193
C:\Users\16610\Desktop\.workbuddy\.workbuddy\saint_george_classifier\data\raw\georges\14bd1a3a15583116acde05d4bff77755.jpg,1,194
C:\Users\16610\Desktop\.workbuddy\.workbuddy\saint_george_classifier\data\raw\georges\14c60caa1c42dfdcfd55138f8adc046c.jpg,1,195
C:\Users\16610\Desktop\.workbuddy\.workbuddy\saint_george_classifier\data\raw\georges\14cd8712d53c4953074cbd4cdeb9eb8c.jpg,1,6
C:\Users\16610\Desktop\.workbuddy\.workbuddy\saint_george_classifier\data\raw\georges\14df7aa9e14c13b3a3b61b6f39cb6b22.jpg,1,197
C:\Users\16610\Desktop\.workbuddy\.workbuddy\saint_george_classifier\data\raw\georges\14f345f4b10d7dc50f78a4950808d3e2.jpg,1,198
C:\Users\16610\Desktop\.workbuddy\.workbuddy\saint_george_classifier\data\raw\georges\14f954bf74958f0467be94c865ac7bb2.jpg,1,199
C:\Users\16610\Desktop\.workbuddy\.workbuddy\saint_george_classifier\data\raw\georges\153311a3697f0602feb46968e5323488.jpg,1,201
C:\Users\16610\Desktop\.workbuddy\.workbuddy\saint_george_classifier\data\raw\georges\1561d69296b93e547decb28bef2e0671.jpg,1,202
C:\Users\16610\Desktop\.workbuddy\.workbuddy\saint_george_classifier\data\raw\georges\15bb7abe327d4798d2a58f62427ee111.jpg,1,204
C:\Users\16610\Desktop\.workbuddy\.workbuddy\saint_george_classifier\data\raw\georges\16143b214d739fa0ebbcd856b1e9aa25.jpg,1,205
C:\Users\16610\Desktop\.workbuddy\.workbuddy\saint_george_classifier\data\raw\georges\1627e4417a04522da5fe84f6012dcfdb.jpg,1,206
C:\Users\16610\Desktop\.workbuddy\.workbuddy\saint_george_classifier\data\raw\georges\1644d31424e9a8869a6913b92ecb36fa.jpg,1,207
C:\Users\16610\Desktop\.workbuddy\.workbuddy\saint_george_classifier\data\raw\georges\16454b0d8fdea579f468be37ee14658d.jpg,1,208
C:\Users\16610\Desktop\.workbuddy\.workbuddy\saint_george_classifier\data\raw\georges\1668125ffc304f94344a492d7e8d9152.jpg,1,209
C:\Users\16610\Desktop\.workbuddy\.workbuddy\saint_george_classifier\data\raw\georges\169d13c4271d2644e4b0a33bc9d662a5.jpg,1,210
C:\Users\16610\Desktop\.workbuddy\.workbuddy\saint_george_classifier\data\raw\georges\16b6aff026b533b1fe59ebd6acd1948a.jpg,1,211
C:\Users\16610\Desktop\.workbuddy\.workbuddy\saint_george_classifier\data\raw\georges\16ed560db6451dd316ef40a9dc44f65b.jpg,1,213
C:\Users\16610\Desktop\.workbuddy\.workbuddy\saint_george_classifier\data\raw\georges\170d5b93d80d247be60f22ca1216bef7.jpg,1,215
C:\Users\16610\Desktop\.workbuddy\.workbuddy\saint_george_classifier\data\raw\georges\1716cf54db47866f697ddf83adea0fdd.jpg,1,216
C:\Users\16610\Desktop\.workbuddy\.workbuddy\saint_george_classifier\data\raw\georges\1722d6593e82d11a436b3b388292b4a5.jpg,1,217
C:\Users\16610\Desktop\.workbuddy\.workbuddy\saint_george_classifier\data\raw\georges\17389ea81544f2fa4f7b99a0ec3e1454.jpg,1,218
C:\Users\16610\Desktop\.workbuddy\.workbuddy\saint_george_classifier\data\raw\georges\1749a42ccee761cc6f6be513c82068bb.jpg,1,219
C:\Users\16610\Desktop\.workbuddy\.workbuddy\saint_george_classifier\data\raw\georges\178e1b18160a7442f1afff01fc70f3c0.jpg,1,221
C:\Users\16610\Desktop\.workbuddy\.workbuddy\saint_george_classifier\data\raw\georges\17b66985cae37b6a28c518f9ecb586c5.jpg,1,224
C:\Users\16610\Desktop\.workbuddy\.workbuddy\saint_george_classifier\data\raw\georges\1859d93d410de529e9e8a303a05b7f25.jpg,1,227
C:\Users\16610\Desktop\.workbuddy\.workbuddy\saint_george_classifier\data\raw\georges\18773e5d560b70a3c2896e93fe55e938.jpg,1,228
C:\Users\16610\Desktop\.workbuddy\.workbuddy\saint_george_classifier\data\raw\georges\188ce0f4c3bc83fae468f41c121fd064.jpg,1,230
C:\Users\16610\Desktop\.workbuddy\.workbuddy\saint_george_classifier\data\raw\georges\189c1dc11826fc709d0b0fc2d0c6085b.jpg,1,205
C:\Users\16610\Desktop\.workbuddy\.workbuddy\saint_george_classifier\data\raw\georges\18f3be41e86c43739bd6ad5069c144c2.jpg,1,232
C:\Users\16610\Desktop\.workbuddy\.workbuddy\saint_george_classifier\data\raw\georges\19400f86de469bee98cb9bf50d9856b1.jpg,1,22
C:\Users\16610\Desktop\.workbuddy\.workbuddy\saint_george_classifier\data\raw\georges\19413676114d5236e9ab7d32b88f9b60.jpg,1,236
C:\Users\16610\Desktop\.workbuddy\.workbuddy\saint_george_classifier\data\raw\georges\1947c81ebb7a424d844cbb283e630361.jpg,1,237
C:\Users\16610\Desktop\.workbuddy\.workbuddy\saint_george_classifier\data\raw\georges\194918f9b5acb1227a989569b572c36e.jpg,1,238
C:\Users\16610\Desktop\.workbuddy\.workbuddy\saint_george_classifier\data\raw\georges\1979a536ba4e42db79806c500d335ecf.jpg,1,240
C:\Users\16610\Desktop\.workbuddy\.workbuddy\saint_george_classifier\data\raw\georges\197e6e5b01c2b584794013973f1a2c3b.jpg,1,241
C:\Users\16610\Desktop\.workbuddy\.workbuddy\saint_george_classifier\data\raw\georges\19849d2afb5e77bf64a6e1ca8e540e5f.jpg,1,242
C:\Users\16610\Desktop\.workbuddy\.workbuddy\saint_george_classifier\data\raw\georges\199b01052c90e4f3719b2338ce7d13db.jpg,1,243
C:\Users\16610\Desktop\.workbuddy\.workbuddy\saint_george_classifier\data\raw\georges\19a2257b888fbe5ac3d398979df483e9.jpg,1,244
C:\Users\16610\Desktop\.workbuddy\.workbuddy\saint_george_classifier\data\raw\georges\19e473a4f8d01bea1cda124ce62f8394.jpg,1,245
C:\Users\16610\Desktop\.workbuddy\.workbuddy\saint_george_classifier\data\raw\georges\1a1c42f0f459571c30d5f238d49cbff8.jpg,1,246
C:\Users\16610\Desktop\.workbuddy\.workbuddy\saint_george_classifier\data\raw\georges\1a5962b4bc52f85399bebfaae21b725f.jpg,1,247
C:\Users\16610\Desktop\.workbuddy\.workbuddy\saint_george_classifier\data\raw\georges\1a7694418eba6bba4451b497d80e18f9.jpg,1,248
C:\Users\16610\Desktop\.workbuddy\.workbuddy\saint_george_classifier\data\raw\georges\1af70288cc334671877ce8db870f2c7a.jpg,1,250
C:\Users\16610\Desktop\.workbuddy\.workbuddy\saint_george_classifier\data\raw\georges\1b6a83d08281587249862bdf14bbab34.jpg,1,252
C:\Users\16610\Desktop\.workbuddy\.workbuddy\saint_george_classifier\data\raw\georges\1b9bd09b7ae7edc815d9c0b864789d57.jpg,1,254
C:\Users\16610\Desktop\.workbuddy\.workbuddy\saint_george_classifier\data\raw\georges\1c035395f8d2c6d3d926af4c62d101ff.jpg,1,10
C:\Users\16610\Desktop\.workbuddy\.workbuddy\saint_george_classifier\data\raw\georges\1c3c945442a0cea3c89e01815bb8ffcc.jpg,1,256
C:\Users\16610\Desktop\.workbuddy\.workbuddy\saint_george_classifier\data\raw\georges\1c71c371c152a3660cca6577372ebabc.jpg,1,258
C:\Users\16610\Desktop\.workbuddy\.workbuddy\saint_george_classifier\data\raw\georges\1c9e980cae143819754119f66c6f491c.jpg,1,259
C:\Users\16610\Desktop\.workbuddy\.workbuddy\saint_george_classifier\data\raw\georges\1cb5eea675e1c9d07029e81991477059.jpg,1,260
C:\Users\16610\Desktop\.workbuddy\.workbuddy\saint_george_classifier\data\raw\georges\1cc562c12a8ebeded1d91896e86a5dba.jpg,1,261
C:\Users\16610\Desktop\.workbuddy\.workbuddy\saint_george_classifier\data\raw\georges\1cde38876765dea79980b4ac24f69b94.jpg,1,262
C:\Users\16610\Desktop\.workbuddy\.workbuddy\saint_george_classifier\data\raw\georges\1ce616e3c6611aea342bd409fd25f507.jpg,1,263
C:\Users\16610\Desktop\.workbuddy\.workbuddy\saint_george_classifier\data\raw\georges\1d0372ba482e4f27d25251b205490954.jpg,1,264
C:\Users\16610\Desktop\.workbuddy\.workbuddy\saint_george_classifier\data\raw\georges\1d28e9abc6f6e3d733abe8aacf221906.jpg,1,265
C:\Users\16610\Desktop\.workbuddy\.workbuddy\saint_george_classifier\data\raw\georges\1d2d4f20af7471da0c4d0188b9d7fa89.jpg,1,266
C:\Users\16610\Desktop\.workbuddy\.workbuddy\saint_george_classifier\data\raw\georges\1d31b1cac62b182cf69a4ced54a5e992.jpg,1,267
C:\Users\16610\Desktop\.workbuddy\.workbuddy\saint_george_classifier\data\raw\georges\1d6ecf533a3014c628d22ae05f1dc474.jpg,1,268
C:\Users\16610\Desktop\.workbuddy\.workbuddy\saint_george_classifier\data\raw\georges\1da22e164145d26560b6fed9fbba47a8.jpg,1,269
C:\Users\16610\Desktop\.workbuddy\.workbuddy\saint_george_classifier\data\raw\georges\1db1db6b0f9c564a4de02cd5ff0b5915.jpg,1,270
C:\Users\16610\Desktop\.workbuddy\.workbuddy\saint_george_classifier\data\raw\georges\1de21aa4078b6979fb4278cb01197c73.jpg,1,263
C:\Users\16610\Desktop\.workbuddy\.workbuddy\saint_george_classifier\data\raw\georges\1dfd3f0e3028eda030145937a31bf88a.jpg,1,271
C:\Users\16610\Desktop\.workbuddy\.workbuddy\saint_george_classifier\data\raw\georges\1e2bd02cf216625a664f388cbbe71fa1.jpg,1,272
C:\Users\16610\Desktop\.workbuddy\.workbuddy\saint_george_classifier\data\raw\georges\1e4d8d57c4a4cdcc595babda200cd3cf.jpg,1,273
C:\Users\16610\Desktop\.workbuddy\.workbuddy\saint_george_classifier\data\raw\georges\1e680310a052239e1597fb054b57d8ad.jpg,1,274
C:\Users\16610\Desktop\.workbuddy\.workbuddy\saint_george_classifier\data\raw\georges\1e6cd0fdee566b9aa84735cf43b1ccaf.jpg,1,275
C:\Users\16610\Desktop\.workbuddy\.workbuddy\saint_george_classifier\data\raw\georges\1e70934b29273e21134c1f046955b7e3.jpg,1,276
C:\Users\16610\Desktop\.workbuddy\.workbuddy\saint_george_classifier\data\raw\georges\1e8e5f6f74fe9659195dec9b6cb91b85.jpg,1,277
C:\Users\16610\Desktop\.workbuddy\.workbuddy\saint_george_classifier\data\raw\georges\1e9aebaa79b152736a52b2075de2b2f8.jpg,1,278
C:\Users\16610\Desktop\.workbuddy\.workbuddy\saint_george_classifier\data\raw\georges\1e9e132ee522cab05fa52ae80cfb5e0b.jpg,1,279
C:\Users\16610\Desktop\.workbuddy\.workbuddy\saint_george_classifier\data\raw\georges\1ea0e04c6c72b67dd614357758fdb5dd.jpg,1,280
C:\Users\16610\Desktop\.workbuddy\.workbuddy\saint_george_classifier\data\raw\georges\1ea7511bd83b7ba03ee7a86a9ac41ad1.jpg,1,281
C:\Users\16610\Desktop\.workbuddy\.workbuddy\saint_george_classifier\data\raw\georges\1ec17d6974e54045bdc75547697bf028.jpg,1,282
C:\Users\16610\Desktop\.workbuddy\.workbuddy\saint_george_classifier\data\raw\georges\1eda0359dda4d57621e9760ea89b896f.jpg,1,283
C:\Users\16610\Desktop\.workbuddy\.workbuddy\saint_george_classifier\data\raw\georges\1eed0b04eb01b477cd99ef621cce9ca4.jpg,1,111
C:\Users\16610\Desktop\.workbuddy\.workbuddy\saint_george_classifier\data\raw\georges\1f0235d2ddabc113457b1c10e5e0ed11.jpg,1,284
C:\Users\16610\Desktop\.workbuddy\.workbuddy\saint_george_classifier\data\raw\georges\1f122b69b4050e545c06a952440ae531.jpg,1,285
C:\Users\16610\Desktop\.workbuddy\.workbuddy\saint_george_classifier\data\raw\georges\1f22db87f2fa9ba932836d7969d97726.jpg,1,286
C:\Users\16610\Desktop\.workbuddy\.workbuddy\saint_george_classifier\data\raw\georges\1f78117ab718ccf6802386e8f61319ae.jpg,1,288
C:\Users\16610\Desktop\.workbuddy\.workbuddy\saint_george_classifier\data\raw\georges\1fb16cac177d54ff8de6696e4eb85d35.jpg,1,19
C:\Users\16610\Desktop\.workbuddy\.workbuddy\saint_george_classifier\data\raw\georges\1fbb80394db930c2af1ff81d23426688.jpg,1,289
C:\Users\16610\Desktop\.workbuddy\.workbuddy\saint_george_classifier\data\raw\georges\1fe83dcbafe66b112883bf7d47d677c5.jpg,1,291
C:\Users\16610\Desktop\.workbuddy\.workbuddy\saint_george_classifier\data\raw\georges\1ffcaf88f388eafc08e3ac4a72731ac2.jpg,1,292
C:\Users\16610\Desktop\.workbuddy\.workbuddy\saint_george_classifier\data\raw\georges\2020888024433dbf466df7390a572f8e.jpg,1,3
C:\Users\16610\Desktop\.workbuddy\.workbuddy\saint_george_classifier\data\raw\georges\20297df9c3e7f4e8f9aaf8676f91f264.jpg,1,295
C:\Users\16610\Desktop\.workbuddy\.workbuddy\saint_george_classifier\data\raw\georges\20686a49e0fb6735c7fdf2ded81fa272.jpg,1,297
C:\Users\16610\Desktop\.workbuddy\.workbuddy\saint_george_classifier\data\raw\georges\2068f8fff3aaa335675f0c97675c380a.jpg,1,298
C:\Users\16610\Desktop\.workbuddy\.workbuddy\saint_george_classifier\data\raw\georges\206ab8a3f8f6a893ac2eb73f7ac5d90c.jpg,1,19
C:\Users\16610\Desktop\.workbuddy\.workbuddy\saint_george_classifier\data\raw\georges\20c79189b9e7a4bb5ca4c49b307b397f.jpg,1,299
C:\Users\16610\Desktop\.workbuddy\.workbuddy\saint_george_classifier\data\raw\georges\20c945e20ec0871bc5d22b1de99a269c.jpg,1,300
C:\Users\16610\Desktop\.workbuddy\.workbuddy\saint_george_classifier\data\raw\georges\20db202e37dcabdf3f7ff572f0482c86.jpg,1,303
C:\Users\16610\Desktop\.workbuddy\.workbuddy\saint_george_classifier\data\raw\georges\20f7ef69e39c6e68706fb367b4052672.jpg,1,111
C:\Users\16610\Desktop\.workbuddy\.workbuddy\saint_george_classifier\data\raw\georges\20fa29c4bc8805238f3bd2803f934544.jpg,1,304
C:\Users\16610\Desktop\.workbuddy\.workbuddy\saint_george_classifier\data\raw\georges\2102ed1998ab3982a295b0d4b715649b.jpg,1,305
C:\Users\16610\Desktop\.workbuddy\.workbuddy\saint_george_classifier\data\raw\georges\212ba4a8a164d156bb869c29cf677c06.jpg,1,306
C:\Users\16610\Desktop\.workbuddy\.workbuddy\saint_george_classifier\data\raw\georges\2137d68d506fb50e6010ad1dc58dea77.jpg,1,80
C:\Users\16610\Desktop\.workbuddy\.workbuddy\saint_george_classifier\data\raw\georges\2159691f0db4c31e19be8de90544815c.jpg,1,308
C:\Users\16610\Desktop\.workbuddy\.workbuddy\saint_george_classifier\data\raw\georges\2164580c9d08d8977eca226671e74edb.jpg,1,309
C:\Users\16610\Desktop\.workbuddy\.workbuddy\saint_george_classifier\data\raw\georges\21b551deda666e47ed9348752e9bbf9e.jpg,1,310
C:\Users\16610\Desktop\.workbuddy\.workbuddy\saint_george_classifier\data\raw\georges\21e6c98c4359b8fea39336afae1f1be3.jpg,1,80
C:\Users\16610\Desktop\.workbuddy\.workbuddy\saint_george_classifier\data\raw\georges\22008faa3179f6f8a756ec186142e420.jpg,1,311
C:\Users\16610\Desktop\.workbuddy\.workbuddy\saint_george_classifier\data\raw\georges\2210b1ef66c5a49a9735ad51d1e6bbc2.jpg,1,312
C:\Users\16610\Desktop\.workbuddy\.workbuddy\saint_george_classifier\data\raw\georges\224b9b1e03be8337523e7966c7d2a7e1.jpg,1,313
C:\Users\16610\Desktop\.workbuddy\.workbuddy\saint_george_classifier\data\raw\georges\225096b67f9fe33d2f0284499ebec400.jpg,1,314
C:\Users\16610\Desktop\.workbuddy\.workbuddy\saint_george_classifier\data\raw\georges\2261c6bebd150521a1ab903d50fe42a5.jpg,1,316
C:\Users\16610\Desktop\.workbuddy\.workbuddy\saint_george_classifier\data\raw\georges\228f3ab74738a0b0aabe09be7809de26.jpg,1,317
C:\Users\16610\Desktop\.workbuddy\.workbuddy\saint_george_classifier\data\raw\georges\229cdd6b815da36b73fdd04377e66554.jpg,1,318
C:\Users\16610\Desktop\.workbuddy\.workbuddy\saint_george_classifier\data\raw\georges\229d5966408e9b698506622dd98ecc75.jpg,1,319
C:\Users\16610\Desktop\.workbuddy\.workbuddy\saint_george_classifier\data\raw\georges\22ad587c33462de3d05a8c1e1ed84e55.jpg,1,320
C:\Users\16610\Desktop\.workbuddy\.workbuddy\saint_george_classifier\data\raw\georges\22bcda9e778e86b8cbe1055094b69edc.jpg,1,321
C:\Users\16610\Desktop\.workbuddy\.workbuddy\saint_george_classifier\data\raw\georges\22c1bf64e0f04f96d75eebe250881b46.jpg,1,322
C:\Users\16610\Desktop\.workbuddy\.workbuddy\saint_george_classifier\data\raw\georges\22c5b45267c808d263f07e6569724a66.jpg,1,323
C:\Users\16610\Desktop\.workbuddy\.workbuddy\saint_george_classifier\data\raw\georges\22f6c813bac8f42ce7873324ff34727b.jpg,1,324
C:\Users\16610\Desktop\.workbuddy\.workbuddy\saint_george_classifier\data\raw\georges\231d700e35f0dc5102be777d9da73774.jpg,1,120
C:\Users\16610\Desktop\.workbuddy\.workbuddy\saint_george_classifier\data\raw\georges\2320fa7e081f816f959a0951095e952c.jpg,1,326
C:\Users\16610\Desktop\.workbuddy\.workbuddy\saint_george_classifier\data\raw\georges\234aea46762565c46c7e52f9497f9884.jpg,1,327
C:\Users\16610\Desktop\.workbuddy\.workbuddy\saint_george_classifier\data\raw\georges\2350a3c6fde0a8abd0d3e54446815add.jpg,1,328
C:\Users\16610\Desktop\.workbuddy\.workbuddy\saint_george_classifier\data\raw\georges\235e56c5a60fe876e062aec049c1e2b0.jpg,1,329
C:\Users\16610\Desktop\.workbuddy\.workbuddy\saint_george_classifier\data\raw\georges\237df2bbb3014451ee7514807a4b8cdb.jpg,1,330
C:\Users\16610\Desktop\.workbuddy\.workbuddy\saint_george_classifier\data\raw\georges\23b76ffa544243da3882c1edf8f5fc6e.jpg,1,219
C:\Users\16610\Desktop\.workbuddy\.workbuddy\saint_george_classifier\data\raw\georges\23d79a09c8564e2346f850e57d47b300.jpg,1,331
C:\Users\16610\Desktop\.workbuddy\.workbuddy\saint_george_classifier\data\raw\georges\241c3e682075a2b13292098b372a02f6.jpg,1,19
C:\Users\16610\Desktop\.workbuddy\.workbuddy\saint_george_classifier\data\raw\georges\2426a367ff3a485de6bdfd9eeb2ca8e0.jpg,1,333
C:\Users\16610\Desktop\.workbuddy\.workbuddy\saint_george_classifier\data\raw\georges\242f1d36588bbab4e557fb12d0ac5ea1.jpg,1,25
C:\Users\16610\Desktop\.workbuddy\.workbuddy\saint_george_classifier\data\raw\georges\244e028e7dd70a62d4c3c9b722dc1029.jpg,1,334
C:\Users\16610\Desktop\.workbuddy\.workbuddy\saint_george_classifier\data\raw\georges\246a5cab056b8ef918a9bd61a5001ca8.jpg,1,263
C:\Users\16610\Desktop\.workbuddy\.workbuddy\saint_george_classifier\data\raw\georges\2475f679617674a8891547c89b77d261.jpg,1,335
C:\Users\16610\Desktop\.workbuddy\.workbuddy\saint_george_classifier\data\raw\georges\24895cfdf89b1ba69cd9c58d896104eb.jpg,1,19
C:\Users\16610\Desktop\.workbuddy\.workbuddy\saint_george_classifier\data\raw\georges\24fc4246ea824fa1e7a1850f018badfd.jpg,1,336
C:\Users\16610\Desktop\.workbuddy\.workbuddy\saint_george_classifier\data\raw\georges\24ff35f5c960bc12c21492a66552c6b7.jpg,1,337
C:\Users\16610\Desktop\.workbuddy\.workbuddy\saint_george_classifier\data\raw\georges\250ea3a23469f912724d6778ed621e06.jpg,1,339
C:\Users\16610\Desktop\.workbuddy\.workbuddy\saint_george_classifier\data\raw\georges\252ea0029feecf1b7b2297418d0c03c8.jpg,1,341
C:\Users\16610\Desktop\.workbuddy\.workbuddy\saint_george_classifier\data\raw\georges\253188ca954aa7432de31abea0a2b174.jpg,1,342
C:\Users\16610\Desktop\.workbuddy\.workbuddy\saint_george_classifier\data\raw\georges\25a368d9252297683dca14915ad53764.jpg,1,343
C:\Users\16610\Desktop\.workbuddy\.workbuddy\saint_george_classifier\data\raw\georges\25a394c1915d7fb404b9657ad8dad280.jpg,1,344
C:\Users\16610\Desktop\.workbuddy\.workbuddy\saint_george_classifier\data\raw\georges\25f989b67cf4718e3c0145ded599e52f.jpg,1,345
C:\Users\16610\Desktop\.workbuddy\.workbuddy\saint_george_classifier\data\raw\georges\264b6206821621ea4eb492e75516112d.jpg,1,347
C:\Users\16610\Desktop\.workbuddy\.workbuddy\saint_george_classifier\data\raw\georges\265e71b3f5754cc4bddfecc347caed14.jpg,1,348
C:\Users\16610\Desktop\.workbuddy\.workbuddy\saint_george_classifier\data\raw\georges\2669f686238fbc2fbc4806df314c2571.jpg,1,349
C:\Users\16610\Desktop\.workbuddy\.workbuddy\saint_george_classifier\data\raw\georges\2697f6241a6e43579452c8141eb503c0.jpg,1,350
C:\Users\16610\Desktop\.workbuddy\.workbuddy\saint_george_classifier\data\raw\georges\26a27da36ac8850a85174436c6f31b62.jpg,1,351
C:\Users\16610\Desktop\.workbuddy\.workbuddy\saint_george_classifier\data\raw\georges\26b4b3583d810f565c163d1ae5062da6.jpg,1,352
C:\Users\16610\Desktop\.workbuddy\.workbuddy\saint_george_classifier\data\raw\georges\26e33a27a7e4dba230f678a496168a97.jpg,1,353
C:\Users\16610\Desktop\.workbuddy\.workbuddy\saint_george_classifier\data\raw\georges\26eb5abeff7d7f515d0096fb960aa471.jpg,1,354
C:\Users\16610\Desktop\.workbuddy\.workbuddy\saint_george_classifier\data\raw\georges\27140c080a3c60b9c52348c06fc0d16d.jpg,1,356
C:\Users\16610\Desktop\.workbuddy\.workbuddy\saint_george_classifier\data\raw\georges\27393d7c033bbdade31fd44efebb9899.jpg,1,357
C:\Users\16610\Desktop\.workbuddy\.workbuddy\saint_george_classifier\data\raw\georges\2763708765eb5ffdeb9305656e0a3618.jpg,1,358
C:\Users\16610\Desktop\.workbuddy\.workbuddy\saint_george_classifier\data\raw\georges\2850ed36a86bd53ae37efc70d4eafdd0.jpg,1,360
C:\Users\16610\Desktop\.workbuddy\.workbuddy\saint_george_classifier\data\raw\georges\286dae4cf3b2851c7fdda18bc17ff1b7.jpg,1,363
C:\Users\16610\Desktop\.workbuddy\.workbuddy\saint_george_classifier\data\raw\georges\28ab5386b75b438b08656eececa09557.jpg,1,364
C:\Users\16610\Desktop\.workbuddy\.workbuddy\saint_george_classifier\data\raw\georges\2907d4342c292925ea297a66799f9fca.jpg,1,365
C:\Users\16610\Desktop\.workbuddy\.workbuddy\saint_george_classifier\data\raw\georges\292aae4e1e79bfa5ceb2b1d84eb70a4a.jpg,1,366
C:\Users\16610\Desktop\.workbuddy\.workbuddy\saint_george_classifier\data\raw\georges\2938a983d2f0bd23ec400a08ff5ca925.jpg,1,368
C:\Users\16610\Desktop\.workbuddy\.workbuddy\saint_george_classifier\data\raw\georges\293a2d5809129f3a1988af21ea97692d.jpg,1,53
C:\Users\16610\Desktop\.workbuddy\.workbuddy\saint_george_classifier\data\raw\georges\297a1ed47f5b9fead14423b561d382e1.jpg,1,369
C:\Users\16610\Desktop\.workbuddy\.workbuddy\saint_george_classifier\data\raw\georges\29997ee2762d2ee0b727c66ad746541a.jpg,1,370
C:\Users\16610\Desktop\.workbuddy\.workbuddy\saint_george_classifier\data\raw\georges\299eabf689c7fada8b5885e2bf41354d.jpg,1,371
C:\Users\16610\Desktop\.workbuddy\.workbuddy\saint_george_classifier\data\raw\georges\29c18197f09550747c1e65516ccf64a8.jpg,1,372
C:\Users\16610\Desktop\.workbuddy\.workbuddy\saint_george_classifier\data\raw\georges\29f8f777ab38d65f540fa8ced5c05728.jpg,1,374
C:\Users\16610\Desktop\.workbuddy\.workbuddy\saint_george_classifier\data\raw\georges\2a06f7ea72d9a7f9399ed33bc936188a.jpg,1,375
C:\Users\16610\Desktop\.workbuddy\.workbuddy\saint_george_classifier\data\raw\georges\2a383872bf6bf8132bff2aa6bdc7fbe3.jpg,1,376
C:\Users\16610\Desktop\.workbuddy\.workbuddy\saint_george_classifier\data\raw\georges\2a5ce99cdfe2b9c15e33a2fa802e17e4.jpg,1,379
C:\Users\16610\Desktop\.workbuddy\.workbuddy\saint_george_classifier\data\raw\georges\2a858bad2b62ceea0416bf4852fe0870.jpg,1,380
C:\Users\16610\Desktop\.workbuddy\.workbuddy\saint_george_classifier\data\raw\georges\2af869b0044e9fad1408a354d759b75e.jpg,1,215
C:\Users\16610\Desktop\.workbuddy\.workbuddy\saint_george_classifier\data\raw\georges\2b0bb1d2fc89f1789bf7b641a1ecfb1d.jpg,1,381
C:\Users\16610\Desktop\.workbuddy\.workbuddy\saint_george_classifier\data\raw\georges\2b1f6f52da0a44885e6e9dad99479da6.jpg,1,382
C:\Users\16610\Desktop\.workbuddy\.workbuddy\saint_george_classifier\data\raw\georges\2b3ef82199c9ff686036b4df262cf6c4.jpg,1,10
C:\Users\16610\Desktop\.workbuddy\.workbuddy\saint_george_classifier\data\raw\georges\2b6fc030d42e9f1ce1315946a5c611ec.jpg,1,383
C:\Users\16610\Desktop\.workbuddy\.workbuddy\saint_george_classifier\data\raw\georges\2bbd05f2bb92a6fb4b968cf96ec88323.jpg,1,385
C:\Users\16610\Desktop\.workbuddy\.workbuddy\saint_george_classifier\data\raw\georges\2bdd58e94acf1d27e58ec719d2e8fb5b.jpg,1,386
C:\Users\16610\Desktop\.workbuddy\.workbuddy\saint_george_classifier\data\raw\georges\2be0e2c7762793c96eb64222c570c419.jpg,1,387
C:\Users\16610\Desktop\.workbuddy\.workbuddy\saint_george_classifier\data\raw\georges\2bfebef0f50b0d58589bdb51dd443035.jpg,1,388
C:\Users\16610\Desktop\.workbuddy\.workbuddy\saint_george_classifier\data\raw\georges\2c670a7497de5cda72e0d88c39739838.jpg,1,390
C:\Users\16610\Desktop\.workbuddy\.workbuddy\saint_george_classifier\data\raw\georges\2c6bc8bbfa3a486d48aed423b01716ac.jpg,1,243
C:\Users\16610\Desktop\.workbuddy\.workbuddy\saint_george_classifier\data\raw\georges\2c737da43fdecb1ebacf4c4f73bb244e.jpg,1,391
C:\Users\16610\Desktop\.workbuddy\.workbuddy\saint_george_classifier\data\raw\georges\2cc7d641092528069a94f4dbef80f3e2.jpg,1,334
C:\Users\16610\Desktop\.workbuddy\.workbuddy\saint_george_classifier\data\raw\georges\2cd46aca0aa08c738aa24a632baf1f20.jpg,1,392
C:\Users\16610\Desktop\.workbuddy\.workbuddy\saint_george_classifier\data\raw\georges\2ce2e3a22293b402f746fed9e00d50da.jpg,1,382
C:\Users\16610\Desktop\.workbuddy\.workbuddy\saint_george_classifier\data\raw\georges\2ce9f43c550bff20a722957022d821a7.jpg,1,393
C:\Users\16610\Desktop\.workbuddy\.workbuddy\saint_george_classifier\data\raw\georges\2cef24a55a2654afae63b3004b31c52f.jpg,1,263
C:\Users\16610\Desktop\.workbuddy\.workbuddy\saint_george_classifier\data\raw\georges\2d0b25c7c2efb3a09ce0ec82262ac2cd.jpg,1,148
C:\Users\16610\Desktop\.workbuddy\.workbuddy\saint_george_classifier\data\raw\georges\2d1100c7959a8477876d21a76bb23ef0.jpg,1,354
C:\Users\16610\Desktop\.workbuddy\.workbuddy\saint_george_classifier\data\raw\georges\2d1e09a0e3ce8d9a4f936beb51a81a71.jpg,1,394
C:\Users\16610\Desktop\.workbuddy\.workbuddy\saint_george_classifier\data\raw\georges\2d34b88c633df5fd31b13cf5dcb3dc4e.jpg,1,13
C:\Users\16610\Desktop\.workbuddy\.workbuddy\saint_george_classifier\data\raw\georges\2d458ecbaceba61c21b6550e31818260.jpg,1,396
C:\Users\16610\Desktop\.workbuddy\.workbuddy\saint_george_classifier\data\raw\georges\2d4d12f200bd3618cd2762892c88c84c.jpg,1,397
C:\Users\16610\Desktop\.workbuddy\.workbuddy\saint_george_classifier\data\raw\georges\2d6a78423ea41caa7104dc52cd9ed667.jpg,1,399
C:\Users\16610\Desktop\.workbuddy\.workbuddy\saint_george_classifier\data\raw\georges\2d6df2ae5550bcc98c3a3bfba0b74d20.jpg,1,400
C:\Users\16610\Desktop\.workbuddy\.workbuddy\saint_george_classifier\data\raw\georges\2e448a0a2c13d74e4098b3583d086a1c.jpg,1,108
C:\Users\16610\Desktop\.workbuddy\.workbuddy\saint_george_classifier\data\raw\georges\2e4c227717503140c6b00427512b221f.jpg,1,405
C:\Users\16610\Desktop\.workbuddy\.workbuddy\saint_george_classifier\data\raw\georges\2e9704a099d0f32776f6f6dbf0bd2c99.jpg,1,406
C:\Users\16610\Desktop\.workbuddy\.workbuddy\saint_george_classifier\data\raw\georges\2ee3dcbc97dff67dc9f4046af1544784.jpg,1,407
C:\Users\16610\Desktop\.workbuddy\.workbuddy\saint_george_classifier\data\raw\georges\2f14e0e078283cd5e632e311d76ad890.jpg,1,409
C:\Users\16610\Desktop\.workbuddy\.workbuddy\saint_george_classifier\data\raw\georges\2f3bc595daa0e6b559fb7fa0f38674a3.jpg,1,60
C:\Users\16610\Desktop\.workbuddy\.workbuddy\saint_george_classifier\data\raw\georges\2f41dfbb863a33ef06217035c7f75653.jpg,1,116
C:\Users\16610\Desktop\.workbuddy\.workbuddy\saint_george_classifier\data\raw\georges\2f47c728a81c588f5af8c03f531b941f.jpg,1,410
C:\Users\16610\Desktop\.workbuddy\.workbuddy\saint_george_classifier\data\raw\georges\2f4a344a640b8e30e13ffcf877ad1cd7.jpg,1,411
C:\Users\16610\Desktop\.workbuddy\.workbuddy\saint_george_classifier\data\raw\georges\2f5f7306fb8ef998ff4f618e2154993c.jpg,1,412
C:\Users\16610\Desktop\.workbuddy\.workbuddy\saint_george_classifier\data\raw\georges\2f61e66940a8c922e73bc9ea9418b04e.jpg,1,413
C:\Users\16610\Desktop\.workbuddy\.workbuddy\saint_george_classifier\data\raw\georges\2f63273f140340617496c46c2dd0f366.jpg,1,414
C:\Users\16610\Desktop\.workbuddy\.workbuddy\saint_george_classifier\data\raw\georges\2f8a0aaf3e95f1ca6f0fc82a91c14f7c.jpg,1,415
C:\Users\16610\Desktop\.workbuddy\.workbuddy\saint_george_classifier\data\raw\georges\2fbb797cd3bfbb06425021e0ac6aae0c.jpg,1,416
C:\Users\16610\Desktop\.workbuddy\.workbuddy\saint_george_classifier\data\raw\georges\2fd94018b8c6b4390108389636c5807b.jpg,1,417
C:\Users\16610\Desktop\.workbuddy\.workbuddy\saint_george_classifier\data\raw\georges\2ff3b31bec0166638cde3675ebb82e2c.jpg,1,418
C:\Users\16610\Desktop\.workbuddy\.workbuddy\saint_george_classifier\data\raw\georges\3002c4098dd397cc36ce6ed68772fd86.jpg,1,419
C:\Users\16610\Desktop\.workbuddy\.workbuddy\saint_george_classifier\data\raw\georges\3004d475d51ff23151d038cc757c3fe9.jpg,1,420
C:\Users\16610\Desktop\.workbuddy\.workbuddy\saint_george_classifier\data\raw\georges\304f34477714d0488773d8786dee5b00.jpg,1,421
C:\Users\16610\Desktop\.workbuddy\.workbuddy\saint_george_classifier\data\raw\georges\308e7415425e464d74165c9bb1c1a598.jpg,1,423
C:\Users\16610\Desktop\.workbuddy\.workbuddy\saint_george_classifier\data\raw\georges\30b052772ecb661c7f3d363b98fc0d7f.jpg,1,424
C:\Users\16610\Desktop\.workbuddy\.workbuddy\saint_george_classifier\data\raw\georges\3106e07f136c10836a95ac1f95d3dd76.jpg,1,19
C:\Users\16610\Desktop\.workbuddy\.workbuddy\saint_george_classifier\data\raw\georges\312dc6f7359d3585c8c41c86e5e92aa2.jpg,1,427
C:\Users\16610\Desktop\.workbuddy\.workbuddy\saint_george_classifier\data\raw\georges\3146eb88af2753072e94e9d9782e9a6a.jpg,1,428
C:\Users\16610\Desktop\.workbuddy\.workbuddy\saint_george_classifier\data\raw\georges\315cf846d67726d55f0c3661d778180f.jpg,1,429
C:\Users\16610\Desktop\.workbuddy\.workbuddy\saint_george_classifier\data\raw\georges\3178ad168ffe8070dd379388ec2fd376.jpg,1,430
C:\Users\16610\Desktop\.workbuddy\.workbuddy\saint_george_classifier\data\raw\georges\31f0d2b89dcbed26b1e7c56d7eca70e4.jpg,1,432
C:\Users\16610\Desktop\.workbuddy\.workbuddy\saint_george_classifier\data\raw\georges\326b92b78b6bc1b71d22198fccc17c29.jpg,1,434
C:\Users\16610\Desktop\.workbuddy\.workbuddy\saint_george_classifier\data\raw\georges\3299df410422848815cdb8f02cb2d3a0.jpg,1,435
C:\Users\16610\Desktop\.workbuddy\.workbuddy\saint_george_classifier\data\raw\georges\32b5f4ed459be6b9f4078d4ff482aedf.jpg,1,215
C:\Users\16610\Desktop\.workbuddy\.workbuddy\saint_george_classifier\data\raw\georges\32bb7d358bac65a4e934b4ea344354d8.jpg,1,382
C:\Users\16610\Desktop\.workbuddy\.workbuddy\saint_george_classifier\data\raw\georges\32e55f0c98d2007440b1b111cc413826.jpg,1,436
C:\Users\16610\Desktop\.workbuddy\.workbuddy\saint_george_classifier\data\raw\georges\32e5ca0f9f979a1416d125118cda5f5e.jpg,1,437
C:\Users\16610\Desktop\.workbuddy\.workbuddy\saint_george_classifier\data\raw\georges\330081c0a80554f376a53b195c39b0aa.jpg,1,438
C:\Users\16610\Desktop\.workbuddy\.workbuddy\saint_george_classifier\data\raw\georges\33059e709821bd7c6f581df22b147c7f.jpg,1,439
C:\Users\16610\Desktop\.workbuddy\.workbuddy\saint_george_classifier\data\raw\georges\331307abccf0a6d07d3a997af0037805.jpg,1,19
C:\Users\16610\Desktop\.workbuddy\.workbuddy\saint_george_classifier\data\raw\georges\334a7cfa445b9b4f333e2246bdebbd31.jpg,1,440
C:\Users\16610\Desktop\.workbuddy\.workbuddy\saint_george_classifier\data\raw\georges\334c8d426a9d91556bb5c6f4fa60dcbc.jpg,1,441
C:\Users\16610\Desktop\.workbuddy\.workbuddy\saint_george_classifier\data\raw\georges\3394ee86345e0b7a8a445e933268ae56.jpg,1,442
C:\Users\16610\Desktop\.workbuddy\.workbuddy\saint_george_classifier\data\raw\georges\3409182d3215b11d01598d1bbd120c10.jpg,1,444
C:\Users\16610\Desktop\.workbuddy\.workbuddy\saint_george_classifier\data\raw\georges\346104e380d3194e2fbe23e108500d61.jpg,1,248
C:\Users\16610\Desktop\.workbuddy\.workbuddy\saint_george_classifier\data\raw\georges\34de7e434272b750754e486cc3f55ec1.jpg,1,447
C:\Users\16610\Desktop\.workbuddy\.workbuddy\saint_george_classifier\data\raw\georges\34f0be68fcd0b52d2aa01bbf1d09124e.jpg,1,448
C:\Users\16610\Desktop\.workbuddy\.workbuddy\saint_george_classifier\data\raw\georges\35541faf69b5265a3541b961e42b7199.jpg,1,25
C:\Users\16610\Desktop\.workbuddy\.workbuddy\saint_george_classifier\data\raw\georges\35f0713f088316788347e42cd9156de1.jpg,1,451
C:\Users\16610\Desktop\.workbuddy\.workbuddy\saint_george_classifier\data\raw\georges\35f458a6846253628905e8defd825c08.jpg,1,452
C:\Users\16610\Desktop\.workbuddy\.workbuddy\saint_george_classifier\data\raw\georges\35f720274fd3e942bbb68c7ba795cc32.jpg,1,453
C:\Users\16610\Desktop\.workbuddy\.workbuddy\saint_george_classifier\data\raw\georges\35f882362b7b88688635dc5087a61790.jpg,1,19
C:\Users\16610\Desktop\.workbuddy\.workbuddy\saint_george_classifier\data\raw\georges\3608f0ba3babd7c6f9d5cb88fed0f553.jpg,1,316
C:\Users\16610\Desktop\.workbuddy\.workbuddy\saint_george_classifier\data\raw\georges\363fe23fd18548d6230f3c7099526e79.jpg,1,455
C:\Users\16610\Desktop\.workbuddy\.workbuddy\saint_george_classifier\data\raw\georges\36f73a5bd14c7f3bc57235b9a114f154.jpg,1,456
C:\Users\16610\Desktop\.workbuddy\.workbuddy\saint_george_classifier\data\raw\georges\36fce57c5487067855d6de039aa5f864.jpg,1,457
C:\Users\16610\Desktop\.workbuddy\.workbuddy\saint_george_classifier\data\raw\georges\371623ab45d2f7d059ea831849fd2607.jpg,1,458
C:\Users\16610\Desktop\.workbuddy\.workbuddy\saint_george_classifier\data\raw\georges\372f08758503e7be89e09617ea9bea35.jpg,1,459
C:\Users\16610\Desktop\.workbuddy\.workbuddy\saint_george_classifier\data\raw\georges\3737098efb70bd636795d19e353eaad7.jpg,1,133
C:\Users\16610\Desktop\.workbuddy\.workbuddy\saint_george_classifier\data\raw\georges\3753771bddf82df0d27b1284dd7fe979.jpg,1,460
C:\Users\16610\Desktop\.workbuddy\.workbuddy\saint_george_classifier\data\raw\georges\376d05388b36d16308c4c40b14ab21a9.jpg,1,461
C:\Users\16610\Desktop\.workbuddy\.workbuddy\saint_george_classifier\data\raw\georges\377f7cf4a48c62b2d64926bb114676c9.jpg,1,462
C:\Users\16610\Desktop\.workbuddy\.workbuddy\saint_george_classifier\data\raw\georges\37aab6265de7cf110bf72523eb8c97f5.jpg,1,463
C:\Users\16610\Desktop\.workbuddy\.workbuddy\saint_george_classifier\data\raw\georges\37ce8d3085373f9aed34f5ae4cd3a1d9.jpg,1,170
C:\Users\16610\Desktop\.workbuddy\.workbuddy\saint_george_classifier\data\raw\georges\37ef720073b953b67c72efaead0c4e43.jpg,1,382
C:\Users\16610\Desktop\.workbuddy\.workbuddy\saint_george_classifier\data\raw\georges\37f6cd54f0cf8428154bf7758ab5901a.jpg,1,227
C:\Users\16610\Desktop\.workbuddy\.workbuddy\saint_george_classifier\data\raw\georges\380de4ddbdd0a4f53325e7ed2bfdc22e.jpg,1,465
C:\Users\16610\Desktop\.workbuddy\.workbuddy\saint_george_classifier\data\raw\georges\382cb44fb913eb6d71d6a1e77552de06.jpg,1,319
C:\Users\16610\Desktop\.workbuddy\.workbuddy\saint_george_classifier\data\raw\georges\38770836a8a31d35073911bdb7312343.jpg,1,466
C:\Users\16610\Desktop\.workbuddy\.workbuddy\saint_george_classifier\data\raw\georges\387c46676505d723b8af92de4e87d8e0.jpg,1,467
C:\Users\16610\Desktop\.workbuddy\.workbuddy\saint_george_classifier\data\raw\georges\387fe447bde4fa3f288f382c5d3e32f8.jpg,1,468
C:\Users\16610\Desktop\.workbuddy\.workbuddy\saint_george_classifier\data\raw\georges\3884d4aebd6c70ca70995efadf1cef46.jpg,1,469
C:\Users\16610\Desktop\.workbuddy\.workbuddy\saint_george_classifier\data\raw\georges\38901297d0ba56757919cf6067361b39.jpg,1,470
C:\Users\16610\Desktop\.workbuddy\.workbuddy\saint_george_classifier\data\raw\georges\38b6c1368a3f45f7d0c1a15cbf120991.jpg,1,471
C:\Users\16610\Desktop\.workbuddy\.workbuddy\saint_george_classifier\data\raw\georges\38d3cb80efc69812fd6cf24c48d62bbf.jpg,1,472
C:\Users\16610\Desktop\.workbuddy\.workbuddy\saint_george_classifier\data\raw\georges\3902ba5f518663e15a19f62488ec8106.jpg,1,473
C:\Users\16610\Desktop\.workbuddy\.workbuddy\saint_george_classifier\data\raw\georges\395d4c1996fec284f23a5568e50d2176.jpg,1,474
C:\Users\16610\Desktop\.workbuddy\.workbuddy\saint_george_classifier\data\raw\georges\3977fe296fc83aea85b68f93011182b5.jpg,1,10
C:\Users\16610\Desktop\.workbuddy\.workbuddy\saint_george_classifier\data\raw\georges\3988fa2b3869a24d93789807e27309eb.jpg,1,475
C:\Users\16610\Desktop\.workbuddy\.workbuddy\saint_george_classifier\data\raw\georges\39b0cbbe26ffe2eaec437ad37af35630.jpg,1,476
C:\Users\16610\Desktop\.workbuddy\.workbuddy\saint_george_classifier\data\raw\georges\39e126ebc1e19d8396c0072876beee70.jpg,1,363
C:\Users\16610\Desktop\.workbuddy\.workbuddy\saint_george_classifier\data\raw\georges\39e29d291d1af4a886cd7988c97958d0.jpg,1,478
C:\Users\16610\Desktop\.workbuddy\.workbuddy\saint_george_classifier\data\raw\georges\3a124b03212bcd331a1b74330b839676.jpg,1,480
C:\Users\16610\Desktop\.workbuddy\.workbuddy\saint_george_classifier\data\raw\georges\3a2191378ad6a80fa87df43b26fff7ab.jpg,1,481
C:\Users\16610\Desktop\.workbuddy\.workbuddy\saint_george_classifier\data\raw\georges\3a2dee54f6e40dc3f143352e8f417cb9.jpg,1,482
C:\Users\16610\Desktop\.workbuddy\.workbuddy\saint_george_classifier\data\raw\georges\3a3813889c8ea11ffadbda6a2c170df2.jpg,1,483
C:\Users\16610\Desktop\.workbuddy\.workbuddy\saint_george_classifier\data\raw\georges\3a59b9ab0b2cb626a6d9e952499cdb0f.jpg,1,215
C:\Users\16610\Desktop\.workbuddy\.workbuddy\saint_george_classifier\data\raw\georges\3a8c3febe9a57afa9453c76ea21c3a05.jpg,1,484
C:\Users\16610\Desktop\.workbuddy\.workbuddy\saint_george_classifier\data\raw\georges\3a96ae7ac556bd382494107c5fcc9ae4.jpg,1,485
C:\Users\16610\Desktop\.workbuddy\.workbuddy\saint_george_classifier\data\raw\georges\3ac08574da3ab007023fe0b1a8b3097a.jpg,1,486
C:\Users\16610\Desktop\.workbuddy\.workbuddy\saint_george_classifier\data\raw\georges\3b2beadbf67ce5be1ed85efdeb6035a1.jpg,1,487
C:\Users\16610\Desktop\.workbuddy\.workbuddy\saint_george_classifier\data\raw\georges\3b7ccaac7dbaf0b5197c27685410a536.jpg,1,488
C:\Users\16610\Desktop\.workbuddy\.workbuddy\saint_george_classifier\data\raw\georges\3b9cc67b6a84936d0b70cfd19e4e6df0.jpg,1,489
C:\Users\16610\Desktop\.workbuddy\.workbuddy\saint_george_classifier\data\raw\georges\3b9eb2d7dc0c473bd83805a81c54bb11.jpg,1,490
C:\Users\16610\Desktop\.workbuddy\.workbuddy\saint_george_classifier\data\raw\georges\3bc263b94581dd01833aaec096b8b1ca.jpg,1,491
C:\Users\16610\Desktop\.workbuddy\.workbuddy\saint_george_classifier\data\raw\georges\3c27b4cfc40fd34f28c4d6e1110fba82.jpg,1,275
C:\Users\16610\Desktop\.workbuddy\.workbuddy\saint_george_classifier\data\raw\georges\3c3dc164799ebd705ba07d15f9ddc56f.jpg,1,330
C:\Users\16610\Desktop\.workbuddy\.workbuddy\saint_george_classifier\data\raw\georges\3c690e8206e792cd92ef5abfa64fc285.jpg,1,493
C:\Users\16610\Desktop\.workbuddy\.workbuddy\saint_george_classifier\data\raw\georges\3c6fb823d7824186aa7b7a41b3786b14.jpg,1,168
C:\Users\16610\Desktop\.workbuddy\.workbuddy\saint_george_classifier\data\raw\georges\3c89bcd20d55cb8591b5c6b15395dafd.jpg,1,494
C:\Users\16610\Desktop\.workbuddy\.workbuddy\saint_george_classifier\data\raw\georges\3ca82ae7f8839bf25c18f8acfafad531.jpg,1,495
C:\Users\16610\Desktop\.workbuddy\.workbuddy\saint_george_classifier\data\raw\georges\3cae05f8fd8cce24b777d1e914107315.jpg,1,267
C:\Users\16610\Desktop\.workbuddy\.workbuddy\saint_george_classifier\data\raw\georges\3d0735217928c5e3720b60c134d2dd90.jpg,1,497
C:\Users\16610\Desktop\.workbuddy\.workbuddy\saint_george_classifier\data\raw\georges\3d52bfeb626a0679588d3632f8e313ee.jpg,1,498
C:\Users\16610\Desktop\.workbuddy\.workbuddy\saint_george_classifier\data\raw\georges\3d6fd2a79bef18c4e823e7cc04b8e65e.jpg,1,499
C:\Users\16610\Desktop\.workbuddy\.workbuddy\saint_george_classifier\data\raw\georges\3d9e48cac99da1c43bbf75424064c5bf.jpg,1,502
C:\Users\16610\Desktop\.workbuddy\.workbuddy\saint_george_classifier\data\raw\georges\3daa0acfd54d194fc42beba161bf648d.jpg,1,503
C:\Users\16610\Desktop\.workbuddy\.workbuddy\saint_george_classifier\data\raw\georges\3db78730da5fc59fedd873dad501757d.jpg,1,504
C:\Users\16610\Desktop\.workbuddy\.workbuddy\saint_george_classifier\data\raw\georges\3dcf53657f585ddfa46d7fd133fb32bc.jpg,1,505
C:\Users\16610\Desktop\.workbuddy\.workbuddy\saint_george_classifier\data\raw\georges\3dcfe98b955ae8bc07657b798c967179.jpg,1,506
C:\Users\16610\Desktop\.workbuddy\.workbuddy\saint_george_classifier\data\raw\georges\3de9d79d88120422f837793f26926527.jpg,1,507
C:\Users\16610\Desktop\.workbuddy\.workbuddy\saint_george_classifier\data\raw\georges\3ded962748bb134ff0d5cde31f0a2c17.jpg,1,508
C:\Users\16610\Desktop\.workbuddy\.workbuddy\saint_george_classifier\data\raw\georges\3dfc3f8cfb15f053d70b9c2422d82423.jpg,1,509
C:\Users\16610\Desktop\.workbuddy\.workbuddy\saint_george_classifier\data\raw\georges\3e1a8d95040cbc3fa870710fc8c0f644.jpg,1,510
C:\Users\16610\Desktop\.workbuddy\.workbuddy\saint_george_classifier\data\raw\georges\3e29e4e6c77fc4a7e3b230633f8d9e01.jpg,1,511
C:\Users\16610\Desktop\.workbuddy\.workbuddy\saint_george_classifier\data\raw\georges\3e43d098908e5ba06aa94bdd77a7fe39.jpg,1,512
C:\Users\16610\Desktop\.workbuddy\.workbuddy\saint_george_classifier\data\raw\georges\3e9edf67925bcadaf26f7270942dbe89.jpg,1,16
C:\Users\16610\Desktop\.workbuddy\.workbuddy\saint_george_classifier\data\raw\georges\3ea9d4112e272b6c6ce8b48ed6155484.jpg,1,513
C:\Users\16610\Desktop\.workbuddy\.workbuddy\saint_george_classifier\data\raw\georges\3ed5046998e6892873baeb84e001479c.jpg,1,515
C:\Users\16610\Desktop\.workbuddy\.workbuddy\saint_george_classifier\data\raw\georges\3f0b3437addde97a2f8a0c5db7b67a79.jpg,1,516
C:\Users\16610\Desktop\.workbuddy\.workbuddy\saint_george_classifier\data\raw\georges\3f38b9331007de6d3c8b3c95655f19c5.jpg,1,517
C:\Users\16610\Desktop\.workbuddy\.workbuddy\saint_george_classifier\data\raw\georges\3f600f8ca6dc9aeb9ddd957b57c84c05.jpg,1,518
C:\Users\16610\Desktop\.workbuddy\.workbuddy\saint_george_classifier\data\raw\georges\3f81866aba2d6c69a631d9a9549a4ad8.jpg,1,519
C:\Users\16610\Desktop\.workbuddy\.workbuddy\saint_george_classifier\data\raw\georges\3fcaf854d345a815d0bc043d16737668.jpg,1,25
C:\Users\16610\Desktop\.workbuddy\.workbuddy\saint_george_classifier\data\raw\georges\3ffa430bf1e635c1e57ee7b1b94cbbc3.jpg,1,347
C:\Users\16610\Desktop\.workbuddy\.workbuddy\saint_george_classifier\data\raw\georges\401a8fd15065ddbbec0b572f20cd2a18.jpg,1,520
C:\Users\16610\Desktop\.workbuddy\.workbuddy\saint_george_classifier\data\raw\georges\406e4e4200a15dfc5fb9b4db592179f0.jpg,1,243
C:\Users\16610\Desktop\.workbuddy\.workbuddy\saint_george_classifier\data\raw\georges\40af7eff3403d00477fbd6e7c707baa9.jpg,1,524
C:\Users\16610\Desktop\.workbuddy\.workbuddy\saint_george_classifier\data\raw\georges\40eb7d6252e2e884f805b0ce4822fa98.jpg,1,526
C:\Users\16610\Desktop\.workbuddy\.workbuddy\saint_george_classifier\data\raw\georges\40f03f505f316e5846fc955928288979.jpg,1,527
C:\Users\16610\Desktop\.workbuddy\.workbuddy\saint_george_classifier\data\raw\georges\4102f8227269e25c1160bfdce8bed5af.jpg,1,528
C:\Users\16610\Desktop\.workbuddy\.workbuddy\saint_george_classifier\data\raw\georges\410618c72b69f8ba9f4c8dd4914951d2.jpg,1,529
C:\Users\16610\Desktop\.workbuddy\.workbuddy\saint_george_classifier\data\raw\georges\417c9976650b5de6e084975fb842bb9c.jpg,1,532
C:\Users\16610\Desktop\.workbuddy\.workbuddy\saint_george_classifier\data\raw\georges\4198ea8e99e9c832ee2f46e53a460a30.jpg,1,533
C:\Users\16610\Desktop\.workbuddy\.workbuddy\saint_george_classifier\data\raw\georges\41b0de78ef96df15a0386dfc5b27827d.jpg,1,535
C:\Users\16610\Desktop\.workbuddy\.workbuddy\saint_george_classifier\data\raw\georges\41be570901e3e9b5a4a5f8dbf047ee2f.jpg,1,536
C:\Users\16610\Desktop\.workbuddy\.workbuddy\saint_george_classifier\data\raw\georges\41c1e4776a1b61b8d678acb323e9bb5f.jpg,1,537
C:\Users\16610\Desktop\.workbuddy\.workbuddy\saint_george_classifier\data\raw\georges\41d54ae0b7dd3307c2b502f4b1e41936.jpg,1,538
C:\Users\16610\Desktop\.workbuddy\.workbuddy\saint_george_classifier\data\raw\georges\41d66c6ba5559a44d0834bd979ea99d4.jpg,1,539
C:\Users\16610\Desktop\.workbuddy\.workbuddy\saint_george_classifier\data\raw\georges\41f3233b5e41d6d38f87883be3594308.jpg,1,60
C:\Users\16610\Desktop\.workbuddy\.workbuddy\saint_george_classifier\data\raw\georges\4201f43a37b7f116a411710f174bba08.jpg,1,540
C:\Users\16610\Desktop\.workbuddy\.workbuddy\saint_george_classifier\data\raw\georges\4221299b08ff4fd0d152c10ee8b3e1e6.jpg,1,542
C:\Users\16610\Desktop\.workbuddy\.workbuddy\saint_george_classifier\data\raw\georges\423e7fa02a4eefa67f1ad07d61ee63d9.jpg,1,544
C:\Users\16610\Desktop\.workbuddy\.workbuddy\saint_george_classifier\data\raw\georges\4255c59f55eab601b6da8c1f61033789.jpg,1,545
C:\Users\16610\Desktop\.workbuddy\.workbuddy\saint_george_classifier\data\raw\georges\42812902ed6ec3d42b1f7487fef0a421.jpg,1,546
C:\Users\16610\Desktop\.workbuddy\.workbuddy\saint_george_classifier\data\raw\georges\42b2c0178e3ea75895955ef398007cc5.jpg,1,547
C:\Users\16610\Desktop\.workbuddy\.workbuddy\saint_george_classifier\data\raw\georges\42b38432540634e371d0b9706a44df11.jpg,1,548
C:\Users\16610\Desktop\.workbuddy\.workbuddy\saint_george_classifier\data\raw\georges\42ea97b3eae8698f65a13cc2d5129a2f.jpg,1,121
C:\Users\16610\Desktop\.workbuddy\.workbuddy\saint_george_classifier\data\raw\georges\4314b11af352d14da38e8797949102c0.jpg,1,549
C:\Users\16610\Desktop\.workbuddy\.workbuddy\saint_george_classifier\data\raw\georges\435ba672ac986fef9091c643e843427e.jpg,1,22
C:\Users\16610\Desktop\.workbuddy\.workbuddy\saint_george_classifier\data\raw\georges\43627da2b17d26258e8698ea90ac23e8.jpg,1,487
C:\Users\16610\Desktop\.workbuddy\.workbuddy\saint_george_classifier\data\raw\georges\439c78dc6267b9af65b6d9fbddf87842.jpg,1,551
C:\Users\16610\Desktop\.workbuddy\.workbuddy\saint_george_classifier\data\raw\georges\43a3d4a515b7e4960d912c9863b54931.jpg,1,552
C:\Users\16610\Desktop\.workbuddy\.workbuddy\saint_george_classifier\data\raw\georges\43b81761be7c307d9b0cc0cc8bb2b34d.jpg,1,553
C:\Users\16610\Desktop\.workbuddy\.workbuddy\saint_george_classifier\data\raw\georges\441197c91535c7fff491473b4212010a.jpg,1,554
C:\Users\16610\Desktop\.workbuddy\.workbuddy\saint_george_classifier\data\raw\georges\4416747c1be43f023d8d8e445f6ac3d9.jpg,1,19
C:\Users\16610\Desktop\.workbuddy\.workbuddy\saint_george_classifier\data\raw\georges\441ad3d7470403334ad254f1db5e1f7b.jpg,1,456
C:\Users\16610\Desktop\.workbuddy\.workbuddy\saint_george_classifier\data\raw\georges\441f2b3575cb73b0b24e7578ace5cf52.jpg,1,192
C:\Users\16610\Desktop\.workbuddy\.workbuddy\saint_george_classifier\data\raw\georges\443c33690a7bdfd020a7215943572e71.jpg,1,555
C:\Users\16610\Desktop\.workbuddy\.workbuddy\saint_george_classifier\data\raw\georges\448198fa501a2a47fba986df578d5589.jpg,1,557
C:\Users\16610\Desktop\.workbuddy\.workbuddy\saint_george_classifier\data\raw\georges\44967d6b9f09028834c017540b80b5f2.jpg,1,558
C:\Users\16610\Desktop\.workbuddy\.workbuddy\saint_george_classifier\data\raw\georges\44cfaf607197d8433bd148a4d65cfb63.jpg,1,559
C:\Users\16610\Desktop\.workbuddy\.workbuddy\saint_george_classifier\data\raw\georges\44f678d87d2d50dc96f27b78364ca477.jpg,1,560
C:\Users\16610\Desktop\.workbuddy\.workbuddy\saint_george_classifier\data\raw\georges\44fb1c2ec351a4657e66e327657d37c0.jpg,1,561
C:\Users\16610\Desktop\.workbuddy\.workbuddy\saint_george_classifier\data\raw\georges\45014658ce620c6ebc649506fa14178f.jpg,1,562
C:\Users\16610\Desktop\.workbuddy\.workbuddy\saint_george_classifier\data\raw\georges\451a18768381b09f957c00ddd876d842.jpg,1,563
C:\Users\16610\Desktop\.workbuddy\.workbuddy\saint_george_classifier\data\raw\georges\452b8ec5863a37bb37e1fcfea4b1ddb1.jpg,1,565
C:\Users\16610\Desktop\.workbuddy\.workbuddy\saint_george_classifier\data\raw\georges\45373e81e0de7c9a8f93ab983391aa32.jpg,1,566
C:\Users\16610\Desktop\.workbuddy\.workbuddy\saint_george_classifier\data\raw\georges\4552fd36a85f39d63191799995f75f81.jpg,1,567
C:\Users\16610\Desktop\.workbuddy\.workbuddy\saint_george_classifier\data\raw\georges\455722b61cbc11c67a54575de5bb7150.jpg,1,568
C:\Users\16610\Desktop\.workbuddy\.workbuddy\saint_george_classifier\data\raw\georges\45768ecc4cbfcec2e4716493c3565cff.jpg,1,569
C:\Users\16610\Desktop\.workbuddy\.workbuddy\saint_george_classifier\data\raw\georges\45a23ea63d221e5ce494374bb4aa2756.jpg,1,570
C:\Users\16610\Desktop\.workbuddy\.workbuddy\saint_george_classifier\data\raw\georges\45d9812e02486d29f0576bd65a0a0576.jpg,1,571
C:\Users\16610\Desktop\.workbuddy\.workbuddy\saint_george_classifier\data\raw\georges\468f430d027ece4cff2234fa2d1ac8c1.jpg,1,572
C:\Users\16610\Desktop\.workbuddy\.workbuddy\saint_george_classifier\data\raw\georges\46b5b130b750ca29c2b42cfd28d37fe6.jpg,1,573
C:\Users\16610\Desktop\.workbuddy\.workbuddy\saint_george_classifier\data\raw\georges\46fca6f4263de1e52209d60218441fce.jpg,1,371
C:\Users\16610\Desktop\.workbuddy\.workbuddy\saint_george_classifier\data\raw\georges\47352c4b9ba7341d23121108366cde25.jpg,1,574
C:\Users\16610\Desktop\.workbuddy\.workbuddy\saint_george_classifier\data\raw\georges\473d2f80a3fb5f3374d5e6dd9c038d1d.jpg,1,7
C:\Users\16610\Desktop\.workbuddy\.workbuddy\saint_george_classifier\data\raw\georges\4770cc5a31717a4105a419d96da4f271.jpg,1,36
C:\Users\16610\Desktop\.workbuddy\.workbuddy\saint_george_classifier\data\raw\georges\479fbf539d0aa39a8c09360d226b9517.jpg,1,578
C:\Users\16610\Desktop\.workbuddy\.workbuddy\saint_george_classifier\data\raw\georges\47bc46405d7164e5931ec1958f387b3b.jpg,1,243
C:\Users\16610\Desktop\.workbuddy\.workbuddy\saint_george_classifier\data\raw\georges\4830c08ad8db2ae698afd59a55ab53fe.jpg,1,580
C:\Users\16610\Desktop\.workbuddy\.workbuddy\saint_george_classifier\data\raw\georges\4841f8a343d5bf98b51645a4efb1caf8.jpg,1,581
C:\Users\16610\Desktop\.workbuddy\.workbuddy\saint_george_classifier\data\raw\georges\4843ac1486776314229b869250791add.jpg,1,582
C:\Users\16610\Desktop\.workbuddy\.workbuddy\saint_george_classifier\data\raw\georges\4861fbf1dae4899771c633a2c9dd170f.jpg,1,583
C:\Users\16610\Desktop\.workbuddy\.workbuddy\saint_george_classifier\data\raw\georges\488bc00203c59a3756a5954ac4c2ea62.jpg,1,584
C:\Users\16610\Desktop\.workbuddy\.workbuddy\saint_george_classifier\data\raw\georges\488fd1f77dc14e4080c012827d67c052.jpg,1,585
C:\Users\16610\Desktop\.workbuddy\.workbuddy\saint_george_classifier\data\raw\georges\48b0405943d617fc3245d9928145ece3.jpg,1,382
C:\Users\16610\Desktop\.workbuddy\.workbuddy\saint_george_classifier\data\raw\georges\48bc9bfa9b92b5bbcdacd78e41d10fb7.jpg,1,587
C:\Users\16610\Desktop\.workbuddy\.workbuddy\saint_george_classifier\data\raw\georges\48eb4b9b5d81174d68aa0a6f6597ed72.jpg,1,588
C:\Users\16610\Desktop\.workbuddy\.workbuddy\saint_george_classifier\data\raw\georges\48f44466dfd9ea17525b2ed748a0fa14.jpg,1,432
C:\Users\16610\Desktop\.workbuddy\.workbuddy\saint_george_classifier\data\raw\georges\494a890224b4100f32d9960323e43682.jpg,1,589
C:\Users\16610\Desktop\.workbuddy\.workbuddy\saint_george_classifier\data\raw\georges\49513690ad00c8cf4107ce1355be6412.jpg,1,369
C:\Users\16610\Desktop\.workbuddy\.workbuddy\saint_george_classifier\data\raw\georges\49613109c9453b2e301cb9decf6fdc5b.jpg,1,591
C:\Users\16610\Desktop\.workbuddy\.workbuddy\saint_george_classifier\data\raw\georges\498df3aef2ce8cba487f1a1f52fc0ffa.jpg,1,592
C:\Users\16610\Desktop\.workbuddy\.workbuddy\saint_george_classifier\data\raw\georges\49aaedf9dfc5d7e75bd715b9470dc2ed.jpg,1,595
C:\Users\16610\Desktop\.workbuddy\.workbuddy\saint_george_classifier\data\raw\georges\49b2a193f2d08fccd6ca93f4f965c2aa.jpg,1,596
C:\Users\16610\Desktop\.workbuddy\.workbuddy\saint_george_classifier\data\raw\georges\49b73433aa95fb178e045e22821d66f5.jpg,1,597
C:\Users\16610\Desktop\.workbuddy\.workbuddy\saint_george_classifier\data\raw\georges\4a176d1ecb12ac5123f4f8f20d43aae5.jpg,1,598
C:\Users\16610\Desktop\.workbuddy\.workbuddy\saint_george_classifier\data\raw\georges\4a4b8b761b6f3d3ffbe162e11b68a344.jpg,1,600
C:\Users\16610\Desktop\.workbuddy\.workbuddy\saint_george_classifier\data\raw\georges\4a6950f12499735eb1ba4bb48f64dfa8.jpg,1,601
C:\Users\16610\Desktop\.workbuddy\.workbuddy\saint_george_classifier\data\raw\georges\4a6c268974cc4bd551e10db96f549e7e.jpg,1,250
C:\Users\16610\Desktop\.workbuddy\.workbuddy\saint_george_classifier\data\raw\georges\4abf83e74a94127f4bddd3f5219f7db4.jpg,1,602
C:\Users\16610\Desktop\.workbuddy\.workbuddy\saint_george_classifier\data\raw\georges\4ac5a62d71e8900a19fe359ce5bf5b90.jpg,1,19
C:\Users\16610\Desktop\.workbuddy\.workbuddy\saint_george_classifier\data\raw\georges\4b2d35254bc90f3a640990625ea78757.jpg,1,604
C:\Users\16610\Desktop\.workbuddy\.workbuddy\saint_george_classifier\data\raw\georges\4b3093adac9a71b0de7d70df94f54fc9.jpg,1,486
C:\Users\16610\Desktop\.workbuddy\.workbuddy\saint_george_classifier\data\raw\georges\4b3200b65030035cb3c8db358508a555.jpg,1,605
C:\Users\16610\Desktop\.workbuddy\.workbuddy\saint_george_classifier\data\raw\georges\4b6553347146903c4f480622363902ef.jpg,1,606
C:\Users\16610\Desktop\.workbuddy\.workbuddy\saint_george_classifier\data\raw\georges\4ba335ab588056143dec0b454159c366.jpg,1,607
C:\Users\16610\Desktop\.workbuddy\.workbuddy\saint_george_classifier\data\raw\georges\4ba63b103db5030ba664787347b0c64c.jpg,1,608
C:\Users\16610\Desktop\.workbuddy\.workbuddy\saint_george_classifier\data\raw\georges\4bd369f4ae432a689ed707516269d161.jpg,1,609
C:\Users\16610\Desktop\.workbuddy\.workbuddy\saint_george_classifier\data\raw\georges\4be2d0959166b29e6e15ebae8a59018f.jpg,1,610
C:\Users\16610\Desktop\.workbuddy\.workbuddy\saint_george_classifier\data\raw\georges\4bfb40fb2d4ed95a3a58cc88f4a287e7.jpg,1,611
C:\Users\16610\Desktop\.workbuddy\.workbuddy\saint_george_classifier\data\raw\georges\4c191d3f15dc5452f655996c670816d8.jpg,1,612
C:\Users\16610\Desktop\.workbuddy\.workbuddy\saint_george_classifier\data\raw\georges\4c2eb552988cd286d828dd272174960b.jpg,1,613
C:\Users\16610\Desktop\.workbuddy\.workbuddy\saint_george_classifier\data\raw\georges\4c37bf84e5fd103e4917e9ddcc671d19.jpg,1,614
C:\Users\16610\Desktop\.workbuddy\.workbuddy\saint_george_classifier\data\raw\georges\4cc8ab27f3cc6e36a9da0ee950c8ee2b.jpg,1,616
C:\Users\16610\Desktop\.workbuddy\.workbuddy\saint_george_classifier\data\raw\georges\4d17d566aa14ee357ab5ceaff817cdeb.jpg,1,618
C:\Users\16610\Desktop\.workbuddy\.workbuddy\saint_george_classifier\data\raw\georges\4d2580433f4fd26efc149f451b99200b.jpg,1,619
C:\Users\16610\Desktop\.workbuddy\.workbuddy\saint_george_classifier\data\raw\georges\4d8bbc2c5f2b07542641ac719fca773f.jpg,1,620
C:\Users\16610\Desktop\.workbuddy\.workbuddy\saint_george_classifier\data\raw\georges\4d9f3658a99c9c4dddbb0564b1160a2d.jpg,1,621
C:\Users\16610\Desktop\.workbuddy\.workbuddy\saint_george_classifier\data\raw\georges\4d9f6ea541c82deb3fc22546614d880d.jpg,1,622
C:\Users\16610\Desktop\.workbuddy\.workbuddy\saint_george_classifier\data\raw\georges\4da2362ebc9a6f5ea5a4f6dc79eb1201.jpg,1,623
C:\Users\16610\Desktop\.workbuddy\.workbuddy\saint_george_classifier\data\raw\georges\4ddd27a80988db0174a7b0da3b1e2f4e.jpg,1,624
C:\Users\16610\Desktop\.workbuddy\.workbuddy\saint_george_classifier\data\raw\georges\4de6a07aad8ed73ed9aac86cfb0a2141.jpg,1,625
C:\Users\16610\Desktop\.workbuddy\.workbuddy\saint_george_classifier\data\raw\georges\4e278e243e503a9a91be0388e0363410.jpg,1,65
C:\Users\16610\Desktop\.workbuddy\.workbuddy\saint_george_classifier\data\raw\georges\4e2ac97fd1872b44978de2f1c79d7b71.jpg,1,626
C:\Users\16610\Desktop\.workbuddy\.workbuddy\saint_george_classifier\data\raw\georges\4e8b08087491ea7935b6cf5ddc76f384.jpg,1,10
C:\Users\16610\Desktop\.workbuddy\.workbuddy\saint_george_classifier\data\raw\georges\4e91a52d94c156c06ac83e74191dbbae.jpg,1,629
C:\Users\16610\Desktop\.workbuddy\.workbuddy\saint_george_classifier\data\raw\georges\4e96755a379e5742ee8ebc476ee6a1a6.jpg,1,630
C:\Users\16610\Desktop\.workbuddy\.workbuddy\saint_george_classifier\data\raw\georges\4e9b48d33dbddb042f082d6fc09fcf6a.jpg,1,631
C:\Users\16610\Desktop\.workbuddy\.workbuddy\saint_george_classifier\data\raw\georges\4f36d0b1d0a4e78d98d69acaecb40229.jpg,1,189
C:\Users\16610\Desktop\.workbuddy\.workbuddy\saint_george_classifier\data\raw\georges\4f96ca5e3f8b6f95b9a575e22fe2b2c2.jpg,1,632
C:\Users\16610\Desktop\.workbuddy\.workbuddy\saint_george_classifier\data\raw\georges\4f9a94a690ccd51e8dfca411ffec2ab3.jpg,1,633
C:\Users\16610\Desktop\.workbuddy\.workbuddy\saint_george_classifier\data\raw\georges\4f9fd1e40d0bfbead60be5e55a93ec56.jpg,1,634
C:\Users\16610\Desktop\.workbuddy\.workbuddy\saint_george_classifier\data\raw\georges\5003f3699ea187132f742e529fb19808.jpg,1,637
C:\Users\16610\Desktop\.workbuddy\.workbuddy\saint_george_classifier\data\raw\georges\5023e5603a62a3aa5f8d62012186e060.jpg,1,638
C:\Users\16610\Desktop\.workbuddy\.workbuddy\saint_george_classifier\data\raw\georges\50260baefb569d186f9db5df0f76752b.jpg,1,639
C:\Users\16610\Desktop\.workbuddy\.workbuddy\saint_george_classifier\data\raw\georges\50b7a5f8967dbe1fb400ff2b6ace7ab5.jpg,1,641
C:\Users\16610\Desktop\.workbuddy\.workbuddy\saint_george_classifier\data\raw\georges\50bba69fa37671dce7b32561968ab5ad.jpg,1,642
C:\Users\16610\Desktop\.workbuddy\.workbuddy\saint_george_classifier\data\raw\georges\50bcb6121c12b8adf636874d1472bc2a.jpg,1,643
C:\Users\16610\Desktop\.workbuddy\.workbuddy\saint_george_classifier\data\raw\georges\510debf9749795e6330a4bbf85f2c85c.jpg,1,648
C:\Users\16610\Desktop\.workbuddy\.workbuddy\saint_george_classifier\data\raw\georges\512a9234cd384948d4e22e45f72101f3.jpg,1,649
C:\Users\16610\Desktop\.workbuddy\.workbuddy\saint_george_classifier\data\raw\georges\512d4a10450a56a7d82d4619a9068d03.jpg,1,650
C:\Users\16610\Desktop\.workbuddy\.workbuddy\saint_george_classifier\data\raw\georges\51895828fea2aa647e030a716f287181.jpg,1,652
C:\Users\16610\Desktop\.workbuddy\.workbuddy\saint_george_classifier\data\raw\georges\51b8ab60226672ebf995e8c3c4d06193.jpg,1,653
C:\Users\16610\Desktop\.workbuddy\.workbuddy\saint_george_classifier\data\raw\georges\51db0386060548e2e37ff0f7bf25d512.jpg,1,153
C:\Users\16610\Desktop\.workbuddy\.workbuddy\saint_george_classifier\data\raw\georges\52390982f369a6d4fd1b1c44dd43544c.jpg,1,655
C:\Users\16610\Desktop\.workbuddy\.workbuddy\saint_george_classifier\data\raw\georges\52409ce76534e5422a019ef122c4b531.jpg,1,657
C:\Users\16610\Desktop\.workbuddy\.workbuddy\saint_george_classifier\data\raw\georges\5254b9b2e8efba66d68ae5155040cd75.jpg,1,658
C:\Users\16610\Desktop\.workbuddy\.workbuddy\saint_george_classifier\data\raw\georges\5254bd1b848483b952e777a043e941ee.jpg,1,659
C:\Users\16610\Desktop\.workbuddy\.workbuddy\saint_george_classifier\data\raw\georges\528277e4356608f2ef785a1773a5a786.jpg,1,660
C:\Users\16610\Desktop\.workbuddy\.workbuddy\saint_george_classifier\data\raw\georges\52edde077d209b553a5c9ae6f767e62d.jpg,1,661
C:\Users\16610\Desktop\.workbuddy\.workbuddy\saint_george_classifier\data\raw\georges\535771c043d7d1ed2add3f109839798a.jpg,1,13
C:\Users\16610\Desktop\.workbuddy\.workbuddy\saint_george_classifier\data\raw\georges\538fcb0a0f99e5c25623cb9ab7bbfa41.jpg,1,663
C:\Users\16610\Desktop\.workbuddy\.workbuddy\saint_george_classifier\data\raw\georges\53a0022658add3bbc31679ae9e5e73c6.jpg,1,664
C:\Users\16610\Desktop\.workbuddy\.workbuddy\saint_george_classifier\data\raw\georges\53a3a63f2a216f6626c83611dfc771db.jpg,1,665
C:\Users\16610\Desktop\.workbuddy\.workbuddy\saint_george_classifier\data\raw\georges\53c602e274652fa0b721ff50797b5845.jpg,1,666
C:\Users\16610\Desktop\.workbuddy\.workbuddy\saint_george_classifier\data\raw\georges\53c79c6b82a2ae9dd6a0c3bf0d724c3b.jpg,1,667
C:\Users\16610\Desktop\.workbuddy\.workbuddy\saint_george_classifier\data\raw\georges\53f0d34af3843ab169c92fde851c51d1.jpg,1,668
C:\Users\16610\Desktop\.workbuddy\.workbuddy\saint_george_classifier\data\raw\georges\540c618b409a2bec9e834ae58f121b88.jpg,1,670
C:\Users\16610\Desktop\.workbuddy\.workbuddy\saint_george_classifier\data\raw\georges\540ea923d92f5ccc52d54c7ea84211bc.jpg,1,671
C:\Users\16610\Desktop\.workbuddy\.workbuddy\saint_george_classifier\data\raw\georges\5421e80f949476bfd0259983652f0eec.jpg,1,673
C:\Users\16610\Desktop\.workbuddy\.workbuddy\saint_george_classifier\data\raw\georges\5436999c8b36f600adf45b8b4d38180e.jpg,1,675
C:\Users\16610\Desktop\.workbuddy\.workbuddy\saint_george_classifier\data\raw\georges\54926b4cd2c0c73185f69791d47b4f66.jpg,1,675
C:\Users\16610\Desktop\.workbuddy\.workbuddy\saint_george_classifier\data\raw\georges\549ab6bc39f995b4eda65518b22047a7.jpg,1,676
C:\Users\16610\Desktop\.workbuddy\.workbuddy\saint_george_classifier\data\raw\georges\54a2f09993f9f5bd16ecab7bf3a1fd62.jpg,1,371
C:\Users\16610\Desktop\.workbuddy\.workbuddy\saint_george_classifier\data\raw\georges\54eeea7f527fbbb0e4833254eeea8b93.jpg,1,677
C:\Users\16610\Desktop\.workbuddy\.workbuddy\saint_george_classifier\data\raw\georges\550a7f7941a4fe7d8cae65b2d41cfda4.jpg,1,678
C:\Users\16610\Desktop\.workbuddy\.workbuddy\saint_george_classifier\data\raw\georges\553a739519abaa90fc2eac946b9c067b.jpg,1,680
C:\Users\16610\Desktop\.workbuddy\.workbuddy\saint_george_classifier\data\raw\georges\558b5cbf61510adc5d3b4b54396a0759.jpg,1,682
C:\Users\16610\Desktop\.workbuddy\.workbuddy\saint_george_classifier\data\raw\georges\558f78130ac001dfb4cd494d24479517.jpg,1,14
C:\Users\16610\Desktop\.workbuddy\.workbuddy\saint_george_classifier\data\raw\georges\55925f07acef2a51ce71bfddf2968b61.jpg,1,683
C:\Users\16610\Desktop\.workbuddy\.workbuddy\saint_george_classifier\data\raw\georges\5597ed7636ed788ea655914d13586366.jpg,1,684
C:\Users\16610\Desktop\.workbuddy\.workbuddy\saint_george_classifier\data\raw\georges\55990855ddb3c3f331d5eb107fe5542f.jpg,1,405
C:\Users\16610\Desktop\.workbuddy\.workbuddy\saint_george_classifier\data\raw\georges\55dfda12d9face8da50e787871ca3edb.jpg,1,686
C:\Users\16610\Desktop\.workbuddy\.workbuddy\saint_george_classifier\data\raw\georges\55f51cf3e5659dde0c4f8e93a5cb7ad0.jpg,1,60
C:\Users\16610\Desktop\.workbuddy\.workbuddy\saint_george_classifier\data\raw\georges\561916bedd2a55a4b8c4a952a0069d08.jpg,1,687
C:\Users\16610\Desktop\.workbuddy\.workbuddy\saint_george_classifier\data\raw\georges\5672272a9e6f8b4614e820fd748ff33f.jpg,1,194
C:\Users\16610\Desktop\.workbuddy\.workbuddy\saint_george_classifier\data\raw\georges\567409cd284bd9366394d7deb3440007.jpg,1,689
C:\Users\16610\Desktop\.workbuddy\.workbuddy\saint_george_classifier\data\raw\georges\567559d4e622031c14aa114abec6c78a.jpg,1,690
C:\Users\16610\Desktop\.workbuddy\.workbuddy\saint_george_classifier\data\raw\georges\569ef1a69467015f6a8e8d003c920ba4.jpg,1,427
C:\Users\16610\Desktop\.workbuddy\.workbuddy\saint_george_classifier\data\raw\georges\56a8f02c0778437d1ba77a2c8629743f.jpg,1,60
C:\Users\16610\Desktop\.workbuddy\.workbuddy\saint_george_classifier\data\raw\georges\56ae14479d6bf88b2302ce2584d4ab1d.jpg,1,691
C:\Users\16610\Desktop\.workbuddy\.workbuddy\saint_george_classifier\data\raw\georges\56c2aeafae063fcd75ea71f6c0be89a3.jpg,1,692
C:\Users\16610\Desktop\.workbuddy\.workbuddy\saint_george_classifier\data\raw\georges\574a826c832c1d53a83dddfd92319d1b.jpg,1,693
C:\Users\16610\Desktop\.workbuddy\.workbuddy\saint_george_classifier\data\raw\georges\5784f92f6aa0f58f46dc4e67a4043d9b.jpg,1,694
C:\Users\16610\Desktop\.workbuddy\.workbuddy\saint_george_classifier\data\raw\georges\57d03dccd776995f3e4e01c959f5d659.jpg,1,695
C:\Users\16610\Desktop\.workbuddy\.workbuddy\saint_george_classifier\data\raw\georges\582313c05fc7762f78f329433b947725.jpg,1,697
C:\Users\16610\Desktop\.workbuddy\.workbuddy\saint_george_classifier\data\raw\georges\5841900a30c55b1c77dd1aa275746be1.jpg,1,698
C:\Users\16610\Desktop\.workbuddy\.workbuddy\saint_george_classifier\data\raw\georges\58888e02b00bff471f929f3bd0356661.jpg,1,701
C:\Users\16610\Desktop\.workbuddy\.workbuddy\saint_george_classifier\data\raw\georges\588dc3a9ea9c6ae3201357607597de17.jpg,1,215
C:\Users\16610\Desktop\.workbuddy\.workbuddy\saint_george_classifier\data\raw\georges\58a0a92f33c9d3aee1670d24c9d0b652.jpg,1,702
C:\Users\16610\Desktop\.workbuddy\.workbuddy\saint_george_classifier\data\raw\georges\58b002a6974207accee451adf45e4be1.jpg,1,703
C:\Users\16610\Desktop\.workbuddy\.workbuddy\saint_george_classifier\data\raw\georges\58c43717c2054fba8dcc5f2746771c4b.jpg,1,704
C:\Users\16610\Desktop\.workbuddy\.workbuddy\saint_george_classifier\data\raw\georges\58c8dc904317f2dfbfd9926116fdf5c1.jpg,1,705
C:\Users\16610\Desktop\.workbuddy\.workbuddy\saint_george_classifier\data\raw\georges\591637aa53ab1425f4cd5a7d9cf1875f.jpg,1,707
C:\Users\16610\Desktop\.workbuddy\.workbuddy\saint_george_classifier\data\raw\georges\593ad68fb09945a90ece236dc08f49d1.jpg,1,708
C:\Users\16610\Desktop\.workbuddy\.workbuddy\saint_george_classifier\data\raw\georges\596cfb1e9c7ce118add859260022610b.jpg,1,710
C:\Users\16610\Desktop\.workbuddy\.workbuddy\saint_george_classifier\data\raw\georges\59962cd7b92830e90612cf8d085d987f.jpg,1,215
C:\Users\16610\Desktop\.workbuddy\.workbuddy\saint_george_classifier\data\raw\georges\5a2414a96a25266b5c6a80cff5d154ea.jpg,1,713
C:\Users\16610\Desktop\.workbuddy\.workbuddy\saint_george_classifier\data\raw\georges\5a316e1774d78335c84261b89e33209e.jpg,1,714
C:\Users\16610\Desktop\.workbuddy\.workbuddy\saint_george_classifier\data\raw\georges\5a588bc5136d15db2914548aeb6d50ec.jpg,1,715
C:\Users\16610\Desktop\.workbuddy\.workbuddy\saint_george_classifier\data\raw\georges\5a6f665d5ae52175907c0e2142b45a8c.jpg,1,716
C:\Users\16610\Desktop\.workbuddy\.workbuddy\saint_george_classifier\data\raw\georges\5a7d9e847e2d10b905bc0490c6915aa4.jpg,1,718
C:\Users\16610\Desktop\.workbuddy\.workbuddy\saint_george_classifier\data\raw\georges\5a9ad0181bb431153400900b7b1f736d.jpg,1,719
C:\Users\16610\Desktop\.workbuddy\.workbuddy\saint_george_classifier\data\raw\georges\5aa31eb0ed4c7c18e5e5ba6d94b24fc8.jpg,1,720
C:\Users\16610\Desktop\.workbuddy\.workbuddy\saint_george_classifier\data\raw\georges\5acdc245f7117a1786378f42609754b2.jpg,1,721
C:\Users\16610\Desktop\.workbuddy\.workbuddy\saint_george_classifier\data\raw\georges\5af64437f0c6c2d5a018b8250ead3b1b.jpg,1,722
C:\Users\16610\Desktop\.workbuddy\.workbuddy\saint_george_classifier\data\raw\georges\5b119f83159658760c774436d7eaf049.jpg,1,723
C:\Users\16610\Desktop\.workbuddy\.workbuddy\saint_george_classifier\data\raw\georges\5b1279e4f8b6f1153c2053c6c79a51ac.jpg,1,724
C:\Users\16610\Desktop\.workbuddy\.workbuddy\saint_george_classifier\data\raw\georges\5b3cf0de434adaa4cd60099e73276c68.jpg,1,725
C:\Users\16610\Desktop\.workbuddy\.workbuddy\saint_george_classifier\data\raw\georges\5b56fa6cf618b0803ae05628f9f03c06.jpg,1,726
C:\Users\16610\Desktop\.workbuddy\.workbuddy\saint_george_classifier\data\raw\georges\5b7bccf92f23c07c372c1b686b0dabcf.jpg,1,727
C:\Users\16610\Desktop\.workbuddy\.workbuddy\saint_george_classifier\data\raw\georges\5b832c2287b15bc1ac54dff85dc29097.jpg,1,728
C:\Users\16610\Desktop\.workbuddy\.workbuddy\saint_george_classifier\data\raw\georges\5bade8b348562c81184f6757c5a4c722.jpg,1,730
C:\Users\16610\Desktop\.workbuddy\.workbuddy\saint_george_classifier\data\raw\georges\5bc23ebbc4d8ea5ab87fbdc82e5d8bc9.jpg,1,731
C:\Users\16610\Desktop\.workbuddy\.workbuddy\saint_george_classifier\data\raw\georges\5c29fb3df5d4ba42ff7da6cd714f8ff0.jpg,1,732
C:\Users\16610\Desktop\.workbuddy\.workbuddy\saint_george_classifier\data\raw\georges\5c35c70e94c22c4adf70add656fff0cb.jpg,1,733
C:\Users\16610\Desktop\.workbuddy\.workbuddy\saint_george_classifier\data\raw\georges\5c4ae2f58487ef9103eca95e44dfc4a3.jpg,1,735
C:\Users\16610\Desktop\.workbuddy\.workbuddy\saint_george_classifier\data\raw\georges\5c68aff528f1fc67cac1e2bd97f08ce4.jpg,1,736
C:\Users\16610\Desktop\.workbuddy\.workbuddy\saint_george_classifier\data\raw\georges\5caebdce287c8f59245e4a1d8d36953e.jpg,1,737
C:\Users\16610\Desktop\.workbuddy\.workbuddy\saint_george_classifier\data\raw\georges\5ce945ecaf09caf1353d5f9c1044945d.jpg,1,16
C:\Users\16610\Desktop\.workbuddy\.workbuddy\saint_george_classifier\data\raw\georges\5cea17cf13fe4861940f951fbbf7cf66.jpg,1,739
C:\Users\16610\Desktop\.workbuddy\.workbuddy\saint_george_classifier\data\raw\georges\5d2c5486a81a21855e7d8d9d4e195368.jpg,1,32
C:\Users\16610\Desktop\.workbuddy\.workbuddy\saint_george_classifier\data\raw\georges\5d5ce8a03998a534dc242930bb9859b5.jpg,1,740
C:\Users\16610\Desktop\.workbuddy\.workbuddy\saint_george_classifier\data\raw\georges\5d877dc17a3bde6910f51f809c7b8e53.jpg,1,741
C:\Users\16610\Desktop\.workbuddy\.workbuddy\saint_george_classifier\data\raw\georges\5d8cbfc3eb9e9823ec69e5ca6a1ca9d0.jpg,1,742
C:\Users\16610\Desktop\.workbuddy\.workbuddy\saint_george_classifier\data\raw\georges\5da3415161157c106ccb01a75bcc863b.jpg,1,544
C:\Users\16610\Desktop\.workbuddy\.workbuddy\saint_george_classifier\data\raw\georges\5da522504abc1a7e01f39318747f0d7c.jpg,1,743
C:\Users\16610\Desktop\.workbuddy\.workbuddy\saint_george_classifier\data\raw\georges\5dd03c7501f045a30ec981e4e58c785e.jpg,1,746
C:\Users\16610\Desktop\.workbuddy\.workbuddy\saint_george_classifier\data\raw\georges\5de59bb344916745129430b4f03da4af.jpg,1,747
C:\Users\16610\Desktop\.workbuddy\.workbuddy\saint_george_classifier\data\raw\georges\5e20c3228e08c12485e2472d502ec16b.jpg,1,467
C:\Users\16610\Desktop\.workbuddy\.workbuddy\saint_george_classifier\data\raw\georges\5e2b4eaae372c53b812ec97d614a0b9f.jpg,1,748
C:\Users\16610\Desktop\.workbuddy\.workbuddy\saint_george_classifier\data\raw\georges\5e45a620ec287f3585549e2a25323b3c.jpg,1,416
C:\Users\16610\Desktop\.workbuddy\.workbuddy\saint_george_classifier\data\raw\georges\5e5442e10ed7afa93ea0c51fb19ed272.jpg,1,19
C:\Users\16610\Desktop\.workbuddy\.workbuddy\saint_george_classifier\data\raw\georges\5e5b6ee4f13ad32c84e9c92ea5b3625b.jpg,1,749
C:\Users\16610\Desktop\.workbuddy\.workbuddy\saint_george_classifier\data\raw\georges\5e6f1dc04663ac1536e2da2930fcc6f4.jpg,1,750
C:\Users\16610\Desktop\.workbuddy\.workbuddy\saint_george_classifier\data\raw\georges\5e774c32a9885e1c49f14f5a2d5c2df8.jpg,1,751
C:\Users\16610\Desktop\.workbuddy\.workbuddy\saint_george_classifier\data\raw\georges\5ed2677ee2f654266e8704ff220e8950.jpg,1,753
C:\Users\16610\Desktop\.workbuddy\.workbuddy\saint_george_classifier\data\raw\georges\5ed2d467fc188bf5f33415d32c6b499c.jpg,1,153
C:\Users\16610\Desktop\.workbuddy\.workbuddy\saint_george_classifier\data\raw\georges\5f441238c01bbbb1d2bcba3b61bac060.jpg,1,755
C:\Users\16610\Desktop\.workbuddy\.workbuddy\saint_george_classifier\data\raw\georges\5f562f7cbfc6a8a6f7e3059114e36a5c.jpg,1,540
C:\Users\16610\Desktop\.workbuddy\.workbuddy\saint_george_classifier\data\raw\georges\5f697aa2e46043545a218b6033bd79b3.jpg,1,13
C:\Users\16610\Desktop\.workbuddy\.workbuddy\saint_george_classifier\data\raw\georges\5f965b7bd33036505059c1f1614737ad.jpg,1,10
C:\Users\16610\Desktop\.workbuddy\.workbuddy\saint_george_classifier\data\raw\georges\5fb66a2062671ba05d9bacec9c28d01f.jpg,1,374
C:\Users\16610\Desktop\.workbuddy\.workbuddy\saint_george_classifier\data\raw\georges\5fbf5ff97215c35fd33766292ab854de.jpg,1,756
C:\Users\16610\Desktop\.workbuddy\.workbuddy\saint_george_classifier\data\raw\georges\60001c944b55bf5ea84902199457e088.jpg,1,758
C:\Users\16610\Desktop\.workbuddy\.workbuddy\saint_george_classifier\data\raw\georges\6031362dccdb905833fb07ad363e94f8.jpg,1,561
C:\Users\16610\Desktop\.workbuddy\.workbuddy\saint_george_classifier\data\raw\georges\6033107a14a8a4a4615d043914f8bef7.jpg,1,759
C:\Users\16610\Desktop\.workbuddy\.workbuddy\saint_george_classifier\data\raw\georges\60d03bc42837019ba315f8a182ac2b86.jpg,1,388
C:\Users\16610\Desktop\.workbuddy\.workbuddy\saint_george_classifier\data\raw\georges\60d44b725dee9c71d0fb5b2cae77f2b6.jpg,1,10
C:\Users\16610\Desktop\.workbuddy\.workbuddy\saint_george_classifier\data\raw\georges\60e03e0ff4d7786ca2e19cf127ca5f8a.jpg,1,763
C:\Users\16610\Desktop\.workbuddy\.workbuddy\saint_george_classifier\data\raw\georges\60ee6a4e4ba6229bb5695abf6e7c50ee.jpg,1,764
C:\Users\16610\Desktop\.workbuddy\.workbuddy\saint_george_classifier\data\raw\georges\6142d2d531e8eb08e88d1961f38c217d.jpg,1,765
C:\Users\16610\Desktop\.workbuddy\.workbuddy\saint_george_classifier\data\raw\georges\6143df9d535953b65ba45865c140aa8c.jpg,1,766
C:\Users\16610\Desktop\.workbuddy\.workbuddy\saint_george_classifier\data\raw\georges\614d6b2dd00d8db4ef93319c9e694525.jpg,1,767
C:\Users\16610\Desktop\.workbuddy\.workbuddy\saint_george_classifier\data\raw\georges\6154baad9339998923465bfe3c1d2c9d.jpg,1,768
C:\Users\16610\Desktop\.workbuddy\.workbuddy\saint_george_classifier\data\raw\georges\61706272f2149639d0d9e99d8404f780.jpg,1,769
C:\Users\16610\Desktop\.workbuddy\.workbuddy\saint_george_classifier\data\raw\georges\6187ce0f9cebb3ae6f0858b9c774606c.jpg,1,215
C:\Users\16610\Desktop\.workbuddy\.workbuddy\saint_george_classifier\data\raw\georges\61d0f9cc31008f4a58b6d09ceb5cf9a1.jpg,1,215
C:\Users\16610\Desktop\.workbuddy\.workbuddy\saint_george_classifier\data\raw\georges\62455a90e88515c664e15f17098a6e93.jpg,1,774
C:\Users\16610\Desktop\.workbuddy\.workbuddy\saint_george_classifier\data\raw\georges\625431e1b5a2d690781d724597f459ed.jpg,1,775
C:\Users\16610\Desktop\.workbuddy\.workbuddy\saint_george_classifier\data\raw\georges\62e0e9a60d044975764a125ab8da87f8.jpg,1,776
C:\Users\16610\Desktop\.workbuddy\.workbuddy\saint_george_classifier\data\raw\georges\62eb588327513b96384033fb265e48d7.jpg,1,777
C:\Users\16610\Desktop\.workbuddy\.workbuddy\saint_george_classifier\data\raw\georges\62fd0de51fb784d7ab02bf0023d0c985.jpg,1,778
C:\Users\16610\Desktop\.workbuddy\.workbuddy\saint_george_classifier\data\raw\georges\631c07ac4109ab265682e95f477209fd.jpg,1,779
C:\Users\16610\Desktop\.workbuddy\.workbuddy\saint_george_classifier\data\raw\georges\633914d5d9bdfda411bf2c37abcfd080.jpg,1,780
C:\Users\16610\Desktop\.workbuddy\.workbuddy\saint_george_classifier\data\raw\georges\6380e10717d4aa24344c0fa94448ea00.jpg,1,19
C:\Users\16610\Desktop\.workbuddy\.workbuddy\saint_george_classifier\data\raw\georges\6389c99604e328896df5777cd0eb9ae3.jpg,1,782
C:\Users\16610\Desktop\.workbuddy\.workbuddy\saint_george_classifier\data\raw\georges\63a1716d136bdd5a4625e99da249a6e0.jpg,1,60
C:\Users\16610\Desktop\.workbuddy\.workbuddy\saint_george_classifier\data\raw\georges\63b86dbdd9df8ffd6384904ecd07f7ad.jpg,1,19
C:\Users\16610\Desktop\.workbuddy\.workbuddy\saint_george_classifier\data\raw\georges\63fde4d3613004979b06e49679c419ab.jpg,1,784
C:\Users\16610\Desktop\.workbuddy\.workbuddy\saint_george_classifier\data\raw\georges\64284d362db7048223aca6b96a4ef915.jpg,1,25
C:\Users\16610\Desktop\.workbuddy\.workbuddy\saint_george_classifier\data\raw\georges\6429d4a1309112151e60af17049cd89c.jpg,1,785
C:\Users\16610\Desktop\.workbuddy\.workbuddy\saint_george_classifier\data\raw\georges\642bc8e27718bf916436698f6af3b413.jpg,1,25
C:\Users\16610\Desktop\.workbuddy\.workbuddy\saint_george_classifier\data\raw\georges\6432f3b18b937765a0abf2c11bf0cb8a.jpg,1,786
C:\Users\16610\Desktop\.workbuddy\.workbuddy\saint_george_classifier\data\raw\georges\643ef33485f565553b82194d085c1fbb.jpg,1,424
C:\Users\16610\Desktop\.workbuddy\.workbuddy\saint_george_classifier\data\raw\georges\64533422e058ab56e0ab053887f3781c.jpg,1,319
C:\Users\16610\Desktop\.workbuddy\.workbuddy\saint_george_classifier\data\raw\georges\648e295603ac78df7288749b5296617c.jpg,1,589
C:\Users\16610\Desktop\.workbuddy\.workbuddy\saint_george_classifier\data\raw\georges\64ab612dd9df173c1284753ba79e04d7.jpg,1,787
C:\Users\16610\Desktop\.workbuddy\.workbuddy\saint_george_classifier\data\raw\georges\64b822f7791ad02bd1ad18354cc39db5.jpg,1,788
C:\Users\16610\Desktop\.workbuddy\.workbuddy\saint_george_classifier\data\raw\georges\64ceeeff63072b87ba4e5d0e2bbf6f2c.jpg,1,460
C:\Users\16610\Desktop\.workbuddy\.workbuddy\saint_george_classifier\data\raw\georges\64d49c5de6a540a45d4d1e52df36140e.jpg,1,789
C:\Users\16610\Desktop\.workbuddy\.workbuddy\saint_george_classifier\data\raw\georges\64d722476467ac88f596fc2b4e5084d6.jpg,1,790
C:\Users\16610\Desktop\.workbuddy\.workbuddy\saint_george_classifier\data\raw\georges\64e6c9fcfe3afba66bfb2f6dc57fe9a2.jpg,1,791
C:\Users\16610\Desktop\.workbuddy\.workbuddy\saint_george_classifier\data\raw\georges\654db0ae05ffafba5cadc3e052a5f71e.jpg,1,123
C:\Users\16610\Desktop\.workbuddy\.workbuddy\saint_george_classifier\data\raw\georges\6583092188db4346df596015a7f25668.jpg,1,792
C:\Users\16610\Desktop\.workbuddy\.workbuddy\saint_george_classifier\data\raw\georges\65ba52ef1c3e8b85258cf7dbdcc98a82.jpg,1,588
C:\Users\16610\Desktop\.workbuddy\.workbuddy\saint_george_classifier\data\raw\georges\65bb5d0af8c8a56d067ac64ddfa86455.jpg,1,158
C:\Users\16610\Desktop\.workbuddy\.workbuddy\saint_george_classifier\data\raw\georges\65e0cae1d2f28a324fa864761baa3db1.jpg,1,793
C:\Users\16610\Desktop\.workbuddy\.workbuddy\saint_george_classifier\data\raw\georges\65f893f0d362fb494aac5193a624f32b.jpg,1,794
C:\Users\16610\Desktop\.workbuddy\.workbuddy\saint_george_classifier\data\raw\georges\662765c505f191adc8bb248541cde732.jpg,1,415
C:\Users\16610\Desktop\.workbuddy\.workbuddy\saint_george_classifier\data\raw\georges\6667a89bae5794b385c94f1d5a7b4a3e.jpg,1,795
C:\Users\16610\Desktop\.workbuddy\.workbuddy\saint_george_classifier\data\raw\georges\6678040138c28444b1af0cf997dfc300.jpg,1,796
C:\Users\16610\Desktop\.workbuddy\.workbuddy\saint_george_classifier\data\raw\georges\66847b2b36733802cebc2b0662103bee.jpg,1,797
C:\Users\16610\Desktop\.workbuddy\.workbuddy\saint_george_classifier\data\raw\georges\66a94c074d9b1d8415e4725cb25fdbd9.jpg,1,799
C:\Users\16610\Desktop\.workbuddy\.workbuddy\saint_george_classifier\data\raw\georges\66fa6e0a5791df55abce92692beeec5c.jpg,1,802
C:\Users\16610\Desktop\.workbuddy\.workbuddy\saint_george_classifier\data\raw\georges\670d0b391c5668c7b0d427533ff2a2d8.jpg,1,804
C:\Users\16610\Desktop\.workbuddy\.workbuddy\saint_george_classifier\data\raw\georges\678cb426a957c5f28d0092835ebbef79.jpg,1,806
C:\Users\16610\Desktop\.workbuddy\.workbuddy\saint_george_classifier\data\raw\georges\67ad35c62eff56af528ae43381b0c5de.jpg,1,808
C:\Users\16610\Desktop\.workbuddy\.workbuddy\saint_george_classifier\data\raw\georges\67cc32883f6332ab91827b97e8001641.jpg,1,809
C:\Users\16610\Desktop\.workbuddy\.workbuddy\saint_george_classifier\data\raw\georges\67dad6e88d5082d432caff77ed2f7dc0.jpg,1,810
C:\Users\16610\Desktop\.workbuddy\.workbuddy\saint_george_classifier\data\raw\georges\67f2364f5913828fdbcfbdb29b3388d2.jpg,1,811
C:\Users\16610\Desktop\.workbuddy\.workbuddy\saint_george_classifier\data\raw\georges\68093feca23492efe1b05e3ababc0a98.jpg,1,60
C:\Users\16610\Desktop\.workbuddy\.workbuddy\saint_george_classifier\data\raw\georges\6884e7430e574b7306c731076c199cb7.jpg,1,812
C:\Users\16610\Desktop\.workbuddy\.workbuddy\saint_george_classifier\data\raw\georges\68b9896ac4961590061cbd256d6201a4.jpg,1,159
C:\Users\16610\Desktop\.workbuddy\.workbuddy\saint_george_classifier\data\raw\georges\68e561c77aa27ed7a77136bc82afe450.jpg,1,815
C:\Users\16610\Desktop\.workbuddy\.workbuddy\saint_george_classifier\data\raw\georges\68fcef2c880576fdb0b26c115d604890.jpg,1,816
C:\Users\16610\Desktop\.workbuddy\.workbuddy\saint_george_classifier\data\raw\georges\69049be48a75d928562d0a97de22d736.jpg,1,817
C:\Users\16610\Desktop\.workbuddy\.workbuddy\saint_george_classifier\data\raw\georges\69065a0ac1ce9799a0df63d25c9e56ed.jpg,1,818
C:\Users\16610\Desktop\.workbuddy\.workbuddy\saint_george_classifier\data\raw\georges\696b4e3b30a1e4fa5c8b945fee4f6107.jpg,1,819
C:\Users\16610\Desktop\.workbuddy\.workbuddy\saint_george_classifier\data\raw\georges\698de776dbf2b32e1d3c95a0721707ff.jpg,1,820
C:\Users\16610\Desktop\.workbuddy\.workbuddy\saint_george_classifier\data\raw\georges\6992262c606917ea8a1c562c0fbfdfc8.jpg,1,821
C:\Users\16610\Desktop\.workbuddy\.workbuddy\saint_george_classifier\data\raw\georges\69a069b07674fd156cc65e24a7e4e839.jpg,1,822
C:\Users\16610\Desktop\.workbuddy\.workbuddy\saint_george_classifier\data\raw\georges\69d32b7b73c174935a6679157cb9b41b.jpg,1,369
C:\Users\16610\Desktop\.workbuddy\.workbuddy\saint_george_classifier\data\raw\georges\6a074a83969e23257f739dfbf557ddec.jpg,1,342
C:\Users\16610\Desktop\.workbuddy\.workbuddy\saint_george_classifier\data\raw\georges\6a109f0c7cf587e77aa7d399c8b2299c.jpg,1,824
C:\Users\16610\Desktop\.workbuddy\.workbuddy\saint_george_classifier\data\raw\georges\6a12f83120d09cba9a17809f2e76b40b.jpg,1,825
C:\Users\16610\Desktop\.workbuddy\.workbuddy\saint_george_classifier\data\raw\georges\6a47079464b6c1f2f62dd48db97637cd.jpg,1,826
C:\Users\16610\Desktop\.workbuddy\.workbuddy\saint_george_classifier\data\raw\georges\6a5d210f7fd19c6c7f492049c532fca8.jpg,1,827
C:\Users\16610\Desktop\.workbuddy\.workbuddy\saint_george_classifier\data\raw\georges\6a627d9f6671bc039e70e19620924ec2.jpg,1,828
C:\Users\16610\Desktop\.workbuddy\.workbuddy\saint_george_classifier\data\raw\georges\6b0e183f55dbf65a6c8d1978e17d9b99.jpg,1,778
C:\Users\16610\Desktop\.workbuddy\.workbuddy\saint_george_classifier\data\raw\georges\6ba84425b2e32bde86bf9beb74d247e9.jpg,1,833
C:\Users\16610\Desktop\.workbuddy\.workbuddy\saint_george_classifier\data\raw\georges\6c2a0c1b46c5a5e8069569ea09869804.jpg,1,369
C:\Users\16610\Desktop\.workbuddy\.workbuddy\saint_george_classifier\data\raw\georges\6c65d5b696e3af5a6773602f8aac3b16.jpg,1,834
C:\Users\16610\Desktop\.workbuddy\.workbuddy\saint_george_classifier\data\raw\georges\6c83a36e77db2895c9d8528fd02a84cb.jpg,1,243
C:\Users\16610\Desktop\.workbuddy\.workbuddy\saint_george_classifier\data\raw\georges\6ca2ea9530f09481e8019f31b0ffc0dd.jpg,1,571
C:\Users\16610\Desktop\.workbuddy\.workbuddy\saint_george_classifier\data\raw\georges\6cc9074fa36768b63295816f46bc7d24.jpg,1,835
C:\Users\16610\Desktop\.workbuddy\.workbuddy\saint_george_classifier\data\raw\georges\6cdf843bc5885e4cb10bf60748998c93.jpg,1,837
C:\Users\16610\Desktop\.workbuddy\.workbuddy\saint_george_classifier\data\raw\georges\6d522503fc90a59a62790a3267fc2b79.jpg,1,96
C:\Users\16610\Desktop\.workbuddy\.workbuddy\saint_george_classifier\data\raw\georges\6d83854442b2bcedfec919845b7820fe.jpg,1,840
C:\Users\16610\Desktop\.workbuddy\.workbuddy\saint_george_classifier\data\raw\georges\6d9ede747d0b1a27decfc1cc07686d23.jpg,1,841
C:\Users\16610\Desktop\.workbuddy\.workbuddy\saint_george_classifier\data\raw\georges\6dc6392ad64750823d476c0dacd927b6.jpg,1,112
C:\Users\16610\Desktop\.workbuddy\.workbuddy\saint_george_classifier\data\raw\georges\6dc68944727e365d2973343702b5da98.jpg,1,842
C:\Users\16610\Desktop\.workbuddy\.workbuddy\saint_george_classifier\data\raw\georges\6dc8b981206b5f58e1b193d26a7e0216.jpg,1,843
C:\Users\16610\Desktop\.workbuddy\.workbuddy\saint_george_classifier\data\raw\georges\6de09006db85fd60891d5ba6880b00db.jpg,1,844
C:\Users\16610\Desktop\.workbuddy\.workbuddy\saint_george_classifier\data\raw\georges\6e9b96ca3fb506dc7809aede46c924ec.jpg,1,846
C:\Users\16610\Desktop\.workbuddy\.workbuddy\saint_george_classifier\data\raw\georges\6eeb7226fd29c46e01ec3364cd8bf104.jpg,1,848
C:\Users\16610\Desktop\.workbuddy\.workbuddy\saint_george_classifier\data\raw\georges\6eec734add877a555451472ed979629c.jpg,1,849
C:\Users\16610\Desktop\.workbuddy\.workbuddy\saint_george_classifier\data\raw\georges\6efa0a8b22a42a9e318c0fd348669537.jpg,1,851
C:\Users\16610\Desktop\.workbuddy\.workbuddy\saint_george_classifier\data\raw\georges\6f05881cff480248896e226effea7772.jpg,1,427
C:\Users\16610\Desktop\.workbuddy\.workbuddy\saint_george_classifier\data\raw\georges\6f4592525bd1f270b80db8e380a0d861.jpg,1,237
C:\Users\16610\Desktop\.workbuddy\.workbuddy\saint_george_classifier\data\raw\georges\6f5fb9b87783079b8aba4615a2a39d9d.jpg,1,852
C:\Users\16610\Desktop\.workbuddy\.workbuddy\saint_george_classifier\data\raw\georges\6f76b063a9fda61ee0f94ba18bbfce34.jpg,1,854
C:\Users\16610\Desktop\.workbuddy\.workbuddy\saint_george_classifier\data\raw\georges\6fc90b0f033e7f7fbb8e83bec64771b2.jpg,1,856
C:\Users\16610\Desktop\.workbuddy\.workbuddy\saint_george_classifier\data\raw\georges\6fe5753a81e7c02d3f9fafc9b4a9b039.jpg,1,857
C:\Users\16610\Desktop\.workbuddy\.workbuddy\saint_george_classifier\data\raw\georges\70240657744afea7a4d8ca90b158b388.jpg,1,858
C:\Users\16610\Desktop\.workbuddy\.workbuddy\saint_george_classifier\data\raw\georges\7029f8fda34c778b45b008043db30b15.jpg,1,841
C:\Users\16610\Desktop\.workbuddy\.workbuddy\saint_george_classifier\data\raw\georges\7042ebb43b6f526085a0dded1aa30de8.jpg,1,19
C:\Users\16610\Desktop\.workbuddy\.workbuddy\saint_george_classifier\data\raw\georges\704545885b6e445722970ff33706592a.jpg,1,859
C:\Users\16610\Desktop\.workbuddy\.workbuddy\saint_george_classifier\data\raw\georges\706919637683b4eea3b44821df1fb554.jpg,1,860
C:\Users\16610\Desktop\.workbuddy\.workbuddy\saint_george_classifier\data\raw\georges\7093d1d508c67e936469a33aae40cc65.jpg,1,861
C:\Users\16610\Desktop\.workbuddy\.workbuddy\saint_george_classifier\data\raw\georges\70cf42ac9a76b7a8d9c9c4b0aa98fbb7.jpg,1,862
C:\Users\16610\Desktop\.workbuddy\.workbuddy\saint_george_classifier\data\raw\georges\712f6c6f4cb4bffac92c01d29a4bb983.jpg,1,863
C:\Users\16610\Desktop\.workbuddy\.workbuddy\saint_george_classifier\data\raw\georges\715cf128b1e6389d9f3a4564f9e71373.jpg,1,561
C:\Users\16610\Desktop\.workbuddy\.workbuddy\saint_george_classifier\data\raw\georges\715e18e359a06d8f222a5c620f8b879c.jpg,1,209
C:\Users\16610\Desktop\.workbuddy\.workbuddy\saint_george_classifier\data\raw\georges\716f4b1f9c7cef7cbbb8f716bf8afbf1.jpg,1,865
C:\Users\16610\Desktop\.workbuddy\.workbuddy\saint_george_classifier\data\raw\georges\7177b2fcf7ce299ea715b00bde01bf67.jpg,1,866
C:\Users\16610\Desktop\.workbuddy\.workbuddy\saint_george_classifier\data\raw\georges\71aec973982a3166cb8b4c79beab2c74.jpg,1,867
C:\Users\16610\Desktop\.workbuddy\.workbuddy\saint_george_classifier\data\raw\georges\71b0c9aa03afb635cad4520236027d51.jpg,1,868
C:\Users\16610\Desktop\.workbuddy\.workbuddy\saint_george_classifier\data\raw\georges\71e42c4c7fe2281099840f084af67166.jpg,1,869
C:\Users\16610\Desktop\.workbuddy\.workbuddy\saint_george_classifier\data\raw\georges\720cfa7748dc57cdb72481f16976c1d7.jpg,1,280
C:\Users\16610\Desktop\.workbuddy\.workbuddy\saint_george_classifier\data\raw\georges\721bceed1d8dc2891f1d432e117b099b.jpg,1,871
C:\Users\16610\Desktop\.workbuddy\.workbuddy\saint_george_classifier\data\raw\georges\722672d953a6af88ac1bddd528c6c01e.jpg,1,613
C:\Users\16610\Desktop\.workbuddy\.workbuddy\saint_george_classifier\data\raw\georges\7242b36419a4e0f2341e66aeed6f223a.jpg,1,869
C:\Users\16610\Desktop\.workbuddy\.workbuddy\saint_george_classifier\data\raw\georges\7242ced755a4c352afde3ae53f126e67.jpg,1,873
C:\Users\16610\Desktop\.workbuddy\.workbuddy\saint_george_classifier\data\raw\georges\72773ba97bccbdddd740a605eb7a1d2e.jpg,1,874
C:\Users\16610\Desktop\.workbuddy\.workbuddy\saint_george_classifier\data\raw\georges\7278201bb00f127c2c8a1b58c9cbd2fb.jpg,1,875
C:\Users\16610\Desktop\.workbuddy\.workbuddy\saint_george_classifier\data\raw\georges\728b75e80d01f4c5dd6d0046c3ba2a0a.jpg,1,60
C:\Users\16610\Desktop\.workbuddy\.workbuddy\saint_george_classifier\data\raw\georges\72d4cf69c8ed00c0013b6f190a1ea146.jpg,1,876
C:\Users\16610\Desktop\.workbuddy\.workbuddy\saint_george_classifier\data\raw\georges\72d9a4d6ab396e5fd929ec4ec6cd6bd4.jpg,1,877
C:\Users\16610\Desktop\.workbuddy\.workbuddy\saint_george_classifier\data\raw\georges\72f94fda0f0105c440062b5c9ad26564.jpg,1,879
C:\Users\16610\Desktop\.workbuddy\.workbuddy\saint_george_classifier\data\raw\georges\73152489e2d0706f89060e190d13ef44.jpg,1,880
C:\Users\16610\Desktop\.workbuddy\.workbuddy\saint_george_classifier\data\raw\georges\73313c0889f36d6157ac21dc5919fdb9.jpg,1,881
C:\Users\16610\Desktop\.workbuddy\.workbuddy\saint_george_classifier\data\raw\georges\735fe0b1441b483fd88cb0e9287f5394.jpg,1,882
C:\Users\16610\Desktop\.workbuddy\.workbuddy\saint_george_classifier\data\raw\georges\737f2016e00b2b53199163921b6d2af1.jpg,1,2
C:\Users\16610\Desktop\.workbuddy\.workbuddy\saint_george_classifier\data\raw\georges\73c1425a898757ae05823baba1d4f2a6.jpg,1,670
C:\Users\16610\Desktop\.workbuddy\.workbuddy\saint_george_classifier\data\raw\georges\73e90918b373b4d0ae86e6cca8956494.jpg,1,884
C:\Users\16610\Desktop\.workbuddy\.workbuddy\saint_george_classifier\data\raw\georges\73eb49f37e6b45bef3b109a1870531dc.jpg,1,885
C:\Users\16610\Desktop\.workbuddy\.workbuddy\saint_george_classifier\data\raw\georges\73eda6778278573bfe7a1e335be6d1a5.jpg,1,886
C:\Users\16610\Desktop\.workbuddy\.workbuddy\saint_george_classifier\data\raw\georges\742bd707d5498c3f83db2f001625a02f.jpg,1,888
C:\Users\16610\Desktop\.workbuddy\.workbuddy\saint_george_classifier\data\raw\georges\7435a076139b54243ba2bfd61c6776e6.jpg,1,889
C:\Users\16610\Desktop\.workbuddy\.workbuddy\saint_george_classifier\data\raw\georges\7448ab09fa6d596c2c912540c70bd962.jpg,1,116
C:\Users\16610\Desktop\.workbuddy\.workbuddy\saint_george_classifier\data\raw\georges\74614414992ebd9ddf5b84a23c20e636.jpg,1,890
C:\Users\16610\Desktop\.workbuddy\.workbuddy\saint_george_classifier\data\raw\georges\74674d48c772affcd3275e737dc6787a.jpg,1,891
C:\Users\16610\Desktop\.workbuddy\.workbuddy\saint_george_classifier\data\raw\georges\7476d715eb1a0636b1040c625af86093.jpg,1,552
C:\Users\16610\Desktop\.workbuddy\.workbuddy\saint_george_classifier\data\raw\georges\74f90aeff2e4c2c359250808ee53392e.jpg,1,893
C:\Users\16610\Desktop\.workbuddy\.workbuddy\saint_george_classifier\data\raw\georges\74f93a03650a7cbcea3dd2e7a1a6d634.jpg,1,894
C:\Users\16610\Desktop\.workbuddy\.workbuddy\saint_george_classifier\data\raw\georges\7502775797553c5a20fe37032fe903d5.jpg,1,19
C:\Users\16610\Desktop\.workbuddy\.workbuddy\saint_george_classifier\data\raw\georges\75154799072f954db9007a5a486c7727.jpg,1,895
C:\Users\16610\Desktop\.workbuddy\.workbuddy\saint_george_classifier\data\raw\georges\7536cf2acb20ddc14a794856161d16c5.jpg,1,896
C:\Users\16610\Desktop\.workbuddy\.workbuddy\saint_george_classifier\data\raw\georges\7555f89d79b7b14de11206c24f9aaa94.jpg,1,897
C:\Users\16610\Desktop\.workbuddy\.workbuddy\saint_george_classifier\data\raw\georges\75a9cd7fe23650d50c3a19fd8ac8200b.jpg,1,899
C:\Users\16610\Desktop\.workbuddy\.workbuddy\saint_george_classifier\data\raw\georges\75c727db7129ebaaa4b953e9d6dbaaaa.jpg,1,900
C:\Users\16610\Desktop\.workbuddy\.workbuddy\saint_george_classifier\data\raw\georges\75dde8dcc1b5b72fcdebeff851692c83.jpg,1,901
C:\Users\16610\Desktop\.workbuddy\.workbuddy\saint_george_classifier\data\raw\georges\7600e81f60ffcc2141301b209e593e5b.jpg,1,903
C:\Users\16610\Desktop\.workbuddy\.workbuddy\saint_george_classifier\data\raw\georges\7614afc36c51647019fd365e0732c37c.jpg,1,904
C:\Users\16610\Desktop\.workbuddy\.workbuddy\saint_george_classifier\data\raw\georges\76169252add46a52df8eaf3920d497b7.jpg,1,623
C:\Users\16610\Desktop\.workbuddy\.workbuddy\saint_george_classifier\data\raw\georges\76295130cced2bb54ffdd770bd08a386.jpg,1,905
C:\Users\16610\Desktop\.workbuddy\.workbuddy\saint_george_classifier\data\raw\georges\762a0656b58b6a4f8121a0a573178a3d.jpg,1,906
C:\Users\16610\Desktop\.workbuddy\.workbuddy\saint_george_classifier\data\raw\georges\7631f3eb5c83667b9db1c383f052f2d8.jpg,1,907
C:\Users\16610\Desktop\.workbuddy\.workbuddy\saint_george_classifier\data\raw\georges\76322419394be6b543a2736d11a8dcb8.jpg,1,908
C:\Users\16610\Desktop\.workbuddy\.workbuddy\saint_george_classifier\data\raw\georges\765bee1fd779b7a7b85ab2c6825415d4.jpg,1,910
C:\Users\16610\Desktop\.workbuddy\.workbuddy\saint_george_classifier\data\raw\georges\7665805017146f0edb3ef2f1711479dd.jpg,1,911
C:\Users\16610\Desktop\.workbuddy\.workbuddy\saint_george_classifier\data\raw\georges\76bd0cf35a00812a27c30fea021afb2e.jpg,1,913
C:\Users\16610\Desktop\.workbuddy\.workbuddy\saint_george_classifier\data\raw\georges\76cd2a1196fb59a0d734701d76a935c2.jpg,1,914
C:\Users\16610\Desktop\.workbuddy\.workbuddy\saint_george_classifier\data\raw\georges\76d8f59ae410ca6e3193143e601c330e.jpg,1,915
C:\Users\16610\Desktop\.workbuddy\.workbuddy\saint_george_classifier\data\raw\georges\76f5b6d9299bb5a9040fbe8e4dbffb80.jpg,1,20
C:\Users\16610\Desktop\.workbuddy\.workbuddy\saint_george_classifier\data\raw\georges\77122f9f618610b35cf624a9e423f175.jpg,1,917
C:\Users\16610\Desktop\.workbuddy\.workbuddy\saint_george_classifier\data\raw\georges\77841bc935672ae8499523a1f8f1e87a.jpg,1,921
C:\Users\16610\Desktop\.workbuddy\.workbuddy\saint_george_classifier\data\raw\georges\779e239a5cf0a55790b8d45643f6b88c.jpg,1,630
C:\Users\16610\Desktop\.workbuddy\.workbuddy\saint_george_classifier\data\raw\georges\781ae28285bfc3d328207ff86911dd32.jpg,1,924
C:\Users\16610\Desktop\.workbuddy\.workbuddy\saint_george_classifier\data\raw\georges\7831104f5302d78170bec46f26dc200a.jpg,1,925
C:\Users\16610\Desktop\.workbuddy\.workbuddy\saint_george_classifier\data\raw\georges\78731dcd8648bcf613119a3f5b7a074f.jpg,1,926
C:\Users\16610\Desktop\.workbuddy\.workbuddy\saint_george_classifier\data\raw\georges\7875b6982c680d62a42def20bebbcfbc.jpg,1,148
C:\Users\16610\Desktop\.workbuddy\.workbuddy\saint_george_classifier\data\raw\georges\78c945d69efc493895739179268244e4.jpg,1,927
C:\Users\16610\Desktop\.workbuddy\.workbuddy\saint_george_classifier\data\raw\georges\78da54b8fa9b7380c3ddd62914e6d5ec.jpg,1,929
C:\Users\16610\Desktop\.workbuddy\.workbuddy\saint_george_classifier\data\raw\georges\78db842b45ea9bbda9ab39576ca43150.jpg,1,16
C:\Users\16610\Desktop\.workbuddy\.workbuddy\saint_george_classifier\data\raw\georges\78dc13e7183df847cba6f29f5caaa88c.jpg,1,930
C:\Users\16610\Desktop\.workbuddy\.workbuddy\saint_george_classifier\data\raw\georges\78f9bebfb87e2e497285e8c9f47a0e71.jpg,1,931
C:\Users\16610\Desktop\.workbuddy\.workbuddy\saint_george_classifier\data\raw\georges\791cd38e22778318d8984f936833e66f.jpg,1,932
C:\Users\16610\Desktop\.workbuddy\.workbuddy\saint_george_classifier\data\raw\georges\794e2bacea04a997150bf4314d42f33f.jpg,1,552
C:\Users\16610\Desktop\.workbuddy\.workbuddy\saint_george_classifier\data\raw\georges\79757bb4188a6cb942baa8da69c2d4b2.jpg,1,934
C:\Users\16610\Desktop\.workbuddy\.workbuddy\saint_george_classifier\data\raw\georges\79a2026a56a34c92dca12a270a92889a.jpg,1,111
C:\Users\16610\Desktop\.workbuddy\.workbuddy\saint_george_classifier\data\raw\georges\79a83e1c381d6079f3522320d9ec748a.jpg,1,156
C:\Users\16610\Desktop\.workbuddy\.workbuddy\saint_george_classifier\data\raw\georges\79cda52dce7070447378535faf538a76.jpg,1,153
C:\Users\16610\Desktop\.workbuddy\.workbuddy\saint_george_classifier\data\raw\georges\79e4eb1f50d6b21b0b2a9599fd128c7a.jpg,1,936
C:\Users\16610\Desktop\.workbuddy\.workbuddy\saint_george_classifier\data\raw\georges\79ea529470685447b4bebd51c5cc5dd8.jpg,1,937
C:\Users\16610\Desktop\.workbuddy\.workbuddy\saint_george_classifier\data\raw\georges\79f87c9e929937a692da064e319bfdc0.jpg,1,938
C:\Users\16610\Desktop\.workbuddy\.workbuddy\saint_george_classifier\data\raw\georges\7a2ffe2fea306dd28a4895711d96d1d1.jpg,1,940
C:\Users\16610\Desktop\.workbuddy\.workbuddy\saint_george_classifier\data\raw\georges\7a52e4ac79fa12ecdb96419ba69da623.jpg,1,941
C:\Users\16610\Desktop\.workbuddy\.workbuddy\saint_george_classifier\data\raw\georges\7a5d51fb0c5997f3dd79ce8da64b233f.jpg,1,942
C:\Users\16610\Desktop\.workbuddy\.workbuddy\saint_george_classifier\data\raw\georges\7a91911ce65fa5fe32fa34491e5742de.jpg,1,943
C:\Users\16610\Desktop\.workbuddy\.workbuddy\saint_george_classifier\data\raw\georges\7a9e5430777d83bcdd02740f0ff5b595.jpg,1,944
C:\Users\16610\Desktop\.workbuddy\.workbuddy\saint_george_classifier\data\raw\georges\7ab4c30a5edce50bb60a30ed7974f4b8.jpg,1,945
C:\Users\16610\Desktop\.workbuddy\.workbuddy\saint_george_classifier\data\raw\georges\7abcfcee8d3ce74477964da4ba7e2114.jpg,1,946
C:\Users\16610\Desktop\.workbuddy\.workbuddy\saint_george_classifier\data\raw\georges\7abd4f52bbbaaf1369ee278f246a0460.jpg,1,947
C:\Users\16610\Desktop\.workbuddy\.workbuddy\saint_george_classifier\data\raw\georges\7ad21076a9b790b3a86407e53c3d251c.jpg,1,19
C:\Users\16610\Desktop\.workbuddy\.workbuddy\saint_george_classifier\data\raw\georges\7b116ccab09272e85f9da71f7bd992e4.jpg,1,949
C:\Users\16610\Desktop\.workbuddy\.workbuddy\saint_george_classifier\data\raw\georges\7b44d65e14e5247713fe812584ddfc26.jpg,1,951
C:\Users\16610\Desktop\.workbuddy\.workbuddy\saint_george_classifier\data\raw\georges\7b6037434aed9b5ceeaab8d539a3c072.jpg,1,952
C:\Users\16610\Desktop\.workbuddy\.workbuddy\saint_george_classifier\data\raw\georges\7b7336589fdf2405e69245ba94d22a89.jpg,1,953
C:\Users\16610\Desktop\.workbuddy\.workbuddy\saint_george_classifier\data\raw\georges\7b78e2d3b8e270383922f15c2b895664.jpg,1,953
C:\Users\16610\Desktop\.workbuddy\.workbuddy\saint_george_classifier\data\raw\georges\7ba1e0555f563c52e3c2307b1540f64d.jpg,1,954
C:\Users\16610\Desktop\.workbuddy\.workbuddy\saint_george_classifier\data\raw\georges\7ba83af77e48e3fdde0ff9a45701300e.jpg,1,955
C:\Users\16610\Desktop\.workbuddy\.workbuddy\saint_george_classifier\data\raw\georges\7bb1a1200543df4bc6eb72bc57d0848c.jpg,1,714
C:\Users\16610\Desktop\.workbuddy\.workbuddy\saint_george_classifier\data\raw\georges\7bc1d040c2c56c09fd0881756387965c.jpg,1,956
C:\Users\16610\Desktop\.workbuddy\.workbuddy\saint_george_classifier\data\raw\georges\7bd113a35db64f30e2e01d4426619617.jpg,1,170
C:\Users\16610\Desktop\.workbuddy\.workbuddy\saint_george_classifier\data\raw\georges\7bd5991389e1c1ce5b08629a1899edf9.jpg,1,60
C:\Users\16610\Desktop\.workbuddy\.workbuddy\saint_george_classifier\data\raw\georges\7c7a315a8979d7e12f2150a8065ccac5.jpg,1,959
C:\Users\16610\Desktop\.workbuddy\.workbuddy\saint_george_classifier\data\raw\georges\7c92ce9021eabc48afddded3a10e2d96.jpg,1,682
C:\Users\16610\Desktop\.workbuddy\.workbuddy\saint_george_classifier\data\raw\georges\7c956724141ad4ad2d0aebdac30cbdc6.jpg,1,930
C:\Users\16610\Desktop\.workbuddy\.workbuddy\saint_george_classifier\data\raw\georges\7cbb6d2d92da6687e305f0115a1aa4e4.jpg,1,961
C:\Users\16610\Desktop\.workbuddy\.workbuddy\saint_george_classifier\data\raw\georges\7cd9739e99b542cbc390058ae47e2712.jpg,1,602
C:\Users\16610\Desktop\.workbuddy\.workbuddy\saint_george_classifier\data\raw\georges\7d0728ae52b2611825910e93e7ef94f2.jpg,1,962
C:\Users\16610\Desktop\.workbuddy\.workbuddy\saint_george_classifier\data\raw\georges\7d1fa6ae20e06ac0049ad2ad4ac1cab3.jpg,1,963
C:\Users\16610\Desktop\.workbuddy\.workbuddy\saint_george_classifier\data\raw\georges\7d3dee70e8078c79ca44e9fee81a24c6.jpg,1,965
C:\Users\16610\Desktop\.workbuddy\.workbuddy\saint_george_classifier\data\raw\georges\7d924b4271442f6f7e13851ba2265f95.jpg,1,944
C:\Users\16610\Desktop\.workbuddy\.workbuddy\saint_george_classifier\data\raw\georges\7da174de2d677a4d06a602f179ae0c62.jpg,1,966
C:\Users\16610\Desktop\.workbuddy\.workbuddy\saint_george_classifier\data\raw\georges\7daaf7662aeb72ecf4595d2cebc42410.jpg,1,967
C:\Users\16610\Desktop\.workbuddy\.workbuddy\saint_george_classifier\data\raw\georges\7dc33ab8506ebbbbf505df7a75a1bc76.jpg,1,968
C:\Users\16610\Desktop\.workbuddy\.workbuddy\saint_george_classifier\data\raw\georges\7ddc27172dd10ac6e5586c8cd0f8d820.jpg,1,969
C:\Users\16610\Desktop\.workbuddy\.workbuddy\saint_george_classifier\data\raw\georges\7e3096fa9a3ce2496aa046bc7df61d50.jpg,1,19
C:\Users\16610\Desktop\.workbuddy\.workbuddy\saint_george_classifier\data\raw\georges\7e5f3bc56a860dd9673b2f3968968a69.jpg,1,411
C:\Users\16610\Desktop\.workbuddy\.workbuddy\saint_george_classifier\data\raw\georges\7e667d1cd8f08b545db22eb1d8359c31.jpg,1,971
C:\Users\16610\Desktop\.workbuddy\.workbuddy\saint_george_classifier\data\raw\georges\7e8e234dbb45323c269fdd5fba9a94ca.jpg,1,972
C:\Users\16610\Desktop\.workbuddy\.workbuddy\saint_george_classifier\data\raw\georges\7ea5221109eef7a9ec7d2894c2396025.jpg,1,768
C:\Users\16610\Desktop\.workbuddy\.workbuddy\saint_george_classifier\data\raw\georges\7eab2e6cd81a68950ba669191fed1cf5.jpg,1,973
C:\Users\16610\Desktop\.workbuddy\.workbuddy\saint_george_classifier\data\raw\georges\7ebff710c46245d28811ed8f38279f54.jpg,1,974
C:\Users\16610\Desktop\.workbuddy\.workbuddy\saint_george_classifier\data\raw\georges\7f1d44b21116bebd546524317646c7bb.jpg,1,659
C:\Users\16610\Desktop\.workbuddy\.workbuddy\saint_george_classifier\data\raw\georges\7f59be51acff388347ea5a5f2dff6826.jpg,1,976
C:\Users\16610\Desktop\.workbuddy\.workbuddy\saint_george_classifier\data\raw\georges\7f837a0063c8036c32ed354439849434.jpg,1,977
C:\Users\16610\Desktop\.workbuddy\.workbuddy\saint_george_classifier\data\raw\georges\7f92b23ad44a793ac109e3cae879e260.jpg,1,978
C:\Users\16610\Desktop\.workbuddy\.workbuddy\saint_george_classifier\data\raw\georges\7fd0d3d9131a4bef6b1c7a481b08fd19.jpg,1,979
C:\Users\16610\Desktop\.workbuddy\.workbuddy\saint_george_classifier\data\raw\georges\7fffa3bd3ef8e439a5301d09d35e1858.jpg,1,424
C:\Users\16610\Desktop\.workbuddy\.workbuddy\saint_george_classifier\data\raw\georges\8028893f2b5c02b54877b8535d8cf967.jpg,1,980
C:\Users\16610\Desktop\.workbuddy\.workbuddy\saint_george_classifier\data\raw\georges\80479838d5702ce441f690d52e6be81a.jpg,1,215
C:\Users\16610\Desktop\.workbuddy\.workbuddy\saint_george_classifier\data\raw\georges\806a31fe17ed03f5fd7d05e9f598a95c.jpg,1,981
C:\Users\16610\Desktop\.workbuddy\.workbuddy\saint_george_classifier\data\raw\georges\806c248f8c9ac7faa0f23753a3007c30.jpg,1,432
C:\Users\16610\Desktop\.workbuddy\.workbuddy\saint_george_classifier\data\raw\georges\808121a102c155a7ed194c779be27e17.jpg,1,982
C:\Users\16610\Desktop\.workbuddy\.workbuddy\saint_george_classifier\data\raw\georges\80fbea9567526c2f14cf9cefb679fbe0.jpg,1,896
C:\Users\16610\Desktop\.workbuddy\.workbuddy\saint_george_classifier\data\raw\georges\8149f04c81b19ad223d677dc38adb32f.jpg,1,985
C:\Users\16610\Desktop\.workbuddy\.workbuddy\saint_george_classifier\data\raw\georges\816668575e8afb018eb8822ea6c0304b.jpg,1,23
C:\Users\16610\Desktop\.workbuddy\.workbuddy\saint_george_classifier\data\raw\georges\816c8b52479af0b74ba831250717c833.jpg,1,987
C:\Users\16610\Desktop\.workbuddy\.workbuddy\saint_george_classifier\data\raw\georges\8187e1763584029e37e338f1b7f73da6.jpg,1,988
C:\Users\16610\Desktop\.workbuddy\.workbuddy\saint_george_classifier\data\raw\georges\81989db16fa5f9c227cdaf1afde4d4fc.jpg,1,989
C:\Users\16610\Desktop\.workbuddy\.workbuddy\saint_george_classifier\data\raw\georges\81b4c90a0e974f0e87512a161c338a56.jpg,1,990
C:\Users\16610\Desktop\.workbuddy\.workbuddy\saint_george_classifier\data\raw\georges\81e39bf6cc5c9396fbea14149cb6cc0d.jpg,1,991
C:\Users\16610\Desktop\.workbuddy\.workbuddy\saint_george_classifier\data\raw\georges\81eeae54585657ac6f6b10df17fdb5a4.jpg,1,394
C:\Users\16610\Desktop\.workbuddy\.workbuddy\saint_george_classifier\data\raw\georges\821b49bffab8740d04df6fa418d4c849.jpg,1,992
C:\Users\16610\Desktop\.workbuddy\.workbuddy\saint_george_classifier\data\raw\georges\824695ccb03d40ce911f2bfa9887c89a.jpg,1,993
C:\Users\16610\Desktop\.workbuddy\.workbuddy\saint_george_classifier\data\raw\georges\8252952d6c508beb02259598344a250e.jpg,1,215
C:\Users\16610\Desktop\.workbuddy\.workbuddy\saint_george_classifier\data\raw\georges\827d4e3e88ec8347b399871f74320646.jpg,1,994
C:\Users\16610\Desktop\.workbuddy\.workbuddy\saint_george_classifier\data\raw\georges\8285fe4e7f5c87188d88d6ded8fb7e62.jpg,1,961
C:\Users\16610\Desktop\.workbuddy\.workbuddy\saint_george_classifier\data\raw\georges\82896126e70141a81b15b3e1094f7d29.jpg,1,303
C:\Users\16610\Desktop\.workbuddy\.workbuddy\saint_george_classifier\data\raw\georges\8301837448cfde43f0002dbfc47c1a1d.jpg,1,995
C:\Users\16610\Desktop\.workbuddy\.workbuddy\saint_george_classifier\data\raw\georges\834404b9936f1424d4b2ae392ec3834f.jpg,1,996
C:\Users\16610\Desktop\.workbuddy\.workbuddy\saint_george_classifier\data\raw\georges\834f265ac56a6fa06cc9da7da70e1839.jpg,1,997
C:\Users\16610\Desktop\.workbuddy\.workbuddy\saint_george_classifier\data\raw\georges\8361cd9660d67b19a360fba8e01efb51.jpg,1,998
C:\Users\16610\Desktop\.workbuddy\.workbuddy\saint_george_classifier\data\raw\georges\83702b2a363a54f54550cb0fa883f143.jpg,1,999
C:\Users\16610\Desktop\.workbuddy\.workbuddy\saint_george_classifier\data\raw\georges\8371e8e04d6e469f45c74194f325f8e5.jpg,1,1000
C:\Users\16610\Desktop\.workbuddy\.workbuddy\saint_george_classifier\data\raw\georges\83835ce081c6f93e8c6bd035d1cea26b.jpg,1,1001
C:\Users\16610\Desktop\.workbuddy\.workbuddy\saint_george_classifier\data\raw\georges\8390b941414e02ecc527fbc920f5ee02.jpg,1,1002
C:\Users\16610\Desktop\.workbuddy\.workbuddy\saint_george_classifier\data\raw\georges\83cdfa7215a052c1effb01435c6c7e70.jpg,1,60
C:\Users\16610\Desktop\.workbuddy\.workbuddy\saint_george_classifier\data\raw\georges\840e8004ab82bdf64c0002e974d27e87.jpg,1,1003
C:\Users\16610\Desktop\.workbuddy\.workbuddy\saint_george_classifier\data\raw\georges\840f1312ac9865b2565e1de9715c125a.jpg,1,1004
C:\Users\16610\Desktop\.workbuddy\.workbuddy\saint_george_classifier\data\raw\georges\841553f5e3a3d17fa043307bcc56d933.jpg,1,1005
C:\Users\16610\Desktop\.workbuddy\.workbuddy\saint_george_classifier\data\raw\georges\845d778b883d25c14d6a5d9ca6b22583.jpg,1,1006
C:\Users\16610\Desktop\.workbuddy\.workbuddy\saint_george_classifier\data\raw\georges\8472e9deda24fa9bf87faecb43e6dc1d.jpg,1,1007
C:\Users\16610\Desktop\.workbuddy\.workbuddy\saint_george_classifier\data\raw\georges\847ee1e182f8c8271bdc2cf1fe6f094e.jpg,1,1008
C:\Users\16610\Desktop\.workbuddy\.workbuddy\saint_george_classifier\data\raw\georges\84925d9a6bfa2deab1726b87e1cfdca0.jpg,1,1009
C:\Users\16610\Desktop\.workbuddy\.workbuddy\saint_george_classifier\data\raw\georges\84a452263daf3ef0546167585195a209.jpg,1,778
C:\Users\16610\Desktop\.workbuddy\.workbuddy\saint_george_classifier\data\raw\georges\84a86ce866bdcc66ce6934fa5361259e.jpg,1,1010
C:\Users\16610\Desktop\.workbuddy\.workbuddy\saint_george_classifier\data\raw\georges\84c27fbfa161fc445c0dd277ae2f5a12.jpg,1,1011
C:\Users\16610\Desktop\.workbuddy\.workbuddy\saint_george_classifier\data\raw\georges\84e009d2bccc636f2d4a278fd17da4f3.jpg,1,1012
C:\Users\16610\Desktop\.workbuddy\.workbuddy\saint_george_classifier\data\raw\georges\84edf1ba1bcb6e6e84413cdbc8964765.jpg,1,327
C:\Users\16610\Desktop\.workbuddy\.workbuddy\saint_george_classifier\data\raw\georges\851241c597d32d6394a1d154740778fc.jpg,1,20
C:\Users\16610\Desktop\.workbuddy\.workbuddy\saint_george_classifier\data\raw\georges\852439a8c5c2fd94e407025fc248a4f1.jpg,1,1014
C:\Users\16610\Desktop\.workbuddy\.workbuddy\saint_george_classifier\data\raw\georges\852eaf0a34166373fda74aac2f14c6f5.jpg,1,1015
C:\Users\16610\Desktop\.workbuddy\.workbuddy\saint_george_classifier\data\raw\georges\8530c6a72b719c5824d3ce07bd8403e1.jpg,1,1016
C:\Users\16610\Desktop\.workbuddy\.workbuddy\saint_george_classifier\data\raw\georges\8534ab1a46efa470cc4e501fadc454da.jpg,1,1017
C:\Users\16610\Desktop\.workbuddy\.workbuddy\saint_george_classifier\data\raw\georges\853f1b5daca0fb3c3de1abb1639498df.jpg,1,1018
C:\Users\16610\Desktop\.workbuddy\.workbuddy\saint_george_classifier\data\raw\georges\856f83dfb7b47d815737b09697c70cef.jpg,1,1020
C:\Users\16610\Desktop\.workbuddy\.workbuddy\saint_george_classifier\data\raw\georges\859882f5bff2cdeb093cd993eee2f537.jpg,1,1021
C:\Users\16610\Desktop\.workbuddy\.workbuddy\saint_george_classifier\data\raw\georges\859e7f421beeb23acd71249fbe2f9c68.jpg,1,1022
C:\Users\16610\Desktop\.workbuddy\.workbuddy\saint_george_classifier\data\raw\georges\85a076c72d497d9aa9ee37f035d1c39c.jpg,1,1023
C:\Users\16610\Desktop\.workbuddy\.workbuddy\saint_george_classifier\data\raw\georges\85a4dc4054e671d9f11245cc91f73c75.jpg,1,118
C:\Users\16610\Desktop\.workbuddy\.workbuddy\saint_george_classifier\data\raw\georges\85bb1eb05ec964d3f30182257ca27c0c.jpg,1,1024
C:\Users\16610\Desktop\.workbuddy\.workbuddy\saint_george_classifier\data\raw\georges\85be047dca5bdcd1a9c512c5e78efc6a.jpg,1,1025
C:\Users\16610\Desktop\.workbuddy\.workbuddy\saint_george_classifier\data\raw\georges\85c1dd1ffdb7ad0d891406a8edbdda44.jpg,1,548
C:\Users\16610\Desktop\.workbuddy\.workbuddy\saint_george_classifier\data\raw\georges\85c45c349bca14dbb1ccb6c88c8b8a40.jpg,1,631
C:\Users\16610\Desktop\.workbuddy\.workbuddy\saint_george_classifier\data\raw\georges\863e6b0e56b8e4626ba85e434bed0d94.jpg,1,1028
C:\Users\16610\Desktop\.workbuddy\.workbuddy\saint_george_classifier\data\raw\georges\866e49b0d61e8fb53ced2b911837db92.jpg,1,1030
C:\Users\16610\Desktop\.workbuddy\.workbuddy\saint_george_classifier\data\raw\georges\868447a5d4c8aafd3c132adc526bd493.jpg,1,1031
C:\Users\16610\Desktop\.workbuddy\.workbuddy\saint_george_classifier\data\raw\georges\86ac593226ef3001fff290fd989712eb.jpg,1,1032
C:\Users\16610\Desktop\.workbuddy\.workbuddy\saint_george_classifier\data\raw\georges\86c59915410f592709626f217f509cf4.jpg,1,1033
C:\Users\16610\Desktop\.workbuddy\.workbuddy\saint_george_classifier\data\raw\georges\86cbce85268a45893cdcdf607f5b5fd7.jpg,1,1034
C:\Users\16610\Desktop\.workbuddy\.workbuddy\saint_george_classifier\data\raw\georges\86ec1d60900dc6123f484af58671c81e.jpg,1,1035
C:\Users\16610\Desktop\.workbuddy\.workbuddy\saint_george_classifier\data\raw\georges\86f6525f9a1f2dcc43880104eab03d28.jpg,1,561
C:\Users\16610\Desktop\.workbuddy\.workbuddy\saint_george_classifier\data\raw\georges\8703444f2ea9820f49ff7ad505da15ae.jpg,1,1036
C:\Users\16610\Desktop\.workbuddy\.workbuddy\saint_george_classifier\data\raw\georges\8711890232dc8214004c8ca998eb36de.jpg,1,1037
C:\Users\16610\Desktop\.workbuddy\.workbuddy\saint_george_classifier\data\raw\georges\8763dc390496130408da573cc30b7b37.jpg,1,1038
C:\Users\16610\Desktop\.workbuddy\.workbuddy\saint_george_classifier\data\raw\georges\876dd8cd9b047a335dbf5e5bf3187623.jpg,1,1039
C:\Users\16610\Desktop\.workbuddy\.workbuddy\saint_george_classifier\data\raw\georges\8772e90501903fcf9d5a64471485d136.jpg,1,694
C:\Users\16610\Desktop\.workbuddy\.workbuddy\saint_george_classifier\data\raw\georges\87b3dcbc5983338abb607433394f1a6b.jpg,1,1041
C:\Users\16610\Desktop\.workbuddy\.workbuddy\saint_george_classifier\data\raw\georges\888b0883ae6943c0c0182a56d2a26a8a.jpg,1,1044
C:\Users\16610\Desktop\.workbuddy\.workbuddy\saint_george_classifier\data\raw\georges\88ce5d0db2a29138f39cdb10707b0fb5.jpg,1,1045
C:\Users\16610\Desktop\.workbuddy\.workbuddy\saint_george_classifier\data\raw\georges\88fb883aaa20a859e8b460a9104bf783.jpg,1,263
C:\Users\16610\Desktop\.workbuddy\.workbuddy\saint_george_classifier\data\raw\georges\891fdabe90ae66a1c8a26ce70615a224.jpg,1,1046
C:\Users\16610\Desktop\.workbuddy\.workbuddy\saint_george_classifier\data\raw\georges\89c77286f0c2140ad11a919b356424c3.jpg,1,1048
C:\Users\16610\Desktop\.workbuddy\.workbuddy\saint_george_classifier\data\raw\georges\89dea9ef3c70362176ee185db3ec946f.jpg,1,1049
C:\Users\16610\Desktop\.workbuddy\.workbuddy\saint_george_classifier\data\raw\georges\8a36a0ed3e34f59cbb0428050150fa8b.jpg,1,759
C:\Users\16610\Desktop\.workbuddy\.workbuddy\saint_george_classifier\data\raw\georges\8a76299c2ca725d450b77dd02c4413c9.jpg,1,174
C:\Users\16610\Desktop\.workbuddy\.workbuddy\saint_george_classifier\data\raw\georges\8a83e38437d7fe8648d39d67eb22bcc4.jpg,1,1050
C:\Users\16610\Desktop\.workbuddy\.workbuddy\saint_george_classifier\data\raw\georges\8a95ff0332ecd1b888b76f264b2ed000.jpg,1,1051
C:\Users\16610\Desktop\.workbuddy\.workbuddy\saint_george_classifier\data\raw\georges\8aa5ca172deaa9c12d7180618e84288a.jpg,1,1052
C:\Users\16610\Desktop\.workbuddy\.workbuddy\saint_george_classifier\data\raw\georges\8b0d2db93d679d3a22c5f7cdb255a658.jpg,1,1054
C:\Users\16610\Desktop\.workbuddy\.workbuddy\saint_george_classifier\data\raw\georges\8b3a9859c43c2d973510a8b4ac08121c.jpg,1,1055
C:\Users\16610\Desktop\.workbuddy\.workbuddy\saint_george_classifier\data\raw\georges\8b61d36cdb72106f6e70d87095b3cebc.jpg,1,1056
C:\Users\16610\Desktop\.workbuddy\.workbuddy\saint_george_classifier\data\raw\georges\8b7e64fe2ab9e90b71b64cc1a490767f.jpg,1,1057
C:\Users\16610\Desktop\.workbuddy\.workbuddy\saint_george_classifier\data\raw\georges\8c16a4b521235efa96b9addcf0dc7993.jpg,1,535
C:\Users\16610\Desktop\.workbuddy\.workbuddy\saint_george_classifier\data\raw\georges\8c177680e0eee4a3a2da88f0127275ee.jpg,1,1058
C:\Users\16610\Desktop\.workbuddy\.workbuddy\saint_george_classifier\data\raw\georges\8c4e17963092c7d5795694c848b935e8.jpg,1,1060
C:\Users\16610\Desktop\.workbuddy\.workbuddy\saint_george_classifier\data\raw\georges\8c71d13cbecb788f4101894f0e684111.jpg,1,342
C:\Users\16610\Desktop\.workbuddy\.workbuddy\saint_george_classifier\data\raw\georges\8cdeb7609c3c839042e2b6fb7ef55277.jpg,1,80
C:\Users\16610\Desktop\.workbuddy\.workbuddy\saint_george_classifier\data\raw\georges\8ce21a26d771f70bc8c572c77e6a1064.jpg,1,1062
C:\Users\16610\Desktop\.workbuddy\.workbuddy\saint_george_classifier\data\raw\georges\8d32364b033ddbdd4de179e95f9d4cd7.jpg,1,1064
C:\Users\16610\Desktop\.workbuddy\.workbuddy\saint_george_classifier\data\raw\georges\8d4149288519f1f8ca84ca412d9eab77.jpg,1,1065
C:\Users\16610\Desktop\.workbuddy\.workbuddy\saint_george_classifier\data\raw\georges\8d4282db6903385e69a6bf1e493a78ed.jpg,1,1066
C:\Users\16610\Desktop\.workbuddy\.workbuddy\saint_george_classifier\data\raw\georges\8d5e650d46d2b46dc3e1a749a808f005.jpg,1,415
C:\Users\16610\Desktop\.workbuddy\.workbuddy\saint_george_classifier\data\raw\georges\8d62aadda09662b2a599849b956141d4.jpg,1,1067
C:\Users\16610\Desktop\.workbuddy\.workbuddy\saint_george_classifier\data\raw\georges\8d70f8706c18ae19956df5868f5c8dc6.jpg,1,1068
C:\Users\16610\Desktop\.workbuddy\.workbuddy\saint_george_classifier\data\raw\georges\8d7e77cf0f0d06f13d84ed4fdd015d08.jpg,1,1069
C:\Users\16610\Desktop\.workbuddy\.workbuddy\saint_george_classifier\data\raw\georges\8d8854dc1c3db0481110655dde507ba6.jpg,1,1070
C:\Users\16610\Desktop\.workbuddy\.workbuddy\saint_george_classifier\data\raw\georges\8e00736ee6734434a9d3505cdd49b43a.jpg,1,1071
C:\Users\16610\Desktop\.workbuddy\.workbuddy\saint_george_classifier\data\raw\georges\8e174266c03007035c3446c7a37320e9.jpg,1,1072
C:\Users\16610\Desktop\.workbuddy\.workbuddy\saint_george_classifier\data\raw\georges\8e23f49b75ad62c2d61eaad486ad3e7d.jpg,1,1073
C:\Users\16610\Desktop\.workbuddy\.workbuddy\saint_george_classifier\data\raw\georges\8e2608c5e55bbd616225b83124e7c2c1.jpg,1,868
C:\Users\16610\Desktop\.workbuddy\.workbuddy\saint_george_classifier\data\raw\georges\8e35a07fcdc1f53b4073ad7041060acf.jpg,1,215
C:\Users\16610\Desktop\.workbuddy\.workbuddy\saint_george_classifier\data\raw\georges\8e4a9a0d33af39d674dbc6cbfbaad1b7.jpg,1,1074
C:\Users\16610\Desktop\.workbuddy\.workbuddy\saint_george_classifier\data\raw\georges\8e4d27e6eaffb7da9a123b15d32b6d6c.jpg,1,1075
C:\Users\16610\Desktop\.workbuddy\.workbuddy\saint_george_classifier\data\raw\georges\8e92e19c4db7f8a04bf019a7825521eb.jpg,1,1077
C:\Users\16610\Desktop\.workbuddy\.workbuddy\saint_george_classifier\data\raw\georges\8ea5bad0bda7a9ccfb18c023c5383856.jpg,1,620
C:\Users\16610\Desktop\.workbuddy\.workbuddy\saint_george_classifier\data\raw\georges\8eb256a30b2cfbe5c9aa2c128101be0a.jpg,1,1078
C:\Users\16610\Desktop\.workbuddy\.workbuddy\saint_george_classifier\data\raw\georges\8f19fdf1118326d0a09e5dfff848eaed.jpg,1,1079
C:\Users\16610\Desktop\.workbuddy\.workbuddy\saint_george_classifier\data\raw\georges\8f1efe6d4198e064ec5ca125184b0218.jpg,1,1080
C:\Users\16610\Desktop\.workbuddy\.workbuddy\saint_george_classifier\data\raw\georges\8f2f81c81eba1189ecf29eb81ca71ec1.jpg,1,1081
C:\Users\16610\Desktop\.workbuddy\.workbuddy\saint_george_classifier\data\raw\georges\8f345cd49410d50299a8bb258747836c.jpg,1,1082
C:\Users\16610\Desktop\.workbuddy\.workbuddy\saint_george_classifier\data\raw\georges\8fa401465b3e34e816a57e3ab6064783.jpg,1,41
C:\Users\16610\Desktop\.workbuddy\.workbuddy\saint_george_classifier\data\raw\georges\8faad6578491c4bd57eea2d8ccd055e4.jpg,1,1083
C:\Users\16610\Desktop\.workbuddy\.workbuddy\saint_george_classifier\data\raw\georges\8fe4c5f733268e03e1afefa41af3bed4.jpg,1,303
C:\Users\16610\Desktop\.workbuddy\.workbuddy\saint_george_classifier\data\raw\georges\902fe001aca9d7dff0b7a5c817280aac.jpg,1,1085
C:\Users\16610\Desktop\.workbuddy\.workbuddy\saint_george_classifier\data\raw\georges\90781de9672f6d989accf325272a77e0.jpg,1,1086
C:\Users\16610\Desktop\.workbuddy\.workbuddy\saint_george_classifier\data\raw\georges\908078f0cefa176ccd25721742fc9a11.jpg,1,1087
C:\Users\16610\Desktop\.workbuddy\.workbuddy\saint_george_classifier\data\raw\georges\90a4a90aebf219cb5762e0150c687bca.jpg,1,1089
C:\Users\16610\Desktop\.workbuddy\.workbuddy\saint_george_classifier\data\raw\georges\90c34e6535187d22a51c16a6bc482e56.jpg,1,1090
C:\Users\16610\Desktop\.workbuddy\.workbuddy\saint_george_classifier\data\raw\georges\90cef7b54d8071d1133c38c09303181e.jpg,1,1091
C:\Users\16610\Desktop\.workbuddy\.workbuddy\saint_george_classifier\data\raw\georges\90e890f054b920308987c140125c9d19.jpg,1,1092
C:\Users\16610\Desktop\.workbuddy\.workbuddy\saint_george_classifier\data\raw\georges\91113ed1c3dc8a37386d99b1d1ce2dcb.jpg,1,1093
C:\Users\16610\Desktop\.workbuddy\.workbuddy\saint_george_classifier\data\raw\georges\9114724a8448348fedc84728f86f9304.jpg,1,1094
C:\Users\16610\Desktop\.workbuddy\.workbuddy\saint_george_classifier\data\raw\georges\91286eeb441f3ac59710d62325d252da.jpg,1,1096
C:\Users\16610\Desktop\.workbuddy\.workbuddy\saint_george_classifier\data\raw\georges\914365894efe763524621ec3d80b48d5.jpg,1,1097
C:\Users\16610\Desktop\.workbuddy\.workbuddy\saint_george_classifier\data\raw\georges\9175974d1f11b0f4498d155c3755c477.jpg,1,1098
C:\Users\16610\Desktop\.workbuddy\.workbuddy\saint_george_classifier\data\raw\georges\91bb8367e84080f254bedecff0e3c8da.jpg,1,1099
C:\Users\16610\Desktop\.workbuddy\.workbuddy\saint_george_classifier\data\raw\georges\91cd336a7909184dc9390e30ee1115fe.jpg,1,208
C:\Users\16610\Desktop\.workbuddy\.workbuddy\saint_george_classifier\data\raw\georges\91e56ba2367acd1903aa61941ad5737e.jpg,1,1100
C:\Users\16610\Desktop\.workbuddy\.workbuddy\saint_george_classifier\data\raw\georges\922564445e332f5c43828c49cde3e7fb.jpg,1,1102
C:\Users\16610\Desktop\.workbuddy\.workbuddy\saint_george_classifier\data\raw\georges\9261954c30701eeb9208b7b005314307.jpg,1,1103
C:\Users\16610\Desktop\.workbuddy\.workbuddy\saint_george_classifier\data\raw\georges\92a31821e6c6dd9619fe79650cdb8ee0.jpg,1,1104
C:\Users\16610\Desktop\.workbuddy\.workbuddy\saint_george_classifier\data\raw\georges\92a59b205f2294d44aaaf14ed2ed79f9.jpg,1,1105
C:\Users\16610\Desktop\.workbuddy\.workbuddy\saint_george_classifier\data\raw\georges\92bfc6dd4a44ae49a1d945d85017a77d.jpg,1,1107
C:\Users\16610\Desktop\.workbuddy\.workbuddy\saint_george_classifier\data\raw\georges\92dc13c8f08dee3504532a5e44257a2d.jpg,1,1021
C:\Users\16610\Desktop\.workbuddy\.workbuddy\saint_george_classifier\data\raw\georges\92e81b2be6c9cab74da779d0896c6b73.jpg,1,1109
C:\Users\16610\Desktop\.workbuddy\.workbuddy\saint_george_classifier\data\raw\georges\92f04ea993da153b5c7c88ac48814510.jpg,1,818
C:\Users\16610\Desktop\.workbuddy\.workbuddy\saint_george_classifier\data\raw\georges\92f4806ea9242216a7f9992736269d3b.jpg,1,240
C:\Users\16610\Desktop\.workbuddy\.workbuddy\saint_george_classifier\data\raw\georges\92fc93f4930e0911602f0194f609ed07.jpg,1,1110
C:\Users\16610\Desktop\.workbuddy\.workbuddy\saint_george_classifier\data\raw\georges\937448ce0c8797680ccba65935764381.jpg,1,1111
C:\Users\16610\Desktop\.workbuddy\.workbuddy\saint_george_classifier\data\raw\georges\938a637a9724eb7fdd5b0bc9e159f0f2.jpg,1,1112
C:\Users\16610\Desktop\.workbuddy\.workbuddy\saint_george_classifier\data\raw\georges\93a9f8d1eb567cc16df97cafaa48f1f3.jpg,1,1113
C:\Users\16610\Desktop\.workbuddy\.workbuddy\saint_george_classifier\data\raw\georges\93c8d3fc017a42a39d3d2d7a5c432470.jpg,1,1114
C:\Users\16610\Desktop\.workbuddy\.workbuddy\saint_george_classifier\data\raw\georges\93e35c89b4ad8135e9453f49f6e26480.jpg,1,1115
C:\Users\16610\Desktop\.workbuddy\.workbuddy\saint_george_classifier\data\raw\georges\94548e1f26aa2804925307e7b4983058.jpg,1,1116
C:\Users\16610\Desktop\.workbuddy\.workbuddy\saint_george_classifier\data\raw\georges\9458d6452ce32e6c2d663c5efb2a0dae.jpg,1,1117
C:\Users\16610\Desktop\.workbuddy\.workbuddy\saint_george_classifier\data\raw\georges\948ab68341a1cd5e624ab128d3da1394.jpg,1,1118
C:\Users\16610\Desktop\.workbuddy\.workbuddy\saint_george_classifier\data\raw\georges\94a4d30446fd331e53ed742c91cb95a7.jpg,1,1119
C:\Users\16610\Desktop\.workbuddy\.workbuddy\saint_george_classifier\data\raw\georges\94de46bf895a8b5a09b3317a0cd9214b.jpg,1,16
C:\Users\16610\Desktop\.workbuddy\.workbuddy\saint_george_classifier\data\raw\georges\9548fa06aeb39c5bdece8f7699ecd5f2.jpg,1,1121
C:\Users\16610\Desktop\.workbuddy\.workbuddy\saint_george_classifier\data\raw\georges\955d11ff561c5c38c088e22f3db45670.jpg,1,1122
C:\Users\16610\Desktop\.workbuddy\.workbuddy\saint_george_classifier\data\raw\georges\955d5edfa0a48b285329f8866407d5e7.jpg,1,1123
C:\Users\16610\Desktop\.workbuddy\.workbuddy\saint_george_classifier\data\raw\georges\95747793f1f7fde60384e4c02726bea8.jpg,1,1124
C:\Users\16610\Desktop\.workbuddy\.workbuddy\saint_george_classifier\data\raw\georges\958567cca279d0be694f3ae9e5fd7086.jpg,1,113
C:\Users\16610\Desktop\.workbuddy\.workbuddy\saint_george_classifier\data\raw\georges\958869d7287c024d0ad7c0afaeb92385.jpg,1,1125
C:\Users\16610\Desktop\.workbuddy\.workbuddy\saint_george_classifier\data\raw\georges\95919f66bddf9af1cc5aa3aada93f41b.jpg,1,1126
C:\Users\16610\Desktop\.workbuddy\.workbuddy\saint_george_classifier\data\raw\georges\95a46a71d952fc262718ea66646ddb69.jpg,1,1127
C:\Users\16610\Desktop\.workbuddy\.workbuddy\saint_george_classifier\data\raw\georges\95ee1fffb768957d2abf71a0ee73602f.jpg,1,1128
C:\Users\16610\Desktop\.workbuddy\.workbuddy\saint_george_classifier\data\raw\georges\96032231be55a0a62ca3c3fa623a2d69.jpg,1,497
C:\Users\16610\Desktop\.workbuddy\.workbuddy\saint_george_classifier\data\raw\georges\960d7b86812fb4b68c86dbb3071690ba.jpg,1,1129
C:\Users\16610\Desktop\.workbuddy\.workbuddy\saint_george_classifier\data\raw\georges\960fd26d0aa62324e72b3e587ab20c9a.jpg,1,1130
C:\Users\16610\Desktop\.workbuddy\.workbuddy\saint_george_classifier\data\raw\georges\961edee4ad004c2b789aad5557ac2943.jpg,1,1131
C:\Users\16610\Desktop\.workbuddy\.workbuddy\saint_george_classifier\data\raw\georges\963484fe863611d9e7ceac0df59d9d92.jpg,1,321
C:\Users\16610\Desktop\.workbuddy\.workbuddy\saint_george_classifier\data\raw\georges\9671c167cec5c07b43aedc066fa0380a.jpg,1,153
C:\Users\16610\Desktop\.workbuddy\.workbuddy\saint_george_classifier\data\raw\georges\96f318844c9feb2bb5b13bf15f3a16e2.jpg,1,1133
C:\Users\16610\Desktop\.workbuddy\.workbuddy\saint_george_classifier\data\raw\georges\97047f7fc4fb5f84515e53cfc78f9a15.jpg,1,689
C:\Users\16610\Desktop\.workbuddy\.workbuddy\saint_george_classifier\data\raw\georges\9765e7db56d24c5ac13cc7f4c84cc958.jpg,1,1134
C:\Users\16610\Desktop\.workbuddy\.workbuddy\saint_george_classifier\data\raw\georges\978672cd6b890347771151436a82f591.jpg,1,671
C:\Users\16610\Desktop\.workbuddy\.workbuddy\saint_george_classifier\data\raw\georges\979e2b510690575ebb88e933ae9f93c5.jpg,1,1136
C:\Users\16610\Desktop\.workbuddy\.workbuddy\saint_george_classifier\data\raw\georges\98011b0e1d2b20adcfc3bb6b75bba63a.jpg,1,382
C:\Users\16610\Desktop\.workbuddy\.workbuddy\saint_george_classifier\data\raw\georges\9802a69da43b545226a2400ddaea1d10.jpg,1,374
C:\Users\16610\Desktop\.workbuddy\.workbuddy\saint_george_classifier\data\raw\georges\98131e9be1502d86a6c19c8a62775c0a.jpg,1,1137
C:\Users\16610\Desktop\.workbuddy\.workbuddy\saint_george_classifier\data\raw\georges\981cbc57a2d0df0c493e11c801815834.jpg,1,1046
C:\Users\16610\Desktop\.workbuddy\.workbuddy\saint_george_classifier\data\raw\georges\987805e5dd5dbb8b33bcc3039ff9e415.jpg,1,1138
C:\Users\16610\Desktop\.workbuddy\.workbuddy\saint_george_classifier\data\raw\georges\988ce475fccc163ac7b1c1e6f7031173.jpg,1,1000
C:\Users\16610\Desktop\.workbuddy\.workbuddy\saint_george_classifier\data\raw\georges\989931f1dcc07bde7784e5200ae9c059.jpg,1,1139
C:\Users\16610\Desktop\.workbuddy\.workbuddy\saint_george_classifier\data\raw\georges\989aaf0be4a75e7912d7f0fbb471754c.jpg,1,526
C:\Users\16610\Desktop\.workbuddy\.workbuddy\saint_george_classifier\data\raw\georges\98dbbf69dabf5daf443b53f4bb0bd636.jpg,1,1141
C:\Users\16610\Desktop\.workbuddy\.workbuddy\saint_george_classifier\data\raw\georges\98e15661d0054961b7569e125fcb643c.jpg,1,1142
C:\Users\16610\Desktop\.workbuddy\.workbuddy\saint_george_classifier\data\raw\georges\98f28c07fd758424e8f4ba29f77cc725.jpg,1,1143
C:\Users\16610\Desktop\.workbuddy\.workbuddy\saint_george_classifier\data\raw\georges\992d36bb23ee62f29fdd0978fe7677cf.jpg,1,1144
C:\Users\16610\Desktop\.workbuddy\.workbuddy\saint_george_classifier\data\raw\georges\993eb19a3b5080dfd14b330e73029fd3.jpg,1,1145
C:\Users\16610\Desktop\.workbuddy\.workbuddy\saint_george_classifier\data\raw\georges\994244239425b489009bdf30409ee31e.jpg,1,1146
C:\Users\16610\Desktop\.workbuddy\.workbuddy\saint_george_classifier\data\raw\georges\99ac9f7809a1139d25cf7e54e9328eec.jpg,1,1147
C:\Users\16610\Desktop\.workbuddy\.workbuddy\saint_george_classifier\data\raw\georges\99d0e93f4159262c282c5a2da8be17b7.jpg,1,1148
C:\Users\16610\Desktop\.workbuddy\.workbuddy\saint_george_classifier\data\raw\georges\99d47e509ce15c5c4f30d770233a0500.jpg,1,159
C:\Users\16610\Desktop\.workbuddy\.workbuddy\saint_george_classifier\data\raw\georges\9a0f085684bebb9cf57ba10a771420d6.jpg,1,16
C:\Users\16610\Desktop\.workbuddy\.workbuddy\saint_george_classifier\data\raw\georges\9a5a7d22fda550b8c21fe5c9fb1718a9.jpg,1,1149
C:\Users\16610\Desktop\.workbuddy\.workbuddy\saint_george_classifier\data\raw\georges\9a816145303408c64a615b6f6a271cc2.jpg,1,1150
C:\Users\16610\Desktop\.workbuddy\.workbuddy\saint_george_classifier\data\raw\georges\9a88922acc41a1bd424281316421cc21.jpg,1,1151
C:\Users\16610\Desktop\.workbuddy\.workbuddy\saint_george_classifier\data\raw\georges\9a8d1f329f6fdcc798482b282901e2ce.jpg,1,1150
C:\Users\16610\Desktop\.workbuddy\.workbuddy\saint_george_classifier\data\raw\georges\9aa871f43e57a10a10f1d8a60dd2c796.jpg,1,1152
C:\Users\16610\Desktop\.workbuddy\.workbuddy\saint_george_classifier\data\raw\georges\9ab9bc69fa12afe66f2e9f8743f48ce0.jpg,1,1153
C:\Users\16610\Desktop\.workbuddy\.workbuddy\saint_george_classifier\data\raw\georges\9b252aa35e4e8857eee2e9f33f6344c7.jpg,1,941
C:\Users\16610\Desktop\.workbuddy\.workbuddy\saint_george_classifier\data\raw\georges\9b6a2c161d32be0562a57e0cb48edec0.jpg,1,20
C:\Users\16610\Desktop\.workbuddy\.workbuddy\saint_george_classifier\data\raw\georges\9b8daf797dda68c863a0e5106a1ecda8.jpg,1,215
C:\Users\16610\Desktop\.workbuddy\.workbuddy\saint_george_classifier\data\raw\georges\9bd6707b1e6d2422037ca5d7fbf4615d.jpg,1,75
C:\Users\16610\Desktop\.workbuddy\.workbuddy\saint_george_classifier\data\raw\georges\9bfc8ba9998226922add0e968ee87a0b.jpg,1,714
C:\Users\16610\Desktop\.workbuddy\.workbuddy\saint_george_classifier\data\raw\georges\9c15bd26afa7cc833e7168f00fe05e76.jpg,1,527
C:\Users\16610\Desktop\.workbuddy\.workbuddy\saint_george_classifier\data\raw\georges\9c4a918c476bd2ed7fbc76bac1df359f.jpg,1,1085
C:\Users\16610\Desktop\.workbuddy\.workbuddy\saint_george_classifier\data\raw\georges\9c611ae2bd3af5d6ea686aef9252ff62.jpg,1,1155
C:\Users\16610\Desktop\.workbuddy\.workbuddy\saint_george_classifier\data\raw\georges\9c92e8b2a882035837bede6d5507b25e.jpg,1,382
C:\Users\16610\Desktop\.workbuddy\.workbuddy\saint_george_classifier\data\raw\georges\9c95c00c194337b59ac15e674c304ce9.jpg,1,1156
C:\Users\16610\Desktop\.workbuddy\.workbuddy\saint_george_classifier\data\raw\georges\9cac88955d5577d4e0b480c8ae95bd01.jpg,1,841
C:\Users\16610\Desktop\.workbuddy\.workbuddy\saint_george_classifier\data\raw\georges\9cc85544183644ad1ca48e722d3ea05e.jpg,1,1036
C:\Users\16610\Desktop\.workbuddy\.workbuddy\saint_george_classifier\data\raw\georges\9cfcaca821b78efe80e52f0d62b6ffdc.jpg,1,1157
C:\Users\16610\Desktop\.workbuddy\.workbuddy\saint_george_classifier\data\raw\georges\9d03252fe5eca1c75ce25205b2e1b76b.jpg,1,1149
C:\Users\16610\Desktop\.workbuddy\.workbuddy\saint_george_classifier\data\raw\georges\9d24b19f005910c425c6ebd6aec91d0f.jpg,1,1159
C:\Users\16610\Desktop\.workbuddy\.workbuddy\saint_george_classifier\data\raw\georges\9d57fc668404ffe7fb4535b75bbeb76e.jpg,1,1160
C:\Users\16610\Desktop\.workbuddy\.workbuddy\saint_george_classifier\data\raw\georges\9d6744123bedfc266484dd440df719eb.jpg,1,708
C:\Users\16610\Desktop\.workbuddy\.workbuddy\saint_george_classifier\data\raw\georges\9d72540be5a37270942afe5f99c97c17.jpg,1,818
C:\Users\16610\Desktop\.workbuddy\.workbuddy\saint_george_classifier\data\raw\georges\9d800113f072e4fdc1122c8b19e7af96.jpg,1,324
C:\Users\16610\Desktop\.workbuddy\.workbuddy\saint_george_classifier\data\raw\georges\9d838bea909bfdf9be86887922048205.jpg,1,639
C:\Users\16610\Desktop\.workbuddy\.workbuddy\saint_george_classifier\data\raw\georges\9d83c68ba3aee0b51cc4c07c8569ef10.jpg,1,1161
C:\Users\16610\Desktop\.workbuddy\.workbuddy\saint_george_classifier\data\raw\georges\9d8eda82b09b0c271fe3a7972a0a05af.jpg,1,1162
C:\Users\16610\Desktop\.workbuddy\.workbuddy\saint_george_classifier\data\raw\georges\9da10b82bfc2e8bc1b95b1f6eefcdf10.jpg,1,1163
C:\Users\16610\Desktop\.workbuddy\.workbuddy\saint_george_classifier\data\raw\georges\9de825d2ba11e2bf9b63207222f72369.jpg,1,1164
C:\Users\16610\Desktop\.workbuddy\.workbuddy\saint_george_classifier\data\raw\georges\9df3ba7d7d651cc887daa632b0f62cf4.jpg,1,1165
C:\Users\16610\Desktop\.workbuddy\.workbuddy\saint_george_classifier\data\raw\georges\9e06e1d9e7dec10bfc0abc05c2814b80.jpg,1,1166
C:\Users\16610\Desktop\.workbuddy\.workbuddy\saint_george_classifier\data\raw\georges\9e4c0c5c8a741026ec2cf4977e33bc31.jpg,1,1168
C:\Users\16610\Desktop\.workbuddy\.workbuddy\saint_george_classifier\data\raw\georges\9e774c2f142b527df2e171ed87ac516b.jpg,1,1169
C:\Users\16610\Desktop\.workbuddy\.workbuddy\saint_george_classifier\data\raw\georges\9e7c51332c22107b0227425f40c9c87a.jpg,1,1170
C:\Users\16610\Desktop\.workbuddy\.workbuddy\saint_george_classifier\data\raw\georges\9e8a6202def3e7b3ee1138e6338978cb.jpg,1,41
C:\Users\16610\Desktop\.workbuddy\.workbuddy\saint_george_classifier\data\raw\georges\9ea4cf916b248af0e81d00e47fd98a28.jpg,1,1172
C:\Users\16610\Desktop\.workbuddy\.workbuddy\saint_george_classifier\data\raw\georges\9ed34bf1414e4478816618ceb599a3a0.jpg,1,1174
C:\Users\16610\Desktop\.workbuddy\.workbuddy\saint_george_classifier\data\raw\georges\9ed78d156983e1451571abb7f7d3b689.jpg,1,1175
C:\Users\16610\Desktop\.workbuddy\.workbuddy\saint_george_classifier\data\raw\georges\9f054bde27e6e9e0300c9dc91090b295.jpg,1,1178
C:\Users\16610\Desktop\.workbuddy\.workbuddy\saint_george_classifier\data\raw\georges\9f1aebb94101e5b0edf6a6fc4a116c49.jpg,1,876
C:\Users\16610\Desktop\.workbuddy\.workbuddy\saint_george_classifier\data\raw\georges\9f2b36db3458b3b5427e9daf7d15cbd9.jpg,1,1179
C:\Users\16610\Desktop\.workbuddy\.workbuddy\saint_george_classifier\data\raw\georges\9f50fc09b2630a72214fe644bf20a067.jpg,1,527
C:\Users\16610\Desktop\.workbuddy\.workbuddy\saint_george_classifier\data\raw\georges\9f818be6919da49c0de87becfc76bcfd.jpg,1,1180
C:\Users\16610\Desktop\.workbuddy\.workbuddy\saint_george_classifier\data\raw\georges\9f9f608b79d5298ae62be2ee6e74a66a.jpg,1,1182
C:\Users\16610\Desktop\.workbuddy\.workbuddy\saint_george_classifier\data\raw\georges\9fbc59b1799f3e4e15a24132b9f3a6a6.jpg,1,1184
C:\Users\16610\Desktop\.workbuddy\.workbuddy\saint_george_classifier\data\raw\georges\9fdc72fdb85d3b1d4c7d74870802e5fa.jpg,1,1116
C:\Users\16610\Desktop\.workbuddy\.workbuddy\saint_george_classifier\data\raw\georges\9ffdbad92cbcadc632701ce42987af06.jpg,1,134
C:\Users\16610\Desktop\.workbuddy\.workbuddy\saint_george_classifier\data\raw\georges\9ffdd56d6519599abac8ef452157df92.jpg,1,1185
C:\Users\16610\Desktop\.workbuddy\.workbuddy\saint_george_classifier\data\raw\georges\a0201600a06f35bc1036b2bb61920b07.jpg,1,25
C:\Users\16610\Desktop\.workbuddy\.workbuddy\saint_george_classifier\data\raw\georges\a04883f51d73169497daaf5ec07c3cc8.jpg,1,1188
C:\Users\16610\Desktop\.workbuddy\.workbuddy\saint_george_classifier\data\raw\georges\a04c5ba7eae93ace9891fc94b2784c68.jpg,1,1189
C:\Users\16610\Desktop\.workbuddy\.workbuddy\saint_george_classifier\data\raw\georges\a0634133c5917320985d99a58ea33b13.jpg,1,1190
C:\Users\16610\Desktop\.workbuddy\.workbuddy\saint_george_classifier\data\raw\georges\a0889aa8e2d52dd64781a16c3fa95781.jpg,1,1191
C:\Users\16610\Desktop\.workbuddy\.workbuddy\saint_george_classifier\data\raw\georges\a098d82208a4d89e1ead102988debff3.jpg,1,1192
C:\Users\16610\Desktop\.workbuddy\.workbuddy\saint_george_classifier\data\raw\georges\a0a14036fb32914f62129b6fac1313e7.jpg,1,1193
C:\Users\16610\Desktop\.workbuddy\.workbuddy\saint_george_classifier\data\raw\georges\a191d4b37ba58d3e510e11739a19e2a2.jpg,1,1197
C:\Users\16610\Desktop\.workbuddy\.workbuddy\saint_george_classifier\data\raw\georges\a1aa756f87171075f9766f4994e2af7f.jpg,1,1198
C:\Users\16610\Desktop\.workbuddy\.workbuddy\saint_george_classifier\data\raw\georges\a1bc52da1456b3f59f0e7cb76a292937.jpg,1,1199
C:\Users\16610\Desktop\.workbuddy\.workbuddy\saint_george_classifier\data\raw\georges\a1d4942276151d78463abe2e0fcf5859.jpg,1,1200
C:\Users\16610\Desktop\.workbuddy\.workbuddy\saint_george_classifier\data\raw\georges\a1efa7b2eab878538b930c35a319e9e6.jpg,1,1201
C:\Users\16610\Desktop\.workbuddy\.workbuddy\saint_george_classifier\data\raw\georges\a1f9a5cf7957a2916631243b2d502d59.jpg,1,1202
C:\Users\16610\Desktop\.workbuddy\.workbuddy\saint_george_classifier\data\raw\georges\a21ded57df6060b5f2c5a242c9a164d0.jpg,1,1203
C:\Users\16610\Desktop\.workbuddy\.workbuddy\saint_george_classifier\data\raw\georges\a2233d48c44fe871bf490f6f76e44256.jpg,1,1204
C:\Users\16610\Desktop\.workbuddy\.workbuddy\saint_george_classifier\data\raw\georges\a2378df2be8f91c56169ddea900517ec.jpg,1,10
C:\Users\16610\Desktop\.workbuddy\.workbuddy\saint_george_classifier\data\raw\georges\a23892d8192d448945fec3aebcc889d8.jpg,1,1055
C:\Users\16610\Desktop\.workbuddy\.workbuddy\saint_george_classifier\data\raw\georges\a2abf2f094d149da69afe6f7c25f5f6b.jpg,1,155
C:\Users\16610\Desktop\.workbuddy\.workbuddy\saint_george_classifier\data\raw\georges\a2c847b915962f1580347bb6c62f9bba.jpg,1,1205
C:\Users\16610\Desktop\.workbuddy\.workbuddy\saint_george_classifier\data\raw\georges\a2e8d9cd0609d551aacf0c3eb08d3720.jpg,1,1206
C:\Users\16610\Desktop\.workbuddy\.workbuddy\saint_george_classifier\data\raw\georges\a30c75ca99f1f5439f631cd0286aac98.jpg,1,1207
C:\Users\16610\Desktop\.workbuddy\.workbuddy\saint_george_classifier\data\raw\georges\a31ec724b00817d1048a23a9c4363db8.jpg,1,60
C:\Users\16610\Desktop\.workbuddy\.workbuddy\saint_george_classifier\data\raw\georges\a39d6dbd4f396da11497ee759f6bb4a5.jpg,1,1208
C:\Users\16610\Desktop\.workbuddy\.workbuddy\saint_george_classifier\data\raw\georges\a3d758a283e24df861d86cc7b1496013.jpg,1,1209
C:\Users\16610\Desktop\.workbuddy\.workbuddy\saint_george_classifier\data\raw\georges\a3f1133adcc748de641bcb5a4d57689a.jpg,1,1210
C:\Users\16610\Desktop\.workbuddy\.workbuddy\saint_george_classifier\data\raw\georges\a42cc8460426f573a4803bb7ced26154.jpg,1,1211
C:\Users\16610\Desktop\.workbuddy\.workbuddy\saint_george_classifier\data\raw\georges\a4537e116ecb5b52c64e66a5ef747989.jpg,1,1212
C:\Users\16610\Desktop\.workbuddy\.workbuddy\saint_george_classifier\data\raw\georges\a47435f4b43453f6329a95613605df1a.jpg,1,478
C:\Users\16610\Desktop\.workbuddy\.workbuddy\saint_george_classifier\data\raw\georges\a4b7d53a9ccd97d4d678a82cb56d34d2.jpg,1,1214
C:\Users\16610\Desktop\.workbuddy\.workbuddy\saint_george_classifier\data\raw\georges\a4cdc13e1a13afb70af610b6e437aaff.jpg,1,1215
C:\Users\16610\Desktop\.workbuddy\.workbuddy\saint_george_classifier\data\raw\georges\a4db5a270ea2b6f627c19e6357c65334.jpg,1,243
C:\Users\16610\Desktop\.workbuddy\.workbuddy\saint_george_classifier\data\raw\georges\a4de78679e7c70bafb47ed2c42cce182.jpg,1,1216
C:\Users\16610\Desktop\.workbuddy\.workbuddy\saint_george_classifier\data\raw\georges\a4f56e0669c25cb0fce4a129179cb5df.jpg,1,788
C:\Users\16610\Desktop\.workbuddy\.workbuddy\saint_george_classifier\data\raw\georges\a523454094cefb3a93075c4b0a79b966.jpg,1,1217
C:\Users\16610\Desktop\.workbuddy\.workbuddy\saint_george_classifier\data\raw\georges\a5564e748155c1ea13e833bd04aca05f.jpg,1,1218
C:\Users\16610\Desktop\.workbuddy\.workbuddy\saint_george_classifier\data\raw\georges\a59621b960bc4db307f733a2cd79a4f5.jpg,1,1219
C:\Users\16610\Desktop\.workbuddy\.workbuddy\saint_george_classifier\data\raw\georges\a5c9c68c5ef61d5ec9c5209e7099c16f.jpg,1,1222
C:\Users\16610\Desktop\.workbuddy\.workbuddy\saint_george_classifier\data\raw\georges\a5f4e4c24feee7acd5de610ec388d7b3.jpg,1,1223
C:\Users\16610\Desktop\.workbuddy\.workbuddy\saint_george_classifier\data\raw\georges\a6235e7439e630b9886fc2421a9c6f32.jpg,1,1225
C:\Users\16610\Desktop\.workbuddy\.workbuddy\saint_george_classifier\data\raw\georges\a6590ba403c0d0edad2915aebb8427c5.jpg,1,788
C:\Users\16610\Desktop\.workbuddy\.workbuddy\saint_george_classifier\data\raw\georges\a65e4b05ee9de01dbd6329b720e6972c.jpg,1,1226
C:\Users\16610\Desktop\.workbuddy\.workbuddy\saint_george_classifier\data\raw\georges\a65ff2320fccb6f11f41fb401a931889.jpg,1,1227
C:\Users\16610\Desktop\.workbuddy\.workbuddy\saint_george_classifier\data\raw\georges\a6a45ad6584dd613fd1959d3ea959606.jpg,1,1228
C:\Users\16610\Desktop\.workbuddy\.workbuddy\saint_george_classifier\data\raw\georges\a6a74775c3595f4ec40db3913b6fe39f.jpg,1,1229
C:\Users\16610\Desktop\.workbuddy\.workbuddy\saint_george_classifier\data\raw\georges\a6e490c394d4b82930a94905949e8663.jpg,1,1231
C:\Users\16610\Desktop\.workbuddy\.workbuddy\saint_george_classifier\data\raw\georges\a6e7febc83218446b6eacd71ae813ba3.jpg,1,1164
C:\Users\16610\Desktop\.workbuddy\.workbuddy\saint_george_classifier\data\raw\georges\a7006f5e8293638baed2910a56be3c2c.jpg,1,1232
C:\Users\16610\Desktop\.workbuddy\.workbuddy\saint_george_classifier\data\raw\georges\a70f0824d4ca8704e43531b090603c92.jpg,1,1233
C:\Users\16610\Desktop\.workbuddy\.workbuddy\saint_george_classifier\data\raw\georges\a7142151c506f1ade2a671d62789cf42.jpg,1,601
C:\Users\16610\Desktop\.workbuddy\.workbuddy\saint_george_classifier\data\raw\georges\a762aa19a435554e7d3481c0ed21302d.jpg,1,1235
C:\Users\16610\Desktop\.workbuddy\.workbuddy\saint_george_classifier\data\raw\georges\a76551529f82617f62ba9ab86d5b3f2f.jpg,1,1236
C:\Users\16610\Desktop\.workbuddy\.workbuddy\saint_george_classifier\data\raw\georges\a787b64c5a5d64054906f305fd26d8e7.jpg,1,1237
C:\Users\16610\Desktop\.workbuddy\.workbuddy\saint_george_classifier\data\raw\georges\a7a5a05f64b5070f52bf78d2b20c1449.jpg,1,1238
C:\Users\16610\Desktop\.workbuddy\.workbuddy\saint_george_classifier\data\raw\georges\a7c33aff6fe4914b6301daa11de27c6c.jpg,1,46
C:\Users\16610\Desktop\.workbuddy\.workbuddy\saint_george_classifier\data\raw\georges\a7d55d29b5d288a13d87b747c11e6afc.jpg,1,1239
C:\Users\16610\Desktop\.workbuddy\.workbuddy\saint_george_classifier\data\raw\georges\a7e2e10b8d6a332bd29ac52957f1b707.jpg,1,1240
C:\Users\16610\Desktop\.workbuddy\.workbuddy\saint_george_classifier\data\raw\georges\a845da0140b7652cd97a54c87556be96.jpg,1,1242
C:\Users\16610\Desktop\.workbuddy\.workbuddy\saint_george_classifier\data\raw\georges\a856ad9bee80631a742d7bc2e401c0ee.jpg,1,1243
C:\Users\16610\Desktop\.workbuddy\.workbuddy\saint_george_classifier\data\raw\georges\a85d542376491cc55266e8514f06d603.jpg,1,215
C:\Users\16610\Desktop\.workbuddy\.workbuddy\saint_george_classifier\data\raw\georges\a87d16673f9776e29273e1626d576682.jpg,1,1085
C:\Users\16610\Desktop\.workbuddy\.workbuddy\saint_george_classifier\data\raw\georges\a8c49cee23149028e48b18aefb753bdf.jpg,1,637
C:\Users\16610\Desktop\.workbuddy\.workbuddy\saint_george_classifier\data\raw\georges\a8e7ae6f808b2a71bc82c59a772fe200.jpg,1,1245
C:\Users\16610\Desktop\.workbuddy\.workbuddy\saint_george_classifier\data\raw\georges\a924406e613ee22b9bbb9b7f44dd275a.jpg,1,405
C:\Users\16610\Desktop\.workbuddy\.workbuddy\saint_george_classifier\data\raw\georges\a93a19893df2f626d1d4c9c26ad74af8.jpg,1,1246
C:\Users\16610\Desktop\.workbuddy\.workbuddy\saint_george_classifier\data\raw\georges\a945a30e80405e98497c658a75f9a35b.jpg,1,133
C:\Users\16610\Desktop\.workbuddy\.workbuddy\saint_george_classifier\data\raw\georges\a96aebb4bd0d9eebdb4954b45ddf379d.jpg,1,1248
C:\Users\16610\Desktop\.workbuddy\.workbuddy\saint_george_classifier\data\raw\georges\a9804ad710d70b7f45253d083ecb5688.jpg,1,663
C:\Users\16610\Desktop\.workbuddy\.workbuddy\saint_george_classifier\data\raw\georges\a9825beaac90ed41003a133edfc15103.jpg,1,1249
C:\Users\16610\Desktop\.workbuddy\.workbuddy\saint_george_classifier\data\raw\georges\a9ab7a38364a2c84b2dd283b257c3323.jpg,1,643
C:\Users\16610\Desktop\.workbuddy\.workbuddy\saint_george_classifier\data\raw\georges\a9c1f0b0ab553c4cacb27c9811078121.jpg,1,1251
C:\Users\16610\Desktop\.workbuddy\.workbuddy\saint_george_classifier\data\raw\georges\a9c63d224112cdfda44e13a949dd7760.jpg,1,1252
C:\Users\16610\Desktop\.workbuddy\.workbuddy\saint_george_classifier\data\raw\georges\a9efd23d8db538e7287c6e6c55d31368.jpg,1,32
C:\Users\16610\Desktop\.workbuddy\.workbuddy\saint_george_classifier\data\raw\georges\aa3fa57eb2f2e16a7417feb32f1a8d46.jpg,1,1253
C:\Users\16610\Desktop\.workbuddy\.workbuddy\saint_george_classifier\data\raw\georges\aa5be124d9deeb5580499b9290519605.jpg,1,578
C:\Users\16610\Desktop\.workbuddy\.workbuddy\saint_george_classifier\data\raw\georges\aa986347fa2169decbce149119e5db3c.jpg,1,1255
C:\Users\16610\Desktop\.workbuddy\.workbuddy\saint_george_classifier\data\raw\georges\aa9b8bd5581e1ce3baf82d5e9f18fced.jpg,1,354
C:\Users\16610\Desktop\.workbuddy\.workbuddy\saint_george_classifier\data\raw\georges\aaa9df1a50952c22c429ff6a8096a24c.jpg,1,171
C:\Users\16610\Desktop\.workbuddy\.workbuddy\saint_george_classifier\data\raw\georges\aaf2c435f4215023aaec8369718a37c1.jpg,1,159
C:\Users\16610\Desktop\.workbuddy\.workbuddy\saint_george_classifier\data\raw\georges\ab416b6b733e1a9acd4a7a8802642986.jpg,1,1257
C:\Users\16610\Desktop\.workbuddy\.workbuddy\saint_george_classifier\data\raw\georges\ab46f0dd1fadf06938d1118497111cf1.jpg,1,1258
C:\Users\16610\Desktop\.workbuddy\.workbuddy\saint_george_classifier\data\raw\georges\abc3dfe5835e01f1b059ae510e3d4b7e.jpg,1,1261
C:\Users\16610\Desktop\.workbuddy\.workbuddy\saint_george_classifier\data\raw\georges\ac16b8220a0aa131c96f2bc1d4e1d805.jpg,1,1263
C:\Users\16610\Desktop\.workbuddy\.workbuddy\saint_george_classifier\data\raw\georges\ac18801b7ba41d4f8a4f1e3818eaf88d.jpg,1,1264
C:\Users\16610\Desktop\.workbuddy\.workbuddy\saint_george_classifier\data\raw\georges\ac4c5db005ce141a0c617184f047c36e.jpg,1,1266
C:\Users\16610\Desktop\.workbuddy\.workbuddy\saint_george_classifier\data\raw\georges\ac7f89bab504f5b719527e7059f6888e.jpg,1,1268
C:\Users\16610\Desktop\.workbuddy\.workbuddy\saint_george_classifier\data\raw\georges\ac86b452a48afa27da213db472a78200.jpg,1,423
C:\Users\16610\Desktop\.workbuddy\.workbuddy\saint_george_classifier\data\raw\georges\ac9d837e514fd72c557a0cd1189ca0b6.jpg,1,405
C:\Users\16610\Desktop\.workbuddy\.workbuddy\saint_george_classifier\data\raw\georges\acae9d8f7c38a35fb6b58994ae0232c7.jpg,1,1269
C:\Users\16610\Desktop\.workbuddy\.workbuddy\saint_george_classifier\data\raw\georges\ad0d4f2cb3216176ec9912914213d324.jpg,1,215
C:\Users\16610\Desktop\.workbuddy\.workbuddy\saint_george_classifier\data\raw\georges\ad2fd03f70e6fa288184f4262c07e6d7.jpg,1,1270
C:\Users\16610\Desktop\.workbuddy\.workbuddy\saint_george_classifier\data\raw\georges\ad3fb056fdcbaa244a4e3dfef044fbc6.jpg,1,1271
C:\Users\16610\Desktop\.workbuddy\.workbuddy\saint_george_classifier\data\raw\georges\ad55ab81d39c371574000185a052759a.jpg,1,1272
C:\Users\16610\Desktop\.workbuddy\.workbuddy\saint_george_classifier\data\raw\georges\ad641eb382055ad40d710b77613727ca.jpg,1,1273
C:\Users\16610\Desktop\.workbuddy\.workbuddy\saint_george_classifier\data\raw\georges\ad7e894efcde10ceda5ce5503aebcabb.jpg,1,371
C:\Users\16610\Desktop\.workbuddy\.workbuddy\saint_george_classifier\data\raw\georges\ad880c1ce0c3149c2b60b53ba17768f7.jpg,1,1274
C:\Users\16610\Desktop\.workbuddy\.workbuddy\saint_george_classifier\data\raw\georges\ad8dc810600a06eee188a8f9fc7c0fe0.jpg,1,25
C:\Users\16610\Desktop\.workbuddy\.workbuddy\saint_george_classifier\data\raw\georges\ada9efec01f10a9ccd5ac0397a3b34c6.jpg,1,19
C:\Users\16610\Desktop\.workbuddy\.workbuddy\saint_george_classifier\data\raw\georges\ae1d6ae353d698cc812c95b7f37ab788.jpg,1,1275
C:\Users\16610\Desktop\.workbuddy\.workbuddy\saint_george_classifier\data\raw\georges\ae2ef35dfea5fc854e0a142363fc4a92.jpg,1,610
C:\Users\16610\Desktop\.workbuddy\.workbuddy\saint_george_classifier\data\raw\georges\ae5d0654b8280d9a68e4b050ea54b3d4.jpg,1,1036
C:\Users\16610\Desktop\.workbuddy\.workbuddy\saint_george_classifier\data\raw\georges\ae6e0a08a0c28a794852534c1ce56251.jpg,1,1276
C:\Users\16610\Desktop\.workbuddy\.workbuddy\saint_george_classifier\data\raw\georges\ae86f2b939b2b2a8a7902679f4224f62.jpg,1,10
C:\Users\16610\Desktop\.workbuddy\.workbuddy\saint_george_classifier\data\raw\georges\ae9850ab9d44d85fd623d236450458d3.jpg,1,1277
C:\Users\16610\Desktop\.workbuddy\.workbuddy\saint_george_classifier\data\raw\georges\af0b3877dd4410e31855267de04b1cc6.jpg,1,13
C:\Users\16610\Desktop\.workbuddy\.workbuddy\saint_george_classifier\data\raw\georges\af5d47446523f17387a3723181b78344.jpg,1,1279
C:\Users\16610\Desktop\.workbuddy\.workbuddy\saint_george_classifier\data\raw\georges\af66c02cf84db196495e6783ee5aa176.jpg,1,1280
C:\Users\16610\Desktop\.workbuddy\.workbuddy\saint_george_classifier\data\raw\georges\af722f383a8e34b3a7e287d5f9fecc28.jpg,1,1281
C:\Users\16610\Desktop\.workbuddy\.workbuddy\saint_george_classifier\data\raw\georges\afd4108306505cf0ce9abbaf56bfed8c.jpg,1,133
C:\Users\16610\Desktop\.workbuddy\.workbuddy\saint_george_classifier\data\raw\georges\afd5943cb7db318b399b9218cf7578d4.jpg,1,19
C:\Users\16610\Desktop\.workbuddy\.workbuddy\saint_george_classifier\data\raw\georges\b00d03472e7234f9d447be37b8a0e3b7.jpg,1,1283
C:\Users\16610\Desktop\.workbuddy\.workbuddy\saint_george_classifier\data\raw\georges\b019820f561f6de06469e1e318e89c15.jpg,1,1284
C:\Users\16610\Desktop\.workbuddy\.workbuddy\saint_george_classifier\data\raw\georges\b0e696ece115756ada004dffd630eee8.jpg,1,1286
C:\Users\16610\Desktop\.workbuddy\.workbuddy\saint_george_classifier\data\raw\georges\b105240ddbf58401497b8605df69cd35.jpg,1,1287
C:\Users\16610\Desktop\.workbuddy\.workbuddy\saint_george_classifier\data\raw\georges\b12206ed20749ce50b571c79913951d8.jpg,1,1251
C:\Users\16610\Desktop\.workbuddy\.workbuddy\saint_george_classifier\data\raw\georges\b1589a2af46a69ab64330055ece1b087.jpg,1,1288
C:\Users\16610\Desktop\.workbuddy\.workbuddy\saint_george_classifier\data\raw\georges\b17e81e9b51131677b23d11b36900d27.jpg,1,1289
C:\Users\16610\Desktop\.workbuddy\.workbuddy\saint_george_classifier\data\raw\georges\b1b44b4014e0addbb530f50e72803f20.jpg,1,275
C:\Users\16610\Desktop\.workbuddy\.workbuddy\saint_george_classifier\data\raw\georges\b1c0d0e014d79ccd5cc1dcf8558336be.jpg,1,1290
C:\Users\16610\Desktop\.workbuddy\.workbuddy\saint_george_classifier\data\raw\georges\b1f210ecc0d1821028d5b6b91b2322d2.jpg,1,1291
C:\Users\16610\Desktop\.workbuddy\.workbuddy\saint_george_classifier\data\raw\georges\b1fd1f3074fb571623e4e05e709becbb.jpg,1,1292
C:\Users\16610\Desktop\.workbuddy\.workbuddy\saint_george_classifier\data\raw\georges\b20c5bb507ac31074e1e37e368164928.jpg,1,1293
C:\Users\16610\Desktop\.workbuddy\.workbuddy\saint_george_classifier\data\raw\georges\b2126e6db91f4f54920f77e320b0680e.jpg,1,1294
C:\Users\16610\Desktop\.workbuddy\.workbuddy\saint_george_classifier\data\raw\georges\b263218c6f9eed492c48f420226c26c2.jpg,1,1296
C:\Users\16610\Desktop\.workbuddy\.workbuddy\saint_george_classifier\data\raw\georges\b286fe1a61622afe10d53590df810d89.jpg,1,785
C:\Users\16610\Desktop\.workbuddy\.workbuddy\saint_george_classifier\data\raw\georges\b2940117c57947d7ab2093d0e78d5092.jpg,1,818
C:\Users\16610\Desktop\.workbuddy\.workbuddy\saint_george_classifier\data\raw\georges\b29df70d1a37b5fff7966ba041d09ff6.jpg,1,299
C:\Users\16610\Desktop\.workbuddy\.workbuddy\saint_george_classifier\data\raw\georges\b2d7bb15348367f733269036d794c862.jpg,1,1297
C:\Users\16610\Desktop\.workbuddy\.workbuddy\saint_george_classifier\data\raw\georges\b33f393aa372cd7109a62fe90c5d2d70.jpg,1,1299
C:\Users\16610\Desktop\.workbuddy\.workbuddy\saint_george_classifier\data\raw\georges\b3a68be99f91fbf766a76135c3944311.jpg,1,1300
C:\Users\16610\Desktop\.workbuddy\.workbuddy\saint_george_classifier\data\raw\georges\b4217c985a463d3526f08934e6abb5c8.jpg,1,16
C:\Users\16610\Desktop\.workbuddy\.workbuddy\saint_george_classifier\data\raw\georges\b453ea2c0eda9055f7a75f24dd80693f.jpg,1,215
C:\Users\16610\Desktop\.workbuddy\.workbuddy\saint_george_classifier\data\raw\georges\b459cde4d4eca83b7951cd78fec24d75.jpg,1,358
C:\Users\16610\Desktop\.workbuddy\.workbuddy\saint_george_classifier\data\raw\georges\b46fb25d7e9f36ea276f2308aed499cf.jpg,1,1303
C:\Users\16610\Desktop\.workbuddy\.workbuddy\saint_george_classifier\data\raw\georges\b477641fbb03ad5e40ee0c9991363a09.jpg,1,1304
C:\Users\16610\Desktop\.workbuddy\.workbuddy\saint_george_classifier\data\raw\georges\b484798c698e08111629666a884c4a63.jpg,1,1305
C:\Users\16610\Desktop\.workbuddy\.workbuddy\saint_george_classifier\data\raw\georges\b4a49430f0f061365ea68efdc3da2855.jpg,1,1009
C:\Users\16610\Desktop\.workbuddy\.workbuddy\saint_george_classifier\data\raw\georges\b4cb1056afa694e406486e893c34c427.jpg,1,139
C:\Users\16610\Desktop\.workbuddy\.workbuddy\saint_george_classifier\data\raw\georges\b4f2a4d1dec05d3184fa7770547ae077.jpg,1,1307
C:\Users\16610\Desktop\.workbuddy\.workbuddy\saint_george_classifier\data\raw\georges\b5018733ca584a8c63e4f62cf89d388e.jpg,1,1309
C:\Users\16610\Desktop\.workbuddy\.workbuddy\saint_george_classifier\data\raw\georges\b5639027ed3f89687b6d4bc64d863bd2.jpg,1,1311
C:\Users\16610\Desktop\.workbuddy\.workbuddy\saint_george_classifier\data\raw\georges\b594bcf7f80b74d6773ed650438b89ca.jpg,1,1312
C:\Users\16610\Desktop\.workbuddy\.workbuddy\saint_george_classifier\data\raw\georges\b5ab7b8fd257f1c4af8acfd61a096b90.jpg,1,1313
C:\Users\16610\Desktop\.workbuddy\.workbuddy\saint_george_classifier\data\raw\georges\b61b449c798983ff76d308bbc83b7af5.jpg,1,1315
C:\Users\16610\Desktop\.workbuddy\.workbuddy\saint_george_classifier\data\raw\georges\b64bf14b6cd713487f6ff7dc9d90c3b1.jpg,1,1316
C:\Users\16610\Desktop\.workbuddy\.workbuddy\saint_george_classifier\data\raw\georges\b6501ba5a5f1299cba2a252afe2752cc.jpg,1,265
C:\Users\16610\Desktop\.workbuddy\.workbuddy\saint_george_classifier\data\raw\georges\b652c5f73171fd017757c052ec597db0.jpg,1,1317
C:\Users\16610\Desktop\.workbuddy\.workbuddy\saint_george_classifier\data\raw\georges\b6aa4baff697eaa2d48f46a8fc4e3e07.jpg,1,608
C:\Users\16610\Desktop\.workbuddy\.workbuddy\saint_george_classifier\data\raw\georges\b6c39905871fec1b1b8b8f745572fb8f.jpg,1,1318
C:\Users\16610\Desktop\.workbuddy\.workbuddy\saint_george_classifier\data\raw\georges\b6e7072f90b8823575067f6a42f7d1eb.jpg,1,1319
C:\Users\16610\Desktop\.workbuddy\.workbuddy\saint_george_classifier\data\raw\georges\b6ebe0ba2e08dd665c7798cc0dc823ac.jpg,1,1320
C:\Users\16610\Desktop\.workbuddy\.workbuddy\saint_george_classifier\data\raw\georges\b70926bc15a4b5855a7135af5423f60e.jpg,1,19
C:\Users\16610\Desktop\.workbuddy\.workbuddy\saint_george_classifier\data\raw\georges\b73093fe0ae9a06ab23dd992e6b457bb.jpg,1,1321
C:\Users\16610\Desktop\.workbuddy\.workbuddy\saint_george_classifier\data\raw\georges\b75a498f643bc2921b228a5acfa3d415.jpg,1,1322
C:\Users\16610\Desktop\.workbuddy\.workbuddy\saint_george_classifier\data\raw\georges\b75bc29abccdf69bb83cc7325f8a73cc.jpg,1,1297
C:\Users\16610\Desktop\.workbuddy\.workbuddy\saint_george_classifier\data\raw\georges\b75c9383495af34a1cb38243d178b82d.jpg,1,374
C:\Users\16610\Desktop\.workbuddy\.workbuddy\saint_george_classifier\data\raw\georges\b77f7b926907f9aa45aa80f04567cd1d.jpg,1,1323
C:\Users\16610\Desktop\.workbuddy\.workbuddy\saint_george_classifier\data\raw\georges\b7c875ee02859bc186258ab9561d9894.jpg,1,1325
C:\Users\16610\Desktop\.workbuddy\.workbuddy\saint_george_classifier\data\raw\georges\b7cc644eb2fbe98ee89cff85c14e5122.jpg,1,637
C:\Users\16610\Desktop\.workbuddy\.workbuddy\saint_george_classifier\data\raw\georges\b7e0ef9b493ff96406096480128edaf1.jpg,1,1326
C:\Users\16610\Desktop\.workbuddy\.workbuddy\saint_george_classifier\data\raw\georges\b7f8694ae1f5d3c99faa546f8041b2ce.jpg,1,1327
C:\Users\16610\Desktop\.workbuddy\.workbuddy\saint_george_classifier\data\raw\georges\b806b54dd9bec4a57e1e206d1d61a888.jpg,1,1328
C:\Users\16610\Desktop\.workbuddy\.workbuddy\saint_george_classifier\data\raw\georges\b80bd0a7c9dd109f337bb5306faf833b.jpg,1,48
C:\Users\16610\Desktop\.workbuddy\.workbuddy\saint_george_classifier\data\raw\georges\b826044a4250dd249743f50eaecdd3db.jpg,1,1329
C:\Users\16610\Desktop\.workbuddy\.workbuddy\saint_george_classifier\data\raw\georges\b82bad6a08dbf1d25da31bb6403abf47.jpg,1,944
C:\Users\16610\Desktop\.workbuddy\.workbuddy\saint_george_classifier\data\raw\georges\b877900e0967bf8574cf9ae987a6f726.jpg,1,1330
C:\Users\16610\Desktop\.workbuddy\.workbuddy\saint_george_classifier\data\raw\georges\b890c01ce53aa4b74c1f2a049ce1216f.jpg,1,1331
C:\Users\16610\Desktop\.workbuddy\.workbuddy\saint_george_classifier\data\raw\georges\b8d001e69e56fb4d913015b8bd2cb0d5.jpg,1,1332
C:\Users\16610\Desktop\.workbuddy\.workbuddy\saint_george_classifier\data\raw\georges\b91407a00a521caf2e5dc5b0ff712e97.jpg,1,1334
C:\Users\16610\Desktop\.workbuddy\.workbuddy\saint_george_classifier\data\raw\georges\b9760fc8355d5d6b4c71799cfd21c49c.jpg,1,1335
C:\Users\16610\Desktop\.workbuddy\.workbuddy\saint_george_classifier\data\raw\georges\b98a4d658a83335b75c231aff29a941a.jpg,1,1336
C:\Users\16610\Desktop\.workbuddy\.workbuddy\saint_george_classifier\data\raw\georges\b9a2eee2f9f6f206d11d17836283f0ec.jpg,1,1337
C:\Users\16610\Desktop\.workbuddy\.workbuddy\saint_george_classifier\data\raw\georges\b9b55f4e945ec4a2f459601439ab4528.jpg,1,1338
C:\Users\16610\Desktop\.workbuddy\.workbuddy\saint_george_classifier\data\raw\georges\ba0976620a5cb620ee3ed3ba85f8a359.jpg,1,776
C:\Users\16610\Desktop\.workbuddy\.workbuddy\saint_george_classifier\data\raw\georges\ba0f998031fcfba9e9fdbac4571efe0d.jpg,1,1339
C:\Users\16610\Desktop\.workbuddy\.workbuddy\saint_george_classifier\data\raw\georges\ba60af68febb5325b6d7e829bbde68d0.jpg,1,1343
C:\Users\16610\Desktop\.workbuddy\.workbuddy\saint_george_classifier\data\raw\georges\ba71cb9a21587bf00dcf204cad8827cc.jpg,1,407
C:\Users\16610\Desktop\.workbuddy\.workbuddy\saint_george_classifier\data\raw\georges\baa3a0ce6620b6e9972621fd3682e908.jpg,1,1344
C:\Users\16610\Desktop\.workbuddy\.workbuddy\saint_george_classifier\data\raw\georges\bb012d0224ec98b02f164bdb09b1f1c3.jpg,1,1345
C:\Users\16610\Desktop\.workbuddy\.workbuddy\saint_george_classifier\data\raw\georges\bb08e767d89aa8827ecce1fe013369ce.jpg,1,566
C:\Users\16610\Desktop\.workbuddy\.workbuddy\saint_george_classifier\data\raw\georges\bb1ee0efa5c6f5e2ef181dbcc541d772.jpg,1,1346
C:\Users\16610\Desktop\.workbuddy\.workbuddy\saint_george_classifier\data\raw\georges\bb5cfc64551f7b6eb95b8970161f50ad.jpg,1,1347
C:\Users\16610\Desktop\.workbuddy\.workbuddy\saint_george_classifier\data\raw\georges\bb81b95ac984b01b080c8f926b512397.jpg,1,1348
C:\Users\16610\Desktop\.workbuddy\.workbuddy\saint_george_classifier\data\raw\georges\bb880a95cd7b39a4cfd9faaeaeb5fbf6.jpg,1,1349
C:\Users\16610\Desktop\.workbuddy\.workbuddy\saint_george_classifier\data\raw\georges\bbc824eef50b74b3dea7eab18807a2aa.jpg,1,1351
C:\Users\16610\Desktop\.workbuddy\.workbuddy\saint_george_classifier\data\raw\georges\bbc88b342e9bf0cdb11ec208b9dd0fc7.jpg,1,963
C:\Users\16610\Desktop\.workbuddy\.workbuddy\saint_george_classifier\data\raw\georges\bc147d252d463ef2325163675bb70e12.jpg,1,1353
C:\Users\16610\Desktop\.workbuddy\.workbuddy\saint_george_classifier\data\raw\georges\bc44faf1e3740eddd4b5bfca02179ea2.jpg,1,1354
C:\Users\16610\Desktop\.workbuddy\.workbuddy\saint_george_classifier\data\raw\georges\bc59edf1a13ec05f21602aa036616639.jpg,1,10
C:\Users\16610\Desktop\.workbuddy\.workbuddy\saint_george_classifier\data\raw\georges\bceaf662fc18b74143c31eca9df639ed.jpg,1,1356
C:\Users\16610\Desktop\.workbuddy\.workbuddy\saint_george_classifier\data\raw\georges\bcec787abde43e2771fc528884089f15.jpg,1,1357
C:\Users\16610\Desktop\.workbuddy\.workbuddy\saint_george_classifier\data\raw\georges\bcf201d822593a05f8e8d5751260f39a.jpg,1,1358
C:\Users\16610\Desktop\.workbuddy\.workbuddy\saint_george_classifier\data\raw\georges\bd4d9b88b2d283f26ea75ed7af27c2b2.jpg,1,1359
C:\Users\16610\Desktop\.workbuddy\.workbuddy\saint_george_classifier\data\raw\georges\bd552a23f1054f5a67fcca12f0c09570.jpg,1,817
C:\Users\16610\Desktop\.workbuddy\.workbuddy\saint_george_classifier\data\raw\georges\bd5638457901fc266b41827ba4a3c074.jpg,1,1360
C:\Users\16610\Desktop\.workbuddy\.workbuddy\saint_george_classifier\data\raw\georges\bd5d0ffb0aca6c5b449ebc341d5a5a92.jpg,1,1361
C:\Users\16610\Desktop\.workbuddy\.workbuddy\saint_george_classifier\data\raw\georges\bd7b3bf19024c7c5965063324d5a298a.jpg,1,1362
C:\Users\16610\Desktop\.workbuddy\.workbuddy\saint_george_classifier\data\raw\georges\bd9cb50a8e7705229fe7f0174ec6ce45.jpg,1,1363
C:\Users\16610\Desktop\.workbuddy\.workbuddy\saint_george_classifier\data\raw\georges\bddf40634c0c1a2c90c3a722c01ed77e.jpg,1,1364
C:\Users\16610\Desktop\.workbuddy\.workbuddy\saint_george_classifier\data\raw\georges\be34a87549ae1c5ea7b084392fc029ef.jpg,1,1366
C:\Users\16610\Desktop\.workbuddy\.workbuddy\saint_george_classifier\data\raw\georges\be6609113e10af79fa9cf27f2d531ed2.jpg,1,2
C:\Users\16610\Desktop\.workbuddy\.workbuddy\saint_george_classifier\data\raw\georges\be69cfc39b4fe56447e5dbf9edfb6edf.jpg,1,1367
C:\Users\16610\Desktop\.workbuddy\.workbuddy\saint_george_classifier\data\raw\georges\bea6a316090998d9b13e66404a862a3a.jpg,1,658
C:\Users\16610\Desktop\.workbuddy\.workbuddy\saint_george_classifier\data\raw\georges\beaf0ec51234ad55ff9eb9b7810f9d20.jpg,1,1258
C:\Users\16610\Desktop\.workbuddy\.workbuddy\saint_george_classifier\data\raw\georges\bebd11af88a7f11b968d06ec14301957.jpg,1,371
C:\Users\16610\Desktop\.workbuddy\.workbuddy\saint_george_classifier\data\raw\georges\bee476a984ca80d3a32d8aa407b98ce2.jpg,1,318
C:\Users\16610\Desktop\.workbuddy\.workbuddy\saint_george_classifier\data\raw\georges\bf02539bb6b0070ca1ab1491ef24a051.jpg,1,1370
C:\Users\16610\Desktop\.workbuddy\.workbuddy\saint_george_classifier\data\raw\georges\bf421d70f6157ca7947eb345096144d3.jpg,1,134
C:\Users\16610\Desktop\.workbuddy\.workbuddy\saint_george_classifier\data\raw\georges\bf7afd007be69dc3f22819b683286604.jpg,1,1372
C:\Users\16610\Desktop\.workbuddy\.workbuddy\saint_george_classifier\data\raw\georges\bf978aed1612fc0f3daa3216114a919a.jpg,1,1373
C:\Users\16610\Desktop\.workbuddy\.workbuddy\saint_george_classifier\data\raw\georges\bf9b2795710d16e4acc94a58dc18d246.jpg,1,1374
C:\Users\16610\Desktop\.workbuddy\.workbuddy\saint_george_classifier\data\raw\georges\bfde89627df35a8613532922dc128b8f.jpg,1,1375
C:\Users\16610\Desktop\.workbuddy\.workbuddy\saint_george_classifier\data\raw\georges\bffe8cb936a7a7a92afb3c20ea1a0ce4.jpg,1,1376
C:\Users\16610\Desktop\.workbuddy\.workbuddy\saint_george_classifier\data\raw\georges\c041811ec9104bf432cff6de9df2a46b.jpg,1,818
C:\Users\16610\Desktop\.workbuddy\.workbuddy\saint_george_classifier\data\raw\georges\c0650a27b17c70f39b8b3c34eff916fa.jpg,1,1378
C:\Users\16610\Desktop\.workbuddy\.workbuddy\saint_george_classifier\data\raw\georges\c06e6cab8fb54f3f4e593f12316469ed.jpg,1,1379
C:\Users\16610\Desktop\.workbuddy\.workbuddy\saint_george_classifier\data\raw\georges\c0711423cae13e4173aedea71e8f43e6.jpg,1,1380
C:\Users\16610\Desktop\.workbuddy\.workbuddy\saint_george_classifier\data\raw\georges\c07548522b8f8e66a44063042efadbf9.jpg,1,1381
C:\Users\16610\Desktop\.workbuddy\.workbuddy\saint_george_classifier\data\raw\georges\c0c6bbb0ffc1cc15b02bc1238ffd5387.jpg,1,1382
C:\Users\16610\Desktop\.workbuddy\.workbuddy\saint_george_classifier\data\raw\georges\c0c7a8c0d64a381e69da9b3a6a0f3390.jpg,1,1383
C:\Users\16610\Desktop\.workbuddy\.workbuddy\saint_george_classifier\data\raw\georges\c10b7b2d3a6f5d20ed8814ba1495e6e1.jpg,1,1150
C:\Users\16610\Desktop\.workbuddy\.workbuddy\saint_george_classifier\data\raw\georges\c16c27d2727d5c62fa502da751bbfa0d.jpg,1,1384
C:\Users\16610\Desktop\.workbuddy\.workbuddy\saint_george_classifier\data\raw\georges\c16cb31b100051bb887302c2bccab72c.jpg,1,1385
C:\Users\16610\Desktop\.workbuddy\.workbuddy\saint_george_classifier\data\raw\georges\c1ab0ca5b1da1dd74bd7501abaa6c2a7.jpg,1,1386
C:\Users\16610\Desktop\.workbuddy\.workbuddy\saint_george_classifier\data\raw\georges\c1d0192f23141103de07db6a50c79cfb.jpg,1,101
C:\Users\16610\Desktop\.workbuddy\.workbuddy\saint_george_classifier\data\raw\georges\c27423b6bbda4784b6c29c3603bd100b.jpg,1,1387
C:\Users\16610\Desktop\.workbuddy\.workbuddy\saint_george_classifier\data\raw\georges\c2830e3ce665ec8370d5867ce2dfb4df.jpg,1,1388
C:\Users\16610\Desktop\.workbuddy\.workbuddy\saint_george_classifier\data\raw\georges\c29ffb463186cce81209d7ce91a6823b.jpg,1,1389
C:\Users\16610\Desktop\.workbuddy\.workbuddy\saint_george_classifier\data\raw\georges\c2bd031c4916facdfac927ce80d5e053.jpg,1,314
C:\Users\16610\Desktop\.workbuddy\.workbuddy\saint_george_classifier\data\raw\georges\c2f6bfb64ba9633290eb13c8ef846fc0.jpg,1,1391
C:\Users\16610\Desktop\.workbuddy\.workbuddy\saint_george_classifier\data\raw\georges\c31e073fd22ce4d916474d2fdc924d34.jpg,1,1393
C:\Users\16610\Desktop\.workbuddy\.workbuddy\saint_george_classifier\data\raw\georges\c33a227bb50edc21ca00103487f7ec9e.jpg,1,1394
C:\Users\16610\Desktop\.workbuddy\.workbuddy\saint_george_classifier\data\raw\georges\c349b58da07f55071bfadf416c959e91.jpg,1,1395
C:\Users\16610\Desktop\.workbuddy\.workbuddy\saint_george_classifier\data\raw\georges\c383ad10d006bc823ae3794f6d609684.jpg,1,133
C:\Users\16610\Desktop\.workbuddy\.workbuddy\saint_george_classifier\data\raw\georges\c3dd0f8d250eaacd8a34f070d4e58cfc.jpg,1,1396
C:\Users\16610\Desktop\.workbuddy\.workbuddy\saint_george_classifier\data\raw\georges\c3e8399189c25af428290db5bfb8aafc.jpg,1,1182
C:\Users\16610\Desktop\.workbuddy\.workbuddy\saint_george_classifier\data\raw\georges\c4088c12f2eb706451f1e22c7a2dfa3d.jpg,1,714
C:\Users\16610\Desktop\.workbuddy\.workbuddy\saint_george_classifier\data\raw\georges\c4225b402ca20d1586e2acd346d4d31f.jpg,1,1398
C:\Users\16610\Desktop\.workbuddy\.workbuddy\saint_george_classifier\data\raw\georges\c495f103872b2a9c92a5e6157ed4bd7d.jpg,1,726
C:\Users\16610\Desktop\.workbuddy\.workbuddy\saint_george_classifier\data\raw\georges\c4ac26e42ca6cf30ce808fc285689d4c.jpg,1,732
C:\Users\16610\Desktop\.workbuddy\.workbuddy\saint_george_classifier\data\raw\georges\c4c0fb2bab01aa22bd9a08c2d2201dcb.jpg,1,1399
C:\Users\16610\Desktop\.workbuddy\.workbuddy\saint_george_classifier\data\raw\georges\c4c15af740ca8238d99c22f0b4274454.jpg,1,153
C:\Users\16610\Desktop\.workbuddy\.workbuddy\saint_george_classifier\data\raw\georges\c4f4532857daa29903230cbd41c304bc.jpg,1,1400
C:\Users\16610\Desktop\.workbuddy\.workbuddy\saint_george_classifier\data\raw\georges\c4fb37cf10f13f9da3f9fb7f3fec9dfd.jpg,1,1401
C:\Users\16610\Desktop\.workbuddy\.workbuddy\saint_george_classifier\data\raw\georges\c504db69c5ffd213b5adddf49db3e567.jpg,1,215
C:\Users\16610\Desktop\.workbuddy\.workbuddy\saint_george_classifier\data\raw\georges\c5290c6584de01d4f3e14c7fd42584ad.jpg,1,1402
C:\Users\16610\Desktop\.workbuddy\.workbuddy\saint_george_classifier\data\raw\georges\c5566d11e713ef910f6f5d3c93298b62.jpg,1,1403
C:\Users\16610\Desktop\.workbuddy\.workbuddy\saint_george_classifier\data\raw\georges\c57a1b73c2ea352e2e460d531a002802.jpg,1,1404
C:\Users\16610\Desktop\.workbuddy\.workbuddy\saint_george_classifier\data\raw\georges\c6057f5ca74d465e0e198c2925cf8e0d.jpg,1,205
C:\Users\16610\Desktop\.workbuddy\.workbuddy\saint_george_classifier\data\raw\georges\c615a0d3cbc283d9601105baf60166ce.jpg,1,1406
C:\Users\16610\Desktop\.workbuddy\.workbuddy\saint_george_classifier\data\raw\georges\c641ce6a90e990db1b07a4a0dd9e8d8a.jpg,1,1407
C:\Users\16610\Desktop\.workbuddy\.workbuddy\saint_george_classifier\data\raw\georges\c64ff1fc642aff4c2c105db4a06d08dc.jpg,1,1408
C:\Users\16610\Desktop\.workbuddy\.workbuddy\saint_george_classifier\data\raw\georges\c6904ea0e8e45e510a73e7f06b421a87.jpg,1,1409
C:\Users\16610\Desktop\.workbuddy\.workbuddy\saint_george_classifier\data\raw\georges\c6b990f3882a0fa036f88cb42595c69c.jpg,1,1410
C:\Users\16610\Desktop\.workbuddy\.workbuddy\saint_george_classifier\data\raw\georges\c6f16416e9ac3cef445c76803804a3c1.jpg,1,693
C:\Users\16610\Desktop\.workbuddy\.workbuddy\saint_george_classifier\data\raw\georges\c72c4b39776eeb76039b4fc74715f019.jpg,1,1412
C:\Users\16610\Desktop\.workbuddy\.workbuddy\saint_george_classifier\data\raw\georges\c76d9e1d72b3d32bee1ac2fb42dab633.jpg,1,1413
C:\Users\16610\Desktop\.workbuddy\.workbuddy\saint_george_classifier\data\raw\georges\c7887be94d4be315923f8d5ed7890919.jpg,1,10
C:\Users\16610\Desktop\.workbuddy\.workbuddy\saint_george_classifier\data\raw\georges\c7d2f76db1b764d512ddc3f8bf324705.jpg,1,1414
C:\Users\16610\Desktop\.workbuddy\.workbuddy\saint_george_classifier\data\raw\georges\c7f091cfba7879cfa15eebefa98a0169.jpg,1,1415
C:\Users\16610\Desktop\.workbuddy\.workbuddy\saint_george_classifier\data\raw\georges\c81e24d9d9bac61eec45382b8b8fbf7b.jpg,1,456
C:\Users\16610\Desktop\.workbuddy\.workbuddy\saint_george_classifier\data\raw\georges\c839d8b1e6c668d96285971ceff1979c.jpg,1,358
C:\Users\16610\Desktop\.workbuddy\.workbuddy\saint_george_classifier\data\raw\georges\c894f73f6ae41298f21d0c074bc58b37.jpg,1,874
C:\Users\16610\Desktop\.workbuddy\.workbuddy\saint_george_classifier\data\raw\georges\c897739ea17cbfe2e441500c7738b626.jpg,1,1418
C:\Users\16610\Desktop\.workbuddy\.workbuddy\saint_george_classifier\data\raw\georges\c8fa189df9a73fee108eb9de15c307dd.jpg,1,1419
C:\Users\16610\Desktop\.workbuddy\.workbuddy\saint_george_classifier\data\raw\georges\c901401770c74a11ad1aab89a3b8571f.jpg,1,1420
C:\Users\16610\Desktop\.workbuddy\.workbuddy\saint_george_classifier\data\raw\georges\c94fdc087b2aeac4ef28d30741550f15.jpg,1,1421
C:\Users\16610\Desktop\.workbuddy\.workbuddy\saint_george_classifier\data\raw\georges\c986cb46ff3b488e73a9600cc6f6b27d.jpg,1,129
C:\Users\16610\Desktop\.workbuddy\.workbuddy\saint_george_classifier\data\raw\georges\c99c68764a91659a66efef994b89319a.jpg,1,1423
C:\Users\16610\Desktop\.workbuddy\.workbuddy\saint_george_classifier\data\raw\georges\c9b51e0ecb756f05dbf7028ea1e77209.jpg,1,19
C:\Users\16610\Desktop\.workbuddy\.workbuddy\saint_george_classifier\data\raw\georges\c9c835f18d09e88aeff1bfea7e73d709.jpg,1,10
C:\Users\16610\Desktop\.workbuddy\.workbuddy\saint_george_classifier\data\raw\georges\ca44ae9901d7d1d55cd9ece8793e8c68.jpg,1,1425
C:\Users\16610\Desktop\.workbuddy\.workbuddy\saint_george_classifier\data\raw\georges\ca4e119cbbc1c4f4c619c8d3f95c330f.jpg,1,1426
C:\Users\16610\Desktop\.workbuddy\.workbuddy\saint_george_classifier\data\raw\georges\caa39dff44d57fd8b920dd3c747a1808.jpg,1,215
C:\Users\16610\Desktop\.workbuddy\.workbuddy\saint_george_classifier\data\raw\georges\caa44155966a27aaf715924a3289ed8b.jpg,1,1113
C:\Users\16610\Desktop\.workbuddy\.workbuddy\saint_george_classifier\data\raw\georges\cab93f9f0169178def444b83a5cd5960.jpg,1,1427
C:\Users\16610\Desktop\.workbuddy\.workbuddy\saint_george_classifier\data\raw\georges\cac4d4f78835478b7440f0fb9776c6ff.jpg,1,1428
C:\Users\16610\Desktop\.workbuddy\.workbuddy\saint_george_classifier\data\raw\georges\cad8807cbf95bfeb8522903149dc0abe.jpg,1,1429
C:\Users\16610\Desktop\.workbuddy\.workbuddy\saint_george_classifier\data\raw\georges\cae321df7a99ec4aedf245ec89360977.jpg,1,1074
C:\Users\16610\Desktop\.workbuddy\.workbuddy\saint_george_classifier\data\raw\georges\caef9a19f2c6d8c902a527a10267dd21.jpg,1,265
C:\Users\16610\Desktop\.workbuddy\.workbuddy\saint_george_classifier\data\raw\georges\cb352d180b8243bd3738a4310fe8b426.jpg,1,1430
C:\Users\16610\Desktop\.workbuddy\.workbuddy\saint_george_classifier\data\raw\georges\cb38672159b35ad2353dcf0dc5e0ddf1.jpg,1,60
C:\Users\16610\Desktop\.workbuddy\.workbuddy\saint_george_classifier\data\raw\georges\cbe92a742b867e02c2e5627a6f5b798f.jpg,1,1433
C:\Users\16610\Desktop\.workbuddy\.workbuddy\saint_george_classifier\data\raw\georges\cbff09eb9db6a1c913123158c7d34850.jpg,1,374
C:\Users\16610\Desktop\.workbuddy\.workbuddy\saint_george_classifier\data\raw\georges\cc19ccb93181b4f4a571756966e200bf.jpg,1,240
C:\Users\16610\Desktop\.workbuddy\.workbuddy\saint_george_classifier\data\raw\georges\cc21c17fa57abbb6ba2f9a40fa333425.jpg,1,694
C:\Users\16610\Desktop\.workbuddy\.workbuddy\saint_george_classifier\data\raw\georges\cc4dc553a2e22eaf6af9da63f618a035.jpg,1,148
C:\Users\16610\Desktop\.workbuddy\.workbuddy\saint_george_classifier\data\raw\georges\cc89b54add0f23ef10a9f28e1499a5f3.jpg,1,1273
C:\Users\16610\Desktop\.workbuddy\.workbuddy\saint_george_classifier\data\raw\georges\cca0f23d7f5a2f4cdacc67769d63be20.jpg,1,1434
C:\Users\16610\Desktop\.workbuddy\.workbuddy\saint_george_classifier\data\raw\georges\ccb92ba41324d65d2bb37f892d34cd01.jpg,1,1435
C:\Users\16610\Desktop\.workbuddy\.workbuddy\saint_george_classifier\data\raw\georges\cd6a51ca3d2c877a8c48967fe03938c7.jpg,1,52
C:\Users\16610\Desktop\.workbuddy\.workbuddy\saint_george_classifier\data\raw\georges\cda0c3fefd5e2bfcdefffcba37ed04ff.jpg,1,1438
C:\Users\16610\Desktop\.workbuddy\.workbuddy\saint_george_classifier\data\raw\georges\cda5d578ddf0cdcb57ca5985d9f0a8c3.jpg,1,423
C:\Users\16610\Desktop\.workbuddy\.workbuddy\saint_george_classifier\data\raw\georges\cdcd000807d030853f938fde9cd2c9b7.jpg,1,219
C:\Users\16610\Desktop\.workbuddy\.workbuddy\saint_george_classifier\data\raw\georges\ce3aa531f1c1d64b928eb340b5999d0b.jpg,1,1439
C:\Users\16610\Desktop\.workbuddy\.workbuddy\saint_george_classifier\data\raw\georges\ce553352bb62b0c4c53458339a5151ea.jpg,1,58
C:\Users\16610\Desktop\.workbuddy\.workbuddy\saint_george_classifier\data\raw\georges\ce95b621fac53c09de4968c4e095d6d5.jpg,1,1440
C:\Users\16610\Desktop\.workbuddy\.workbuddy\saint_george_classifier\data\raw\georges\ce993b83636b02810fd07bdf5dc7af5f.jpg,1,1442
C:\Users\16610\Desktop\.workbuddy\.workbuddy\saint_george_classifier\data\raw\georges\ce99d4ef06fb4b247138e84c894ef89b.jpg,1,1443
C:\Users\16610\Desktop\.workbuddy\.workbuddy\saint_george_classifier\data\raw\georges\ceaa49961fff13d4a2dc7fa5c744a0f0.jpg,1,1444
C:\Users\16610\Desktop\.workbuddy\.workbuddy\saint_george_classifier\data\raw\georges\ceb81735b5058c9aa521375ff86fc2f8.jpg,1,1445
C:\Users\16610\Desktop\.workbuddy\.workbuddy\saint_george_classifier\data\raw\georges\cec07c2b79b25277e8fc35e181b4bd51.jpg,1,1446
C:\Users\16610\Desktop\.workbuddy\.workbuddy\saint_george_classifier\data\raw\georges\cec1ac01202579b171a89266bc8a6e10.jpg,1,1447
C:\Users\16610\Desktop\.workbuddy\.workbuddy\saint_george_classifier\data\raw\georges\ced20142629c2472682e6ff3f46a5b61.jpg,1,1068
C:\Users\16610\Desktop\.workbuddy\.workbuddy\saint_george_classifier\data\raw\georges\cef93f6e7dfee6c8480f0ba18f04bce6.jpg,1,1449
C:\Users\16610\Desktop\.workbuddy\.workbuddy\saint_george_classifier\data\raw\georges\cf0c4aa00bbd48d01a742927916da16b.jpg,1,354
C:\Users\16610\Desktop\.workbuddy\.workbuddy\saint_george_classifier\data\raw\georges\cf107c3c2cecdf85d04d04e8c3f8975d.jpg,1,1450
C:\Users\16610\Desktop\.workbuddy\.workbuddy\saint_george_classifier\data\raw\georges\cf1336254e000d7b29935ce9edbd0ad5.jpg,1,405
C:\Users\16610\Desktop\.workbuddy\.workbuddy\saint_george_classifier\data\raw\georges\cf51c330beb70fc188b9fc6fc5d2f240.jpg,1,1451
C:\Users\16610\Desktop\.workbuddy\.workbuddy\saint_george_classifier\data\raw\georges\cfb44487bcd28750b06adcfba339615b.jpg,1,205
C:\Users\16610\Desktop\.workbuddy\.workbuddy\saint_george_classifier\data\raw\georges\cfe640777e6a0f9bbb7325e2623853c9.jpg,1,1150
C:\Users\16610\Desktop\.workbuddy\.workbuddy\saint_george_classifier\data\raw\georges\d02bb4f32aa948d5deacad43d13145d9.jpg,1,1452
C:\Users\16610\Desktop\.workbuddy\.workbuddy\saint_george_classifier\data\raw\georges\d0355fd8e54f8a9d36add1585667b7bb.jpg,1,1081
C:\Users\16610\Desktop\.workbuddy\.workbuddy\saint_george_classifier\data\raw\georges\d04b8255d2ff79e368b6f1a415f91954.jpg,1,1455
C:\Users\16610\Desktop\.workbuddy\.workbuddy\saint_george_classifier\data\raw\georges\d06cfc888aa78f46bce413f30eff3451.jpg,1,1456
C:\Users\16610\Desktop\.workbuddy\.workbuddy\saint_george_classifier\data\raw\georges\d0864df0723e5da08368f4ded87ae52f.jpg,1,10
C:\Users\16610\Desktop\.workbuddy\.workbuddy\saint_george_classifier\data\raw\georges\d0974f1a3a7bbf21249d0c9425f414b8.jpg,1,278
C:\Users\16610\Desktop\.workbuddy\.workbuddy\saint_george_classifier\data\raw\georges\d0a354436130c753aef12948ec5ee7b7.jpg,1,1457
C:\Users\16610\Desktop\.workbuddy\.workbuddy\saint_george_classifier\data\raw\georges\d0db6113b986a6a02abb8076d207948a.jpg,1,270
C:\Users\16610\Desktop\.workbuddy\.workbuddy\saint_george_classifier\data\raw\georges\d11f902b49440c62fa81a5d54dab35b7.jpg,1,1458
C:\Users\16610\Desktop\.workbuddy\.workbuddy\saint_george_classifier\data\raw\georges\d1431ee44b00844d76957b76300a44d4.jpg,1,1459
C:\Users\16610\Desktop\.workbuddy\.workbuddy\saint_george_classifier\data\raw\georges\d1924fcf5fe7b18776833ffe05bb2d84.jpg,1,418
C:\Users\16610\Desktop\.workbuddy\.workbuddy\saint_george_classifier\data\raw\georges\d1e2dfca63de7d994ad4025fad197728.jpg,1,1461
C:\Users\16610\Desktop\.workbuddy\.workbuddy\saint_george_classifier\data\raw\georges\d251c0ad08a5ba2ba163217f91ab7e9f.jpg,1,1463
C:\Users\16610\Desktop\.workbuddy\.workbuddy\saint_george_classifier\data\raw\georges\d2655b02e3b404c66f55d3481b613c7b.jpg,1,1465
C:\Users\16610\Desktop\.workbuddy\.workbuddy\saint_george_classifier\data\raw\georges\d273a7ea6a527bc72b244159407bcd51.jpg,1,1466
C:\Users\16610\Desktop\.workbuddy\.workbuddy\saint_george_classifier\data\raw\georges\d289cb1aa40808226d6cb4d84a76f9ef.jpg,1,111
C:\Users\16610\Desktop\.workbuddy\.workbuddy\saint_george_classifier\data\raw\georges\d2b7dcd514a2ab114a5dbffd971522c3.jpg,1,1467
C:\Users\16610\Desktop\.workbuddy\.workbuddy\saint_george_classifier\data\raw\georges\d2f4de7c0f9c9cc8bca3fbe48df95be5.jpg,1,1468
C:\Users\16610\Desktop\.workbuddy\.workbuddy\saint_george_classifier\data\raw\georges\d32fb12aab694c691ee0e3af88626c9b.jpg,1,1470
C:\Users\16610\Desktop\.workbuddy\.workbuddy\saint_george_classifier\data\raw\georges\d343b328be977dbab9e53e6361ec5721.jpg,1,62
C:\Users\16610\Desktop\.workbuddy\.workbuddy\saint_george_classifier\data\raw\georges\d3472e2576dfba9e27d3514151b0decd.jpg,1,170
C:\Users\16610\Desktop\.workbuddy\.workbuddy\saint_george_classifier\data\raw\georges\d39053f61d7219e27af1119938273a64.jpg,1,929
C:\Users\16610\Desktop\.workbuddy\.workbuddy\saint_george_classifier\data\raw\georges\d390df46fb204352e3609dc835767bf9.jpg,1,1471
C:\Users\16610\Desktop\.workbuddy\.workbuddy\saint_george_classifier\data\raw\georges\d39748b0b0b2d0009743bcf201e1f706.jpg,1,663
C:\Users\16610\Desktop\.workbuddy\.workbuddy\saint_george_classifier\data\raw\georges\d398a2d04bbdc54d0feb99c88d83367f.jpg,1,1472
C:\Users\16610\Desktop\.workbuddy\.workbuddy\saint_george_classifier\data\raw\georges\d3a5f6710ed46a5e901979ad956d510f.jpg,1,1473
C:\Users\16610\Desktop\.workbuddy\.workbuddy\saint_george_classifier\data\raw\georges\d3af78b41b1b9f2f88bea096dc93eb92.jpg,1,1474
C:\Users\16610\Desktop\.workbuddy\.workbuddy\saint_george_classifier\data\raw\georges\d3b36eefccad524578698421aa15ed72.jpg,1,1475
C:\Users\16610\Desktop\.workbuddy\.workbuddy\saint_george_classifier\data\raw\georges\d43ce1350dd23792f81b3daf4db8dd8f.jpg,1,1476
C:\Users\16610\Desktop\.workbuddy\.workbuddy\saint_george_classifier\data\raw\georges\d45ad4b9f3d01af4f7b6318cff7f0996.jpg,1,612
C:\Users\16610\Desktop\.workbuddy\.workbuddy\saint_george_classifier\data\raw\georges\d4aa54b6ffae68f9557567044bbdaa22.jpg,1,682
C:\Users\16610\Desktop\.workbuddy\.workbuddy\saint_george_classifier\data\raw\georges\d4aa58ee9434bb73cc1367476bf47b07.jpg,1,1478
C:\Users\16610\Desktop\.workbuddy\.workbuddy\saint_george_classifier\data\raw\georges\d4fc6f1c3e32614923f260f4aa46d04d.jpg,1,1480
C:\Users\16610\Desktop\.workbuddy\.workbuddy\saint_george_classifier\data\raw\georges\d5087d8124c8b27c7af1cd277fe8d809.jpg,1,121
C:\Users\16610\Desktop\.workbuddy\.workbuddy\saint_george_classifier\data\raw\georges\d528d35f07139b0d6c091e6668e2141a.jpg,1,663
C:\Users\16610\Desktop\.workbuddy\.workbuddy\saint_george_classifier\data\raw\georges\d54115b3b808f677ed05cbe481c0ddbd.jpg,1,60
C:\Users\16610\Desktop\.workbuddy\.workbuddy\saint_george_classifier\data\raw\georges\d572888942e8e4d0e4b19597cda61d1a.jpg,1,1481
C:\Users\16610\Desktop\.workbuddy\.workbuddy\saint_george_classifier\data\raw\georges\d59e5a91a0a2f60b7fca6b58e7b825d3.jpg,1,1483
C:\Users\16610\Desktop\.workbuddy\.workbuddy\saint_george_classifier\data\raw\georges\d5bb22246f72b6f075b4c41c0aff2507.jpg,1,1484
C:\Users\16610\Desktop\.workbuddy\.workbuddy\saint_george_classifier\data\raw\georges\d5fcfe316737f6b5aa9a9785ca7bb7ba.jpg,1,1485
C:\Users\16610\Desktop\.workbuddy\.workbuddy\saint_george_classifier\data\raw\georges\d6237f4861b24545b1cab22ac8000453.jpg,1,1486
C:\Users\16610\Desktop\.workbuddy\.workbuddy\saint_george_classifier\data\raw\georges\d642e4cd5c9c117a3e83b2bac2bcf98a.jpg,1,1487
C:\Users\16610\Desktop\.workbuddy\.workbuddy\saint_george_classifier\data\raw\georges\d64382c9caa2a13f7ad6d42d14173dde.jpg,1,1488
C:\Users\16610\Desktop\.workbuddy\.workbuddy\saint_george_classifier\data\raw\georges\d66d210adcebf813351379512aeb9a53.jpg,1,1489
C:\Users\16610\Desktop\.workbuddy\.workbuddy\saint_george_classifier\data\raw\georges\d694feb4e73c5f9cf2ae227f2421679e.jpg,1,1490
C:\Users\16610\Desktop\.workbuddy\.workbuddy\saint_george_classifier\data\raw\georges\d6a53c9ee480ce8e3753863b62f69ebd.jpg,1,314
C:\Users\16610\Desktop\.workbuddy\.workbuddy\saint_george_classifier\data\raw\georges\d6c026b8252d4fe66d81481223f60f62.jpg,1,1491
C:\Users\16610\Desktop\.workbuddy\.workbuddy\saint_george_classifier\data\raw\georges\d74677591904ce5ebec7af959a0b9e32.jpg,1,1492
C:\Users\16610\Desktop\.workbuddy\.workbuddy\saint_george_classifier\data\raw\georges\d76c81d4f275fcda09f92b223e67a4bf.jpg,1,547
C:\Users\16610\Desktop\.workbuddy\.workbuddy\saint_george_classifier\data\raw\georges\d77ed6f69f231d300d45b661736863e2.jpg,1,1493
C:\Users\16610\Desktop\.workbuddy\.workbuddy\saint_george_classifier\data\raw\georges\d7b0bb28c63f1af617b8535b6c22ef7b.jpg,1,1494
C:\Users\16610\Desktop\.workbuddy\.workbuddy\saint_george_classifier\data\raw\georges\d7b1dfd21a7a51af0f2adb378a127612.jpg,1,1495
C:\Users\16610\Desktop\.workbuddy\.workbuddy\saint_george_classifier\data\raw\georges\d7bc638e2a8b28e1760a6be759968e0e.jpg,1,1497
C:\Users\16610\Desktop\.workbuddy\.workbuddy\saint_george_classifier\data\raw\georges\d7c2d8d3e5402c75c854e6de2837af57.jpg,1,1498
C:\Users\16610\Desktop\.workbuddy\.workbuddy\saint_george_classifier\data\raw\georges\d7c969ca46fc0c31f36be46a3aec928b.jpg,1,1499
C:\Users\16610\Desktop\.workbuddy\.workbuddy\saint_george_classifier\data\raw\georges\d7cd95e3641028e886907dc59f26bd0f.jpg,1,215
C:\Users\16610\Desktop\.workbuddy\.workbuddy\saint_george_classifier\data\raw\georges\d7ee7f120be15ab89b973c7bdaaf9c98.jpg,1,1500
C:\Users\16610\Desktop\.workbuddy\.workbuddy\saint_george_classifier\data\raw\georges\d7ef2ec4c139f17a9cd97f30fe5e98c2.jpg,1,1501
C:\Users\16610\Desktop\.workbuddy\.workbuddy\saint_george_classifier\data\raw\georges\d7f9ca9a6b4f0f6b83b2bb9fca373ea9.jpg,1,1502
C:\Users\16610\Desktop\.workbuddy\.workbuddy\saint_george_classifier\data\raw\georges\d8a7d8bbec05e3fce67688b510a836b4.jpg,1,1505
C:\Users\16610\Desktop\.workbuddy\.workbuddy\saint_george_classifier\data\raw\georges\d8aa377222115269d3d15da5ae20ba79.jpg,1,1506
C:\Users\16610\Desktop\.workbuddy\.workbuddy\saint_george_classifier\data\raw\georges\d8e99f1bb0742ffcd875ef6a06fb9a62.jpg,1,1509
C:\Users\16610\Desktop\.workbuddy\.workbuddy\saint_george_classifier\data\raw\georges\d8f36cd87489f3443bff01a699038118.jpg,1,60
C:\Users\16610\Desktop\.workbuddy\.workbuddy\saint_george_classifier\data\raw\georges\d90d4e0fe9eae4fc77dca09a7d2c7553.jpg,1,1510
C:\Users\16610\Desktop\.workbuddy\.workbuddy\saint_george_classifier\data\raw\georges\d91e9147e049632b3dd3c044cb2ec720.jpg,1,60
C:\Users\16610\Desktop\.workbuddy\.workbuddy\saint_george_classifier\data\raw\georges\d94fe13b5d7ff10d603b7c7fb595279a.jpg,1,1511
C:\Users\16610\Desktop\.workbuddy\.workbuddy\saint_george_classifier\data\raw\georges\d9677bee2970c84d82ac1e39232b443e.jpg,1,732
C:\Users\16610\Desktop\.workbuddy\.workbuddy\saint_george_classifier\data\raw\georges\d987bc7cefcf8b44de343e7cc9c52fc6.jpg,1,1505
C:\Users\16610\Desktop\.workbuddy\.workbuddy\saint_george_classifier\data\raw\georges\d98dcd84aa148cb4fc8be2b37196e5a7.jpg,1,1513
C:\Users\16610\Desktop\.workbuddy\.workbuddy\saint_george_classifier\data\raw\georges\d9a2eefce9413d59e510f1896266d760.jpg,1,1514
C:\Users\16610\Desktop\.workbuddy\.workbuddy\saint_george_classifier\data\raw\georges\d9b89c27e4a88b700bf7a288422e7f83.jpg,1,1515
C:\Users\16610\Desktop\.workbuddy\.workbuddy\saint_george_classifier\data\raw\georges\d9d52a08be4160f5b16588eea8ff5ae4.jpg,1,1516
C:\Users\16610\Desktop\.workbuddy\.workbuddy\saint_george_classifier\data\raw\georges\da0078c47e1c3bf6b3350eb590c9dd1c.jpg,1,1258
C:\Users\16610\Desktop\.workbuddy\.workbuddy\saint_george_classifier\data\raw\georges\da1c0ee7037498aff8318833e7439d57.jpg,1,1517
C:\Users\16610\Desktop\.workbuddy\.workbuddy\saint_george_classifier\data\raw\georges\da8f365e1f204a86276ba2aab58d3000.jpg,1,1518
C:\Users\16610\Desktop\.workbuddy\.workbuddy\saint_george_classifier\data\raw\georges\da94ca5123866381ebea8c1809175e47.jpg,1,1519
C:\Users\16610\Desktop\.workbuddy\.workbuddy\saint_george_classifier\data\raw\georges\dab0c33fa97a4886551391c7b760c210.jpg,1,1520
C:\Users\16610\Desktop\.workbuddy\.workbuddy\saint_george_classifier\data\raw\georges\dac3b2be4a188372bbb7c929d7627b94.jpg,1,475
C:\Users\16610\Desktop\.workbuddy\.workbuddy\saint_george_classifier\data\raw\georges\daf7ec1336fba436ce41151a3c88d87b.jpg,1,1521
C:\Users\16610\Desktop\.workbuddy\.workbuddy\saint_george_classifier\data\raw\georges\db4e963856fdca5bc291b1312611ec08.jpg,1,1522
C:\Users\16610\Desktop\.workbuddy\.workbuddy\saint_george_classifier\data\raw\georges\db6040058663d1a6e144d4629eb5182c.jpg,1,1523
C:\Users\16610\Desktop\.workbuddy\.workbuddy\saint_george_classifier\data\raw\georges\dc5eae5231f5079a9265e4232436d49b.jpg,1,572
C:\Users\16610\Desktop\.workbuddy\.workbuddy\saint_george_classifier\data\raw\georges\dcbd9dffc896005b2de1faf98695b9ae.jpg,1,1526
C:\Users\16610\Desktop\.workbuddy\.workbuddy\saint_george_classifier\data\raw\georges\dd28845e054b25e0dacccef3ced61ad8.jpg,1,405
C:\Users\16610\Desktop\.workbuddy\.workbuddy\saint_george_classifier\data\raw\georges\dd298d4eac9a8e2afebe6922f3f5ab8e.jpg,1,1528
C:\Users\16610\Desktop\.workbuddy\.workbuddy\saint_george_classifier\data\raw\georges\dd4c7ac9ffde2238d969b897f5ed9119.jpg,1,1529
C:\Users\16610\Desktop\.workbuddy\.workbuddy\saint_george_classifier\data\raw\georges\dd735164a3f86a2f5538de9644b0f16b.jpg,1,1530
C:\Users\16610\Desktop\.workbuddy\.workbuddy\saint_george_classifier\data\raw\georges\dd92141d40e59a49f635b68516774850.jpg,1,243
C:\Users\16610\Desktop\.workbuddy\.workbuddy\saint_george_classifier\data\raw\georges\ddaada1ddd04e05a0799424326521a80.jpg,1,111
C:\Users\16610\Desktop\.workbuddy\.workbuddy\saint_george_classifier\data\raw\georges\ddc39a20a830921c1f1417ef04995e23.jpg,1,1000
C:\Users\16610\Desktop\.workbuddy\.workbuddy\saint_george_classifier\data\raw\georges\ddc3aa309459fe9197627504a40a9961.jpg,1,1533
C:\Users\16610\Desktop\.workbuddy\.workbuddy\saint_george_classifier\data\raw\georges\de1d331db0881d7f87de963e1235c45c.jpg,1,1534
C:\Users\16610\Desktop\.workbuddy\.workbuddy\saint_george_classifier\data\raw\georges\de4dfca78c0afa5b711dbf503a36b8aa.jpg,1,1535
C:\Users\16610\Desktop\.workbuddy\.workbuddy\saint_george_classifier\data\raw\georges\de5adecbfec597224e073af6f2acb261.jpg,1,1536
C:\Users\16610\Desktop\.workbuddy\.workbuddy\saint_george_classifier\data\raw\georges\de7b599690f5bd0f9d4b0b8967e5c12c.jpg,1,1385
C:\Users\16610\Desktop\.workbuddy\.workbuddy\saint_george_classifier\data\raw\georges\deae2530397aef6cced6d31b510905c8.jpg,1,1538
C:\Users\16610\Desktop\.workbuddy\.workbuddy\saint_george_classifier\data\raw\georges\ded142c274c8ccf9fbaf0b602f168f3a.jpg,1,714
C:\Users\16610\Desktop\.workbuddy\.workbuddy\saint_george_classifier\data\raw\georges\deeabaf97c12d3bae4e1955fe279499b.jpg,1,1539
C:\Users\16610\Desktop\.workbuddy\.workbuddy\saint_george_classifier\data\raw\georges\df1e3f8b034f841f4eded0a184652ea5.jpg,1,133
C:\Users\16610\Desktop\.workbuddy\.workbuddy\saint_george_classifier\data\raw\georges\df1e8f1b3e6583ef4765f6f4d598fa77.jpg,1,1540
C:\Users\16610\Desktop\.workbuddy\.workbuddy\saint_george_classifier\data\raw\georges\df2078a9d89bb737d37d15b2b4bc1b22.jpg,1,1541
C:\Users\16610\Desktop\.workbuddy\.workbuddy\saint_george_classifier\data\raw\georges\df277f115f8306d65ca3019c59a16385.jpg,1,1542
C:\Users\16610\Desktop\.workbuddy\.workbuddy\saint_george_classifier\data\raw\georges\df677f8f2c0dd965d6173d7b05bcc078.jpg,1,714
C:\Users\16610\Desktop\.workbuddy\.workbuddy\saint_george_classifier\data\raw\georges\df7e4cc416475062f981086f7d4b05ca.jpg,1,842
C:\Users\16610\Desktop\.workbuddy\.workbuddy\saint_george_classifier\data\raw\georges\df98be33df9902c680d8fbcd5b533810.jpg,1,1543
C:\Users\16610\Desktop\.workbuddy\.workbuddy\saint_george_classifier\data\raw\georges\dfa71a6914b35c714ae24c9012a5e1d9.jpg,1,1544
C:\Users\16610\Desktop\.workbuddy\.workbuddy\saint_george_classifier\data\raw\georges\dfbce849b6a8ac9cf369c0f9ef18b0ac.jpg,1,77
C:\Users\16610\Desktop\.workbuddy\.workbuddy\saint_george_classifier\data\raw\georges\dfd423b46ef93758e9ac215b504ce2d0.jpg,1,435
C:\Users\16610\Desktop\.workbuddy\.workbuddy\saint_george_classifier\data\raw\georges\e012e8281d9e3603c7751e46c8fd5329.jpg,1,1545
C:\Users\16610\Desktop\.workbuddy\.workbuddy\saint_george_classifier\data\raw\georges\e02e4f904216c0e3c7b6347b89d7d3e0.jpg,1,1197
C:\Users\16610\Desktop\.workbuddy\.workbuddy\saint_george_classifier\data\raw\georges\e0446fc34bc1cd9ae6247702c23cf69c.jpg,1,1546
C:\Users\16610\Desktop\.workbuddy\.workbuddy\saint_george_classifier\data\raw\georges\e05ad35c631d1f4613143f3f873f8621.jpg,1,1547
C:\Users\16610\Desktop\.workbuddy\.workbuddy\saint_george_classifier\data\raw\georges\e06c7050a3a114d603207eab7346df00.jpg,1,1361
C:\Users\16610\Desktop\.workbuddy\.workbuddy\saint_george_classifier\data\raw\georges\e08bd3be8eca98ea9759a8c40c0ee504.jpg,1,516
C:\Users\16610\Desktop\.workbuddy\.workbuddy\saint_george_classifier\data\raw\georges\e08fd23bc14a21ca37836409265d2d7b.jpg,1,1548
C:\Users\16610\Desktop\.workbuddy\.workbuddy\saint_george_classifier\data\raw\georges\e0d5c5eeac087aedf65a9e9063d25fb3.jpg,1,1549
C:\Users\16610\Desktop\.workbuddy\.workbuddy\saint_george_classifier\data\raw\georges\e102ca697e8faf20d6f67e4e2e41aa82.jpg,1,1550
C:\Users\16610\Desktop\.workbuddy\.workbuddy\saint_george_classifier\data\raw\georges\e105c854562bfde2e9cfa885c991e19a.jpg,1,1551
C:\Users\16610\Desktop\.workbuddy\.workbuddy\saint_george_classifier\data\raw\georges\e11670507a1931c1a300018256fe185d.jpg,1,1552
C:\Users\16610\Desktop\.workbuddy\.workbuddy\saint_george_classifier\data\raw\georges\e119d2d1ed0b5546f645faeda9485ee9.jpg,1,1258
C:\Users\16610\Desktop\.workbuddy\.workbuddy\saint_george_classifier\data\raw\georges\e2043d2eb6198e8e9f751c41d9876a13.jpg,1,1554
C:\Users\16610\Desktop\.workbuddy\.workbuddy\saint_george_classifier\data\raw\georges\e23856e9f89264e08ae67cc17327147f.jpg,1,1555
C:\Users\16610\Desktop\.workbuddy\.workbuddy\saint_george_classifier\data\raw\georges\e23a86177f97fbe1750d4a7d92ead5ed.jpg,1,1556
C:\Users\16610\Desktop\.workbuddy\.workbuddy\saint_george_classifier\data\raw\georges\e292dd6d53494f67784f05fb0e434055.jpg,1,1557
C:\Users\16610\Desktop\.workbuddy\.workbuddy\saint_george_classifier\data\raw\georges\e298929434c521e34287f56699964601.jpg,1,1558
C:\Users\16610\Desktop\.workbuddy\.workbuddy\saint_george_classifier\data\raw\georges\e2d361f91a4383859c143eefdd8ee4c0.jpg,1,1560
C:\Users\16610\Desktop\.workbuddy\.workbuddy\saint_george_classifier\data\raw\georges\e3196250406f1b3df63b2d6181c2f6a4.jpg,1,1561
C:\Users\16610\Desktop\.workbuddy\.workbuddy\saint_george_classifier\data\raw\georges\e35d430e815f834277a48de514d2870d.jpg,1,1562
C:\Users\16610\Desktop\.workbuddy\.workbuddy\saint_george_classifier\data\raw\georges\e3604d29d919e70e299e817432e9dc91.jpg,1,1337
C:\Users\16610\Desktop\.workbuddy\.workbuddy\saint_george_classifier\data\raw\georges\e3949408854f453c4beb0bea03a745ce.jpg,1,1564
C:\Users\16610\Desktop\.workbuddy\.workbuddy\saint_george_classifier\data\raw\georges\e397abb68f0e8a28b68e2f6159f81cd3.jpg,1,1565
C:\Users\16610\Desktop\.workbuddy\.workbuddy\saint_george_classifier\data\raw\georges\e400ac6d3bfd777f50d9836b21632b7a.jpg,1,1566
C:\Users\16610\Desktop\.workbuddy\.workbuddy\saint_george_classifier\data\raw\georges\e45b4a1a7fca01a60c3eb60c2c9abaaf.jpg,1,1567
C:\Users\16610\Desktop\.workbuddy\.workbuddy\saint_george_classifier\data\raw\georges\e4904944fed33325fa30e047b57c762c.jpg,1,1568
C:\Users\16610\Desktop\.workbuddy\.workbuddy\saint_george_classifier\data\raw\georges\e495bdb0591df2db6530b996d128ecc9.jpg,1,1569
C:\Users\16610\Desktop\.workbuddy\.workbuddy\saint_george_classifier\data\raw\georges\e499f4fa31e75be91761b78558b3f89c.jpg,1,1570
C:\Users\16610\Desktop\.workbuddy\.workbuddy\saint_george_classifier\data\raw\georges\e4c2bb982ff9cfc6588d42948636faa8.jpg,1,1571
C:\Users\16610\Desktop\.workbuddy\.workbuddy\saint_george_classifier\data\raw\georges\e4c5f09c032674151b8c7d4d0da8262e.jpg,1,1385
C:\Users\16610\Desktop\.workbuddy\.workbuddy\saint_george_classifier\data\raw\georges\e4e6220d56a49432c4414b320c2b2fff.jpg,1,1572
C:\Users\16610\Desktop\.workbuddy\.workbuddy\saint_george_classifier\data\raw\georges\e5051185dc8ed357f0acf9ccdff8a12a.jpg,1,205
C:\Users\16610\Desktop\.workbuddy\.workbuddy\saint_george_classifier\data\raw\georges\e50535a6e26379f0965ed02d8a2dfb73.jpg,1,170
C:\Users\16610\Desktop\.workbuddy\.workbuddy\saint_george_classifier\data\raw\georges\e51fc9d0c48dd48e1e0aa7e8d6fcb945.jpg,1,1574
C:\Users\16610\Desktop\.workbuddy\.workbuddy\saint_george_classifier\data\raw\georges\e571857b06b6b38ebfaf9165d867f518.jpg,1,1575
C:\Users\16610\Desktop\.workbuddy\.workbuddy\saint_george_classifier\data\raw\georges\e5a29b8a23fb4b4bee96789dc3ca4582.jpg,1,602
C:\Users\16610\Desktop\.workbuddy\.workbuddy\saint_george_classifier\data\raw\georges\e5a51ad6a09f0b279b45485199803141.jpg,1,1577
C:\Users\16610\Desktop\.workbuddy\.workbuddy\saint_george_classifier\data\raw\georges\e5f478ba70b3eaf4104de8f662ce2518.jpg,1,1578
C:\Users\16610\Desktop\.workbuddy\.workbuddy\saint_george_classifier\data\raw\georges\e5fdb3d6e1b0db8f55af612564470c79.jpg,1,1245
C:\Users\16610\Desktop\.workbuddy\.workbuddy\saint_george_classifier\data\raw\georges\e604cea6e99ffe13f4ec04e21a8e9e66.jpg,1,1579
C:\Users\16610\Desktop\.workbuddy\.workbuddy\saint_george_classifier\data\raw\georges\e6600470d9ec26853f1ee8285aaa0773.jpg,1,153
C:\Users\16610\Desktop\.workbuddy\.workbuddy\saint_george_classifier\data\raw\georges\e66874f6dd8f0344230b7f7a31f991d1.jpg,1,60
C:\Users\16610\Desktop\.workbuddy\.workbuddy\saint_george_classifier\data\raw\georges\e6a6e585775c2c566125b5b3a24d7c30.jpg,1,1580
C:\Users\16610\Desktop\.workbuddy\.workbuddy\saint_george_classifier\data\raw\georges\e6b03edf2fbf70a033b317dfddaf0ccd.jpg,1,1582
C:\Users\16610\Desktop\.workbuddy\.workbuddy\saint_george_classifier\data\raw\georges\e728e18fc040947035de4d48e80a8c4f.jpg,1,128
C:\Users\16610\Desktop\.workbuddy\.workbuddy\saint_george_classifier\data\raw\georges\e739306dc3caa808f875a261e30af781.jpg,1,261
C:\Users\16610\Desktop\.workbuddy\.workbuddy\saint_george_classifier\data\raw\georges\e73c175333aad89d6f3063e14334522f.jpg,1,1583
C:\Users\16610\Desktop\.workbuddy\.workbuddy\saint_george_classifier\data\raw\georges\e757b9b76f8d633417d97ef04980b4d2.jpg,1,1584
C:\Users\16610\Desktop\.workbuddy\.workbuddy\saint_george_classifier\data\raw\georges\e7595d4cef19071905e857e1bb4f3c3c.jpg,1,319
C:\Users\16610\Desktop\.workbuddy\.workbuddy\saint_george_classifier\data\raw\georges\e794f32e60475ad68874ced9169715b3.jpg,1,1585
C:\Users\16610\Desktop\.workbuddy\.workbuddy\saint_george_classifier\data\raw\georges\e7d02747d5648e9a4309be099f63073b.jpg,1,527
C:\Users\16610\Desktop\.workbuddy\.workbuddy\saint_george_classifier\data\raw\georges\e7e06c59f94531d4f850d3e42390e6d1.jpg,1,153
C:\Users\16610\Desktop\.workbuddy\.workbuddy\saint_george_classifier\data\raw\georges\e7ec7ed15b6f54830ec0aa692a163659.jpg,1,1586
C:\Users\16610\Desktop\.workbuddy\.workbuddy\saint_george_classifier\data\raw\georges\e80431357cf2004f8ed44d7dda7f7cc9.jpg,1,1587
C:\Users\16610\Desktop\.workbuddy\.workbuddy\saint_george_classifier\data\raw\georges\e8a4aeb28113715628517431e6ece5fd.jpg,1,418
C:\Users\16610\Desktop\.workbuddy\.workbuddy\saint_george_classifier\data\raw\georges\e8bd70fb6b5e837eb8ccf9255b7bba0e.jpg,1,1590
C:\Users\16610\Desktop\.workbuddy\.workbuddy\saint_george_classifier\data\raw\georges\e8d90e16a20551ecddf4eae6b98e3279.jpg,1,1591
C:\Users\16610\Desktop\.workbuddy\.workbuddy\saint_george_classifier\data\raw\georges\e8dacc9be260a604edde85b785b28b65.jpg,1,1592
C:\Users\16610\Desktop\.workbuddy\.workbuddy\saint_george_classifier\data\raw\georges\e8f81c75daa413ac96716c39ccbdbca8.jpg,1,350
C:\Users\16610\Desktop\.workbuddy\.workbuddy\saint_george_classifier\data\raw\georges\e8fe9d7aa8468ac9a805c581c535bb02.jpg,1,1594
C:\Users\16610\Desktop\.workbuddy\.workbuddy\saint_george_classifier\data\raw\georges\e976e509580bb3813d7a068900c33642.jpg,1,1596
C:\Users\16610\Desktop\.workbuddy\.workbuddy\saint_george_classifier\data\raw\georges\e9a0cf034f5b0387e9a2c2479fc22f73.jpg,1,10
C:\Users\16610\Desktop\.workbuddy\.workbuddy\saint_george_classifier\data\raw\georges\e9b06f232932d9f565ca35001126ec9d.jpg,1,876
C:\Users\16610\Desktop\.workbuddy\.workbuddy\saint_george_classifier\data\raw\georges\e9da5ec7549fb68cc411f10bc26948d4.jpg,1,1597
C:\Users\16610\Desktop\.workbuddy\.workbuddy\saint_george_classifier\data\raw\georges\e9e367ac369a6983a58151279a512bb0.jpg,1,1598
C:\Users\16610\Desktop\.workbuddy\.workbuddy\saint_george_classifier\data\raw\georges\e9f3a24af2be907b28b4e967a4a61f48.jpg,1,1599
C:\Users\16610\Desktop\.workbuddy\.workbuddy\saint_george_classifier\data\raw\georges\e9f5c1da8502ab092116af0006b61e00.jpg,1,1600
C:\Users\16610\Desktop\.workbuddy\.workbuddy\saint_george_classifier\data\raw\georges\ea31cce16e1898ab6e21646944bd447c.jpg,1,1601
C:\Users\16610\Desktop\.workbuddy\.workbuddy\saint_george_classifier\data\raw\georges\ea7c31f38971a145159db5ec5aeb3262.jpg,1,1603
C:\Users\16610\Desktop\.workbuddy\.workbuddy\saint_george_classifier\data\raw\georges\eaac7119a2a14e84f3dbfcc81ed3000b.jpg,1,1604
C:\Users\16610\Desktop\.workbuddy\.workbuddy\saint_george_classifier\data\raw\georges\eaacb500788f2ebdec45858aabe0d288.jpg,1,1605
C:\Users\16610\Desktop\.workbuddy\.workbuddy\saint_george_classifier\data\raw\georges\eaafae58d0a5c85dc303ec93d1ce399e.jpg,1,1606
C:\Users\16610\Desktop\.workbuddy\.workbuddy\saint_george_classifier\data\raw\georges\eabf59f3a0278a0d07ccce7e98e5e63a.jpg,1,1607
C:\Users\16610\Desktop\.workbuddy\.workbuddy\saint_george_classifier\data\raw\georges\eb0701dd2b091552713a367a56b73f3f.jpg,1,1610
C:\Users\16610\Desktop\.workbuddy\.workbuddy\saint_george_classifier\data\raw\georges\eb21606840a25c8e82996e98ff0f6186.jpg,1,1611
C:\Users\16610\Desktop\.workbuddy\.workbuddy\saint_george_classifier\data\raw\georges\eb5871ce9f4b3d2a2719175e0a32aae0.jpg,1,62
C:\Users\16610\Desktop\.workbuddy\.workbuddy\saint_george_classifier\data\raw\georges\eb651eb9e03badce7ee5dcc3f37cbd98.jpg,1,1612
C:\Users\16610\Desktop\.workbuddy\.workbuddy\saint_george_classifier\data\raw\georges\eb69b3acb70ab1a68030c21e3cf50892.jpg,1,1613
C:\Users\16610\Desktop\.workbuddy\.workbuddy\saint_george_classifier\data\raw\georges\ebae3de6ef3455af13cbdfd40f7f04d3.jpg,1,423
C:\Users\16610\Desktop\.workbuddy\.workbuddy\saint_george_classifier\data\raw\georges\ebb7be0df125be50dbb89f545d6cce76.jpg,1,1615
C:\Users\16610\Desktop\.workbuddy\.workbuddy\saint_george_classifier\data\raw\georges\ebcaf58b5d319bfceec55c9a383a8c25.jpg,1,1616
C:\Users\16610\Desktop\.workbuddy\.workbuddy\saint_george_classifier\data\raw\georges\ec39763bf122360160c65611213d0f61.jpg,1,1618
C:\Users\16610\Desktop\.workbuddy\.workbuddy\saint_george_classifier\data\raw\georges\ec50b6c52810a191594a54e3d452e81d.jpg,1,1619
C:\Users\16610\Desktop\.workbuddy\.workbuddy\saint_george_classifier\data\raw\georges\ec552fa0c0a050cbfdcd49be241e45da.jpg,1,112
C:\Users\16610\Desktop\.workbuddy\.workbuddy\saint_george_classifier\data\raw\georges\ec5ea96fecf5e196c75d3e4855924a07.jpg,1,1160
C:\Users\16610\Desktop\.workbuddy\.workbuddy\saint_george_classifier\data\raw\georges\ec6738ebcd4df3f41614aaa2a2ed4417.jpg,1,1620
C:\Users\16610\Desktop\.workbuddy\.workbuddy\saint_george_classifier\data\raw\georges\ec67b79626f6d8667512b113d5244531.jpg,1,1621
C:\Users\16610\Desktop\.workbuddy\.workbuddy\saint_george_classifier\data\raw\georges\ec79e013038d7a84de24eee71a161a18.jpg,1,1622
C:\Users\16610\Desktop\.workbuddy\.workbuddy\saint_george_classifier\data\raw\georges\ecc319f441c852062c13ff24fa6a318c.jpg,1,1624
C:\Users\16610\Desktop\.workbuddy\.workbuddy\saint_george_classifier\data\raw\georges\ece290674128cd800dacd81ffbb908e3.jpg,1,416
C:\Users\16610\Desktop\.workbuddy\.workbuddy\saint_george_classifier\data\raw\georges\ececd976314f81de2a902862a14c89e7.jpg,1,133
C:\Users\16610\Desktop\.workbuddy\.workbuddy\saint_george_classifier\data\raw\georges\ed3490ff10ada29a777b74ec0be1df0e.jpg,1,1249
C:\Users\16610\Desktop\.workbuddy\.workbuddy\saint_george_classifier\data\raw\georges\ed362976741cea767ff7bf74864decf1.jpg,1,1625
C:\Users\16610\Desktop\.workbuddy\.workbuddy\saint_george_classifier\data\raw\georges\ed4f5fa4c34b4bc98c1d1065dfee15a4.jpg,1,1626
C:\Users\16610\Desktop\.workbuddy\.workbuddy\saint_george_classifier\data\raw\georges\ed6a05144be1037a53b47d4c2d7d6fa0.jpg,1,1627
C:\Users\16610\Desktop\.workbuddy\.workbuddy\saint_george_classifier\data\raw\georges\edb95a744c180f073b10ad9c752b6f7a.jpg,1,1628
C:\Users\16610\Desktop\.workbuddy\.workbuddy\saint_george_classifier\data\raw\georges\edbb4974f020eeeac4e6d46ec6d6668b.jpg,1,265
C:\Users\16610\Desktop\.workbuddy\.workbuddy\saint_george_classifier\data\raw\georges\eddb5fecfbad96cae8b4ad4e3d437f65.jpg,1,1438
C:\Users\16610\Desktop\.workbuddy\.workbuddy\saint_george_classifier\data\raw\georges\edf0101b6ce9fb12ecdcdb49008204fa.jpg,1,1629
C:\Users\16610\Desktop\.workbuddy\.workbuddy\saint_george_classifier\data\raw\georges\ee27824339c5e2f907ef7633561448e6.jpg,1,1631
C:\Users\16610\Desktop\.workbuddy\.workbuddy\saint_george_classifier\data\raw\georges\ee90cec44b4d7d6de0f7ab16e94be705.jpg,1,1632
C:\Users\16610\Desktop\.workbuddy\.workbuddy\saint_george_classifier\data\raw\georges\eed9b9866def8082727fea4bfe0403c2.jpg,1,1634
C:\Users\16610\Desktop\.workbuddy\.workbuddy\saint_george_classifier\data\raw\georges\ef06a03092d4789b8b2df435bd7801d6.jpg,1,1635
C:\Users\16610\Desktop\.workbuddy\.workbuddy\saint_george_classifier\data\raw\georges\ef4ef0b05774b507a8553e021f184e1f.jpg,1,1636
C:\Users\16610\Desktop\.workbuddy\.workbuddy\saint_george_classifier\data\raw\georges\ef5fc3c12b3e943f38fc0b0616290208.jpg,1,319
C:\Users\16610\Desktop\.workbuddy\.workbuddy\saint_george_classifier\data\raw\georges\ef975af5279732fd372b6afd907c179b.jpg,1,1637
C:\Users\16610\Desktop\.workbuddy\.workbuddy\saint_george_classifier\data\raw\georges\efa64b1a87344301a3633178da0b1d65.jpg,1,159
C:\Users\16610\Desktop\.workbuddy\.workbuddy\saint_george_classifier\data\raw\georges\f02860084f298aca9469f809d8afb897.jpg,1,1638
C:\Users\16610\Desktop\.workbuddy\.workbuddy\saint_george_classifier\data\raw\georges\f028ebef0779e3f18f3d9277a8f2d83c.jpg,1,1081
C:\Users\16610\Desktop\.workbuddy\.workbuddy\saint_george_classifier\data\raw\georges\f032a3568fcab1b2f30db5c06a1d5af8.jpg,1,1639
C:\Users\16610\Desktop\.workbuddy\.workbuddy\saint_george_classifier\data\raw\georges\f049b7db79cef8aeb7db59fb1ee94f7c.jpg,1,1640
C:\Users\16610\Desktop\.workbuddy\.workbuddy\saint_george_classifier\data\raw\georges\f09d329f883d2869f29159b94675a78f.jpg,1,1270
C:\Users\16610\Desktop\.workbuddy\.workbuddy\saint_george_classifier\data\raw\georges\f0a37cb058a8f244266b788b14d86d5e.jpg,1,743
C:\Users\16610\Desktop\.workbuddy\.workbuddy\saint_george_classifier\data\raw\georges\f1212428a849ba54436b378377d7d68c.jpg,1,1643
C:\Users\16610\Desktop\.workbuddy\.workbuddy\saint_george_classifier\data\raw\georges\f1370484533c787fa44fff250314eac7.jpg,1,1103
C:\Users\16610\Desktop\.workbuddy\.workbuddy\saint_george_classifier\data\raw\georges\f173b13d8826f7c3af1b9f151de8251d.jpg,1,1645
C:\Users\16610\Desktop\.workbuddy\.workbuddy\saint_george_classifier\data\raw\georges\f195bea0b78d1c0c90ab54341bf39536.jpg,1,1646
C:\Users\16610\Desktop\.workbuddy\.workbuddy\saint_george_classifier\data\raw\georges\f1d65b815fdf8ca5262edda3cf674047.jpg,1,1648
C:\Users\16610\Desktop\.workbuddy\.workbuddy\saint_george_classifier\data\raw\georges\f203aa5da9fcccbbd68607b4532167f3.jpg,1,19
C:\Users\16610\Desktop\.workbuddy\.workbuddy\saint_george_classifier\data\raw\georges\f24a46a1c8eb136be4513b3cdbac8dd3.jpg,1,77
C:\Users\16610\Desktop\.workbuddy\.workbuddy\saint_george_classifier\data\raw\georges\f27c4897c0fb4987945a3ac69db25c2e.jpg,1,1649
C:\Users\16610\Desktop\.workbuddy\.workbuddy\saint_george_classifier\data\raw\georges\f299f8417305cdb594b8a33a847bebf0.jpg,1,1650
C:\Users\16610\Desktop\.workbuddy\.workbuddy\saint_george_classifier\data\raw\georges\f2b4dd6b01de6e6799b1a4ade6e7b9a7.jpg,1,350
C:\Users\16610\Desktop\.workbuddy\.workbuddy\saint_george_classifier\data\raw\georges\f2ca00175b415ef88a9487f8b936ab52.jpg,1,205
C:\Users\16610\Desktop\.workbuddy\.workbuddy\saint_george_classifier\data\raw\georges\f2f6067784f636f768c2baf47e04622c.jpg,1,1651
C:\Users\16610\Desktop\.workbuddy\.workbuddy\saint_george_classifier\data\raw\georges\f301f9d2738b74fb1e0445d3e951814a.jpg,1,1652
C:\Users\16610\Desktop\.workbuddy\.workbuddy\saint_george_classifier\data\raw\georges\f3383e41efa4bcc8b797226ba6ba16ce.jpg,1,1415
C:\Users\16610\Desktop\.workbuddy\.workbuddy\saint_george_classifier\data\raw\georges\f33a25416d8e6d62c16e1fd9c2de457b.jpg,1,1451
C:\Users\16610\Desktop\.workbuddy\.workbuddy\saint_george_classifier\data\raw\georges\f39bc44720eb2400856c71abbd546ad7.jpg,1,569
C:\Users\16610\Desktop\.workbuddy\.workbuddy\saint_george_classifier\data\raw\georges\f3ebc66c2450058321b6efb669fbf28b.jpg,1,1658
C:\Users\16610\Desktop\.workbuddy\.workbuddy\saint_george_classifier\data\raw\georges\f44cdf0105cb4111cdfbf908a916c36c.jpg,1,1659
C:\Users\16610\Desktop\.workbuddy\.workbuddy\saint_george_classifier\data\raw\georges\f4630c32384bf6ca44d3ddd3070999c6.jpg,1,10
C:\Users\16610\Desktop\.workbuddy\.workbuddy\saint_george_classifier\data\raw\georges\f4b7409b167e8c13c1b3392f876f9b23.jpg,1,537
C:\Users\16610\Desktop\.workbuddy\.workbuddy\saint_george_classifier\data\raw\georges\f4c7a904a3a93681cd1adab443617951.jpg,1,1660
C:\Users\16610\Desktop\.workbuddy\.workbuddy\saint_george_classifier\data\raw\georges\f4ce5a71b86b25c4d2dc67423e805857.jpg,1,901
C:\Users\16610\Desktop\.workbuddy\.workbuddy\saint_george_classifier\data\raw\georges\f4f78e84d282ab4d6c15c0fc69edb044.jpg,1,562
C:\Users\16610\Desktop\.workbuddy\.workbuddy\saint_george_classifier\data\raw\georges\f525e7a1abb6c2ba82c3335f5fbb2c9a.jpg,1,1662
C:\Users\16610\Desktop\.workbuddy\.workbuddy\saint_george_classifier\data\raw\georges\f53ad2a1704540e6308c249fed990b8e.jpg,1,1663
C:\Users\16610\Desktop\.workbuddy\.workbuddy\saint_george_classifier\data\raw\georges\f54b4e9a7a9431dd333289155faacf11.jpg,1,1664
C:\Users\16610\Desktop\.workbuddy\.workbuddy\saint_george_classifier\data\raw\georges\f570cb6117de5dc7bdf1c8c978bdb1de.jpg,1,1665
C:\Users\16610\Desktop\.workbuddy\.workbuddy\saint_george_classifier\data\raw\georges\f57917940b50ceb936030408c6426987.jpg,1,1170
C:\Users\16610\Desktop\.workbuddy\.workbuddy\saint_george_classifier\data\raw\georges\f58cf8ca5aa8ee620457a0333cefee25.jpg,1,1666
C:\Users\16610\Desktop\.workbuddy\.workbuddy\saint_george_classifier\data\raw\georges\f59008fc2a0800352b08a437353d1329.jpg,1,394
C:\Users\16610\Desktop\.workbuddy\.workbuddy\saint_george_classifier\data\raw\georges\f5f309f35857ee26992bad868f597c45.jpg,1,1667
C:\Users\16610\Desktop\.workbuddy\.workbuddy\saint_george_classifier\data\raw\georges\f613a6d5a32250a719de1a878fad967f.jpg,1,1668
C:\Users\16610\Desktop\.workbuddy\.workbuddy\saint_george_classifier\data\raw\georges\f680e1d5086b88059bfd157b7813e15a.jpg,1,1670
C:\Users\16610\Desktop\.workbuddy\.workbuddy\saint_george_classifier\data\raw\georges\f6be951ba3d0151bbcc9ee6a6613d430.jpg,1,80
C:\Users\16610\Desktop\.workbuddy\.workbuddy\saint_george_classifier\data\raw\georges\f6cc3786b749f96cc9dc7d831e513f6f.jpg,1,1671
C:\Users\16610\Desktop\.workbuddy\.workbuddy\saint_george_classifier\data\raw\georges\f6ceaa7efaefec30bc18ecd2ecace590.jpg,1,1672
C:\Users\16610\Desktop\.workbuddy\.workbuddy\saint_george_classifier\data\raw\georges\f6f9c25d5f07dd1c76a8c59bba564250.jpg,1,1673
C:\Users\16610\Desktop\.workbuddy\.workbuddy\saint_george_classifier\data\raw\georges\f70f82088feb2b2c13c0c8777c96af8d.jpg,1,159
C:\Users\16610\Desktop\.workbuddy\.workbuddy\saint_george_classifier\data\raw\georges\f7115464c52fe50554118ac48ea9e518.jpg,1,1674
C:\Users\16610\Desktop\.workbuddy\.workbuddy\saint_george_classifier\data\raw\georges\f74b3b7682d10560bbefc973b80eb33e.jpg,1,930
C:\Users\16610\Desktop\.workbuddy\.workbuddy\saint_george_classifier\data\raw\georges\f7897b1d982193f9a5091c5f47dceb4a.jpg,1,1676
C:\Users\16610\Desktop\.workbuddy\.workbuddy\saint_george_classifier\data\raw\georges\f7b0bdd40cb27007f7ab06cd80d383e7.jpg,1,1677
C:\Users\16610\Desktop\.workbuddy\.workbuddy\saint_george_classifier\data\raw\georges\f7ba9b889694825330615d169402f317.jpg,1,1678
C:\Users\16610\Desktop\.workbuddy\.workbuddy\saint_george_classifier\data\raw\georges\f7d114e73f4f452df5d6e9ed60ad8f67.jpg,1,10
C:\Users\16610\Desktop\.workbuddy\.workbuddy\saint_george_classifier\data\raw\georges\f7ee78c19d660fde91adbd7dcccccfdc.jpg,1,1242
C:\Users\16610\Desktop\.workbuddy\.workbuddy\saint_george_classifier\data\raw\georges\f7f85dee9eabc1c6ab122720c8994716.jpg,1,202
C:\Users\16610\Desktop\.workbuddy\.workbuddy\saint_george_classifier\data\raw\georges\f811f2a921cdecf1bf2fc52b08b8b820.jpg,1,1679
C:\Users\16610\Desktop\.workbuddy\.workbuddy\saint_george_classifier\data\raw\georges\f83569db3fd5eebe2aa1220bf6be4d7c.jpg,1,1680
C:\Users\16610\Desktop\.workbuddy\.workbuddy\saint_george_classifier\data\raw\georges\f84350ce52612522c84b9ca2b4c76a02.jpg,1,219
C:\Users\16610\Desktop\.workbuddy\.workbuddy\saint_george_classifier\data\raw\georges\f851e496a4a896be56bbfb0522acb95c.jpg,1,811
C:\Users\16610\Desktop\.workbuddy\.workbuddy\saint_george_classifier\data\raw\georges\f8865c58ffa936bbce1eee01ed3d7e82.jpg,1,1268
C:\Users\16610\Desktop\.workbuddy\.workbuddy\saint_george_classifier\data\raw\georges\f89e92663821462dc281c4431262acb8.jpg,1,1681
C:\Users\16610\Desktop\.workbuddy\.workbuddy\saint_george_classifier\data\raw\georges\f8f96268e337ba84ebb3cd36ed4dba37.jpg,1,1682
C:\Users\16610\Desktop\.workbuddy\.workbuddy\saint_george_classifier\data\raw\georges\f91c87c9140ca1cfd637a670233c1009.jpg,1,243
C:\Users\16610\Desktop\.workbuddy\.workbuddy\saint_george_classifier\data\raw\georges\f936a7352e30def26cd06dc3bb0c1f64.jpg,1,1683
C:\Users\16610\Desktop\.workbuddy\.workbuddy\saint_george_classifier\data\raw\georges\f9453a2c74a2dfb8e49662b1d9347a86.jpg,1,1684
C:\Users\16610\Desktop\.workbuddy\.workbuddy\saint_george_classifier\data\raw\georges\f9553faf817587264223480c89815752.jpg,1,19
C:\Users\16610\Desktop\.workbuddy\.workbuddy\saint_george_classifier\data\raw\georges\f9c1edc4f48ebb4236862b44b4bd4917.jpg,1,1686
C:\Users\16610\Desktop\.workbuddy\.workbuddy\saint_george_classifier\data\raw\georges\f9fd22efd7e61d5f7914455f0200908e.jpg,1,1689
C:\Users\16610\Desktop\.workbuddy\.workbuddy\saint_george_classifier\data\raw\georges\fa0b1eb6fcd5d32ec5ba939356c360a0.jpg,1,1690
C:\Users\16610\Desktop\.workbuddy\.workbuddy\saint_george_classifier\data\raw\georges\fa1ca2b7d250f9a5f45b6cc4896da0f1.jpg,1,1691
C:\Users\16610\Desktop\.workbuddy\.workbuddy\saint_george_classifier\data\raw\georges\fa645ca883115de62b4490e77f15bee2.jpg,1,101
C:\Users\16610\Desktop\.workbuddy\.workbuddy\saint_george_classifier\data\raw\georges\faa1e77b5fa4ebd1a1314f2ef7d6946c.jpg,1,1694
C:\Users\16610\Desktop\.workbuddy\.workbuddy\saint_george_classifier\data\raw\georges\fab8ee83193acd4d3a588294b31dd948.jpg,1,1074
C:\Users\16610\Desktop\.workbuddy\.workbuddy\saint_george_classifier\data\raw\georges\fac64f5f117f3d88bb9d5a4d763fd05c.jpg,1,1695
C:\Users\16610\Desktop\.workbuddy\.workbuddy\saint_george_classifier\data\raw\georges\facd0bd2cc574737450d22f324df53b3.jpg,1,1696
C:\Users\16610\Desktop\.workbuddy\.workbuddy\saint_george_classifier\data\raw\georges\fad630cf20ecf6d5bbc1068ff6fbe323.jpg,1,1697
C:\Users\16610\Desktop\.workbuddy\.workbuddy\saint_george_classifier\data\raw\georges\fb015861409baed3ad503811d1dd1066.jpg,1,405
C:\Users\16610\Desktop\.workbuddy\.workbuddy\saint_george_classifier\data\raw\georges\fb5cd2602a13ea77dcf0f176340cfc67.jpg,1,1698
C:\Users\16610\Desktop\.workbuddy\.workbuddy\saint_george_classifier\data\raw\georges\fb761aa609709fe92cbcbff7c266eee0.jpg,1,1699
C:\Users\16610\Desktop\.workbuddy\.workbuddy\saint_george_classifier\data\raw\georges\fbe50999d7b99c81f2a6bff71f8783b0.jpg,1,1036
C:\Users\16610\Desktop\.workbuddy\.workbuddy\saint_george_classifier\data\raw\georges\fc0e7bdd90d799651a1329a47f78df1f.jpg,1,1700
C:\Users\16610\Desktop\.workbuddy\.workbuddy\saint_george_classifier\data\raw\georges\fc1e7171f593d395211551af6bbb045c.jpg,1,1471
C:\Users\16610\Desktop\.workbuddy\.workbuddy\saint_george_classifier\data\raw\georges\fc204afbf80507af0fbf485e5a089ddb.jpg,1,1701
C:\Users\16610\Desktop\.workbuddy\.workbuddy\saint_george_classifier\data\raw\georges\fc2f1720eaf763d1ad6706d89f358b44.jpg,1,1702
C:\Users\16610\Desktop\.workbuddy\.workbuddy\saint_george_classifier\data\raw\georges\fc31bcb66f8a8ec119994b0e89d18174.jpg,1,1313
C:\Users\16610\Desktop\.workbuddy\.workbuddy\saint_george_classifier\data\raw\georges\fc9f653ca2ac72c8c2c5187ecc1c7c65.jpg,1,25
C:\Users\16610\Desktop\.workbuddy\.workbuddy\saint_george_classifier\data\raw\georges\fca2016d668c00fc9a452c0c224d4afa.jpg,1,1529
C:\Users\16610\Desktop\.workbuddy\.workbuddy\saint_george_classifier\data\raw\georges\fcd19d901c3c856453ddf3e5576f4096.jpg,1,1705
C:\Users\16610\Desktop\.workbuddy\.workbuddy\saint_george_classifier\data\raw\georges\fd02a0c7533bff4db6e64128e9cd07d7.jpg,1,689
C:\Users\16610\Desktop\.workbuddy\.workbuddy\saint_george_classifier\data\raw\georges\fd079196e3524673d00023f6e6176ebd.jpg,1,1706
C:\Users\16610\Desktop\.workbuddy\.workbuddy\saint_george_classifier\data\raw\georges\fd0aa2b3d68dbe602d1c03b7aa4861d8.jpg,1,1707
C:\Users\16610\Desktop\.workbuddy\.workbuddy\saint_george_classifier\data\raw\georges\fd25976e1c6aa5170292616337cf328f.jpg,1,1708
C:\Users\16610\Desktop\.workbuddy\.workbuddy\saint_george_classifier\data\raw\georges\fd327e9a8cdf3f8e429fe60c57f1baea.jpg,1,1709
C:\Users\16610\Desktop\.workbuddy\.workbuddy\saint_george_classifier\data\raw\georges\fd580ac3c880da488fddeaa19d426fc2.jpg,1,1710
C:\Users\16610\Desktop\.workbuddy\.workbuddy\saint_george_classifier\data\raw\georges\fd7517c5908b2196cfdf9c13f130cde3.jpg,1,1711
C:\Users\16610\Desktop\.workbuddy\.workbuddy\saint_george_classifier\data\raw\georges\fd838bf321069205ba525dc488441928.jpg,1,1712
C:\Users\16610\Desktop\.workbuddy\.workbuddy\saint_george_classifier\data\raw\georges\fd9cf2d3d84a5ace5d523b7bfcd8918b.jpg,1,1713
C:\Users\16610\Desktop\.workbuddy\.workbuddy\saint_george_classifier\data\raw\georges\fda7a44e6372fbbc6336e66bac1f47e7.jpg,1,148
C:\Users\16610\Desktop\.workbuddy\.workbuddy\saint_george_classifier\data\raw\georges\fdfd1453045a997a248b31ebe3e9394d.jpg,1,1714
C:\Users\16610\Desktop\.workbuddy\.workbuddy\saint_george_classifier\data\raw\georges\fe191b9ca8b388330b8745a530292d8e.jpg,1,1715
C:\Users\16610\Desktop\.workbuddy\.workbuddy\saint_george_classifier\data\raw\georges\fe2e7959dd0197a9b366e1dfee36c041.jpg,1,1690
C:\Users\16610\Desktop\.workbuddy\.workbuddy\saint_george_classifier\data\raw\georges\fe42d7c57a5eb2a2598f6d44d0b38c29.jpg,1,1716
C:\Users\16610\Desktop\.workbuddy\.workbuddy\saint_george_classifier\data\raw\georges\fe4c002ae20106489fe7f6c623837ebe.jpg,1,1717
C:\Users\16610\Desktop\.workbuddy\.workbuddy\saint_george_classifier\data\raw\georges\fe81c607619ded390adc5d56411aab32.jpg,1,1719
C:\Users\16610\Desktop\.workbuddy\.workbuddy\saint_george_classifier\data\raw\georges\fe85f48b20b3bbedcad440e835c64512.jpg,1,1720
C:\Users\16610\Desktop\.workbuddy\.workbuddy\saint_george_classifier\data\raw\georges\feb8e3fcc68a73117a705c088cecfdbd.jpg,1,1721
C:\Users\16610\Desktop\.workbuddy\.workbuddy\saint_george_classifier\data\raw\georges\febb934257ad56ac0035c56629fc6118.jpg,1,1722
C:\Users\16610\Desktop\.workbuddy\.workbuddy\saint_george_classifier\data\raw\georges\fee35ca7ed0f146d8603e99a2d22b7f2.jpg,1,1723
C:\Users\16610\Desktop\.workbuddy\.workbuddy\saint_george_classifier\data\raw\georges\ff07c427a8c246e4bfa48b44be2ae13e.jpg,1,1725
C:\Users\16610\Desktop\.workbuddy\.workbuddy\saint_george_classifier\data\raw\georges\ff417e5f1fac8c554764ba4686a20fa8.jpg,1,1726
C:\Users\16610\Desktop\.workbuddy\.workbuddy\saint_george_classifier\data\raw\georges\ff725a4140051071ec05178fc54c8a77.jpg,1,602
C:\Users\16610\Desktop\.workbuddy\.workbuddy\saint_george_classifier\data\raw\georges\ff9b76d96df38553ec400aed5862964d.jpg,1,1727
C:\Users\16610\Desktop\.workbuddy\.workbuddy\saint_george_classifier\data\raw\georges\ffbae7c8f49dfb500870db78a438c5fb.jpg,1,154
C:\Users\16610\Desktop\.workbuddy\.workbuddy\saint_george_classifier\data\raw\georges\ffbd76cea975df5e853940d5a455b7fa.jpg,1,1728
C:\Users\16610\Desktop\.workbuddy\.workbuddy\saint_george_classifier\data\raw\georges\ffdfd511b4f8e8eb74f79a8da1e1c2f2.jpg,1,1729
C:\Users\16610\Desktop\.workbuddy\.workbuddy\saint_george_classifier\data\raw\georges\ffee3560219de7690c133ab9896f258e.jpg,1,382
C:\Users\16610\Desktop\.workbuddy\.workbuddy\saint_george_classifier\data\raw\georges\ffeffaf3d6e1577c03fc0ec162f82a5b.jpg,1,1730
C:\Users\16610\Desktop\.workbuddy\.workbuddy\saint_george_classifier\data\raw\non_georges\001057258c93dc3fe176526d011af770.jpg,0,1731
C:\Users\16610\Desktop\.workbuddy\.workbuddy\saint_george_classifier\data\raw\non_georges\003d4e46a416fd1ccdc9deb20a079865.jpg,0,1734
C:\Users\16610\Desktop\.workbuddy\.workbuddy\saint_george_classifier\data\raw\non_georges\003fd791d02173dc838c4ed68eadc0d9.jpg,0,1735
C:\Users\16610\Desktop\.workbuddy\.workbuddy\saint_george_classifier\data\raw\non_georges\004d166b79d0ba4440927448576a5d38.jpg,0,1736
C:\Users\16610\Desktop\.workbuddy\.workbuddy\saint_george_classifier\data\raw\non_georges\007d215f8ca4296535bfffc52a085e14.jpg,0,1738
C:\Users\16610\Desktop\.workbuddy\.workbuddy\saint_george_classifier\data\raw\non_georges\00a16849dbc8281a38f7bfcabca8f99c.jpg,0,1740
C:\Users\16610\Desktop\.workbuddy\.workbuddy\saint_george_classifier\data\raw\non_georges\00bb70f08e19fccddf20b4df40936c2e.jpg,0,1741
C:\Users\16610\Desktop\.workbuddy\.workbuddy\saint_george_classifier\data\raw\non_georges\00de0a9376add24248ade9a0364b771d.jpg,0,1742
C:\Users\16610\Desktop\.workbuddy\.workbuddy\saint_george_classifier\data\raw\non_georges\00e6fc96b14b5b27fb8f61bfb72f6943.jpg,0,1743
C:\Users\16610\Desktop\.workbuddy\.workbuddy\saint_george_classifier\data\raw\non_georges\015792479c00b4458a5d16c1347195df.jpg,0,1746
C:\Users\16610\Desktop\.workbuddy\.workbuddy\saint_george_classifier\data\raw\non_georges\015cca4d7c43d34996f6839de045a3b8.jpg,0,1747
C:\Users\16610\Desktop\.workbuddy\.workbuddy\saint_george_classifier\data\raw\non_georges\016bbab604ae78960e28220b06615988.jpg,0,1748
C:\Users\16610\Desktop\.workbuddy\.workbuddy\saint_george_classifier\data\raw\non_georges\0188542e78caff82450548fd49e99dbf.jpg,0,1749
C:\Users\16610\Desktop\.workbuddy\.workbuddy\saint_george_classifier\data\raw\non_georges\01a0785715b064b10ade9be9e32449b5.jpg,0,1750
C:\Users\16610\Desktop\.workbuddy\.workbuddy\saint_george_classifier\data\raw\non_georges\01ac73d2f0de939f71a0cc3acd40107f.jpg,0,1751
C:\Users\16610\Desktop\.workbuddy\.workbuddy\saint_george_classifier\data\raw\non_georges\01b4e3aa073eee26194aae64cd81d4e6.jpg,0,1752
C:\Users\16610\Desktop\.workbuddy\.workbuddy\saint_george_classifier\data\raw\non_georges\01dfb02a96c1d70841197526d1fcd56a.jpg,0,1754
C:\Users\16610\Desktop\.workbuddy\.workbuddy\saint_george_classifier\data\raw\non_georges\020a114f2dbdd405a624d0cba1c4cc79.jpg,0,1755
C:\Users\16610\Desktop\.workbuddy\.workbuddy\saint_george_classifier\data\raw\non_georges\0224684aaf4b46933fbfc22c899a26c7.jpg,0,1756
C:\Users\16610\Desktop\.workbuddy\.workbuddy\saint_george_classifier\data\raw\non_georges\024a0c7ae28d84e0d71e80c7e1bdd095.jpg,0,1758
C:\Users\16610\Desktop\.workbuddy\.workbuddy\saint_george_classifier\data\raw\non_georges\024dcdc84451b9708b7ff0d4e2bf7e8a.jpg,0,1759
C:\Users\16610\Desktop\.workbuddy\.workbuddy\saint_george_classifier\data\raw\non_georges\02750cf5b15e7347c327800ffee3775e.jpg,0,1761
C:\Users\16610\Desktop\.workbuddy\.workbuddy\saint_george_classifier\data\raw\non_georges\028b664be82072a43fcf077797e66100.jpg,0,1762
C:\Users\16610\Desktop\.workbuddy\.workbuddy\saint_george_classifier\data\raw\non_georges\02999d5d465cc69811484daedd6a1b7a.jpg,0,1764
C:\Users\16610\Desktop\.workbuddy\.workbuddy\saint_george_classifier\data\raw\non_georges\02bcbad8ca9244dd735a8cbc990c1899.jpg,0,1765
C:\Users\16610\Desktop\.workbuddy\.workbuddy\saint_george_classifier\data\raw\non_georges\02c08ff43157c09db9fe4ebe63d28903.jpg,0,1766
C:\Users\16610\Desktop\.workbuddy\.workbuddy\saint_george_classifier\data\raw\non_georges\02ded9b336a9878d539279c9982d6f8d.jpg,0,1767
C:\Users\16610\Desktop\.workbuddy\.workbuddy\saint_george_classifier\data\raw\non_georges\02eb6f32f0491c1bd7cb779511cf7fe9.jpg,0,1768
C:\Users\16610\Desktop\.workbuddy\.workbuddy\saint_george_classifier\data\raw\non_georges\035dccb0e218f9f6fd19f15ab9c7aa1b.jpg,0,1771
C:\Users\16610\Desktop\.workbuddy\.workbuddy\saint_george_classifier\data\raw\non_georges\0388b15253fc95c51df9c1a32ac0ec0e.jpg,0,1772
C:\Users\16610\Desktop\.workbuddy\.workbuddy\saint_george_classifier\data\raw\non_georges\03931815a37ee261ea9714eafb4f21ee.jpg,0,1773
C:\Users\16610\Desktop\.workbuddy\.workbuddy\saint_george_classifier\data\raw\non_georges\039de4432ef360e06f23ec0901ebf02f.jpg,0,1774
C:\Users\16610\Desktop\.workbuddy\.workbuddy\saint_george_classifier\data\raw\non_georges\04024ea806458a351cfb953a280a2a62.jpg,0,1775
C:\Users\16610\Desktop\.workbuddy\.workbuddy\saint_george_classifier\data\raw\non_georges\040979bbcf02e456dd16aed905f8688b.jpg,0,1776
C:\Users\16610\Desktop\.workbuddy\.workbuddy\saint_george_classifier\data\raw\non_georges\04156ae5e86438b6222ace99731a9ff5.jpg,0,1777
C:\Users\16610\Desktop\.workbuddy\.workbuddy\saint_george_classifier\data\raw\non_georges\0440d28775f142a88c9615babf47432d.jpg,0,1779
C:\Users\16610\Desktop\.workbuddy\.workbuddy\saint_george_classifier\data\raw\non_georges\045694cfb2831355fd592583045f300d.jpg,0,1780
C:\Users\16610\Desktop\.workbuddy\.workbuddy\saint_george_classifier\data\raw\non_georges\045889e86d9711a81bc5c6f42cf2312d.jpg,0,1781
C:\Users\16610\Desktop\.workbuddy\.workbuddy\saint_george_classifier\data\raw\non_georges\0463b446d54a836d7d0f25ee1c4cbf03.jpg,0,1782
C:\Users\16610\Desktop\.workbuddy\.workbuddy\saint_george_classifier\data\raw\non_georges\048cc2092377f1b4da72fe2a82d512af.jpg,0,1783
C:\Users\16610\Desktop\.workbuddy\.workbuddy\saint_george_classifier\data\raw\non_georges\04a32f21e260d9323e7351919317723a.jpg,0,1784
C:\Users\16610\Desktop\.workbuddy\.workbuddy\saint_george_classifier\data\raw\non_georges\04b4c7083c0205bea0cf28bf1e9f0b36.jpg,0,1785
C:\Users\16610\Desktop\.workbuddy\.workbuddy\saint_george_classifier\data\raw\non_georges\04b726f2f21d6d5eda286ce3deac8643.jpg,0,1786
C:\Users\16610\Desktop\.workbuddy\.workbuddy\saint_george_classifier\data\raw\non_georges\04f569494c9569e59e3d6e410cc1131b.jpg,0,1787
C:\Users\16610\Desktop\.workbuddy\.workbuddy\saint_george_classifier\data\raw\non_georges\051898c1409eef803e02cd6eb1553677.jpg,0,1788
C:\Users\16610\Desktop\.workbuddy\.workbuddy\saint_george_classifier\data\raw\non_georges\0536266049ac7f29957bd8c23bfcd4f2.jpg,0,1789
C:\Users\16610\Desktop\.workbuddy\.workbuddy\saint_george_classifier\data\raw\non_georges\053879033670c842306b10f48acb2a5b.jpg,0,1790
C:\Users\16610\Desktop\.workbuddy\.workbuddy\saint_george_classifier\data\raw\non_georges\05784cdc23349586c3a2490ac85d9442.jpg,0,1792
C:\Users\16610\Desktop\.workbuddy\.workbuddy\saint_george_classifier\data\raw\non_georges\058599c5036c62c6b16d1541c8f8f0ae.jpg,0,1793
C:\Users\16610\Desktop\.workbuddy\.workbuddy\saint_george_classifier\data\raw\non_georges\058e5de7e56bc602bae6da05494e53c3.jpg,0,1794
C:\Users\16610\Desktop\.workbuddy\.workbuddy\saint_george_classifier\data\raw\non_georges\05a9efee770d2cec1fd11246cbc195f6.jpg,0,1795
C:\Users\16610\Desktop\.workbuddy\.workbuddy\saint_george_classifier\data\raw\non_georges\05cc6b9fd677fe72d52ac994cd5fcbbf.jpg,0,1796
C:\Users\16610\Desktop\.workbuddy\.workbuddy\saint_george_classifier\data\raw\non_georges\05d9786901a3c987429e8f05b593d255.jpg,0,1797
C:\Users\16610\Desktop\.workbuddy\.workbuddy\saint_george_classifier\data\raw\non_georges\05f4e40c6df42c1b7b18a6b2099c8f57.jpg,0,1798
C:\Users\16610\Desktop\.workbuddy\.workbuddy\saint_george_classifier\data\raw\non_georges\0607708bbf20e4ff4ec083091b3e39af.jpg,0,1799
C:\Users\16610\Desktop\.workbuddy\.workbuddy\saint_george_classifier\data\raw\non_georges\061e004fdbe8f83a8aaf8394123f1a5f.jpg,0,1800
C:\Users\16610\Desktop\.workbuddy\.workbuddy\saint_george_classifier\data\raw\non_georges\06207e3a97f40cb073d1a3735b2c2cb4.jpg,0,1801
C:\Users\16610\Desktop\.workbuddy\.workbuddy\saint_george_classifier\data\raw\non_georges\0628bdc66e4c509088656bdf3d2f2242.jpg,0,1802
C:\Users\16610\Desktop\.workbuddy\.workbuddy\saint_george_classifier\data\raw\non_georges\063ffa63ed4e70cf3a35a3178102d67c.jpg,0,1803
C:\Users\16610\Desktop\.workbuddy\.workbuddy\saint_george_classifier\data\raw\non_georges\064029ac4eec71aa9a87c0210a8734a5.jpg,0,1804
C:\Users\16610\Desktop\.workbuddy\.workbuddy\saint_george_classifier\data\raw\non_georges\0647f9324f3297976cc5573e3e1df17f.jpg,0,1805
C:\Users\16610\Desktop\.workbuddy\.workbuddy\saint_george_classifier\data\raw\non_georges\0649a383e8e34485181004bce1d8142b.jpg,0,1806
C:\Users\16610\Desktop\.workbuddy\.workbuddy\saint_george_classifier\data\raw\non_georges\066669512473165ba5e5c9ae5e9fd0e3.jpg,0,1807
C:\Users\16610\Desktop\.workbuddy\.workbuddy\saint_george_classifier\data\raw\non_georges\06703de16e6b807f4febe888b9c84c22.jpg,0,1808
C:\Users\16610\Desktop\.workbuddy\.workbuddy\saint_george_classifier\data\raw\non_georges\0673fa737bedd64cc0d429956e10ab77.jpg,0,1809
C:\Users\16610\Desktop\.workbuddy\.workbuddy\saint_george_classifier\data\raw\non_georges\068dcad6b19a278b6fded2a43c7b0781.jpg,0,1811
C:\Users\16610\Desktop\.workbuddy\.workbuddy\saint_george_classifier\data\raw\non_georges\06970f717ef074156d8cdaa62378faea.jpg,0,1812
C:\Users\16610\Desktop\.workbuddy\.workbuddy\saint_george_classifier\data\raw\non_georges\06a598784129a6fbe204237314a8ecd3.jpg,0,1813
C:\Users\16610\Desktop\.workbuddy\.workbuddy\saint_george_classifier\data\raw\non_georges\06b59af745021dd7d0f88d64a1d28ce8.jpg,0,1814
C:\Users\16610\Desktop\.workbuddy\.workbuddy\saint_george_classifier\data\raw\non_georges\06d981673efd843950bd69098f9b377d.jpg,0,1815
C:\Users\16610\Desktop\.workbuddy\.workbuddy\saint_george_classifier\data\raw\non_georges\06ea10437ba926aa121ae8b5dbc1741a.jpg,0,1816
C:\Users\16610\Desktop\.workbuddy\.workbuddy\saint_george_classifier\data\raw\non_georges\071c5af4791850aedb8c2d738cbe3e24.jpg,0,1818
C:\Users\16610\Desktop\.workbuddy\.workbuddy\saint_george_classifier\data\raw\non_georges\071fd2dc548a475ed2ba62c19d306988.jpg,0,1819
C:\Users\16610\Desktop\.workbuddy\.workbuddy\saint_george_classifier\data\raw\non_georges\072823723444798e773d1159ec885093.jpg,0,1820
C:\Users\16610\Desktop\.workbuddy\.workbuddy\saint_george_classifier\data\raw\non_georges\076e7c9327c804064172be7de719e822.jpg,0,1821
C:\Users\16610\Desktop\.workbuddy\.workbuddy\saint_george_classifier\data\raw\non_georges\07703666962dd3088525e8bbeba42072.jpg,0,1822
C:\Users\16610\Desktop\.workbuddy\.workbuddy\saint_george_classifier\data\raw\non_georges\079615871aebe3621ea53d1729a2bbae.jpg,0,1823
C:\Users\16610\Desktop\.workbuddy\.workbuddy\saint_george_classifier\data\raw\non_georges\07b5f16edbb115b623d7f0f3d0889799.jpg,0,1824
C:\Users\16610\Desktop\.workbuddy\.workbuddy\saint_george_classifier\data\raw\non_georges\07c55723f3ba061fba7a2ca7a735af96.jpg,0,1825
C:\Users\16610\Desktop\.workbuddy\.workbuddy\saint_george_classifier\data\raw\non_georges\07d52c579da49599d2178a3dd67bea23.jpg,0,1826
C:\Users\16610\Desktop\.workbuddy\.workbuddy\saint_george_classifier\data\raw\non_georges\07e1df436d2e626293b219aec8ec2f4f.jpg,0,1828
C:\Users\16610\Desktop\.workbuddy\.workbuddy\saint_george_classifier\data\raw\non_georges\07f2ed2fca81530a3a4af4dd5677db60.jpg,0,1829
C:\Users\16610\Desktop\.workbuddy\.workbuddy\saint_george_classifier\data\raw\non_georges\080732d6382f37dbd9edf2815cce2d4f.jpg,0,1830
C:\Users\16610\Desktop\.workbuddy\.workbuddy\saint_george_classifier\data\raw\non_georges\082d107513c1c537a63a935b87e5057a.jpg,0,1834
C:\Users\16610\Desktop\.workbuddy\.workbuddy\saint_george_classifier\data\raw\non_georges\0830e699955e470fd30cbb57d4169206.jpg,0,1835
C:\Users\16610\Desktop\.workbuddy\.workbuddy\saint_george_classifier\data\raw\non_georges\08400c768689389c662dcbd59ab49264.jpg,0,1836
C:\Users\16610\Desktop\.workbuddy\.workbuddy\saint_george_classifier\data\raw\non_georges\08425206d518a0ec1ef2d40f61e8298c.jpg,0,1837
C:\Users\16610\Desktop\.workbuddy\.workbuddy\saint_george_classifier\data\raw\non_georges\084ef6acbd1a5091517e29941e857f83.jpg,0,1838
C:\Users\16610\Desktop\.workbuddy\.workbuddy\saint_george_classifier\data\raw\non_georges\0850e81b37fe7f3680fc8adad25292a4.jpg,0,1840
C:\Users\16610\Desktop\.workbuddy\.workbuddy\saint_george_classifier\data\raw\non_georges\087b8646c87cac207a9701848e5dffac.jpg,0,1841
C:\Users\16610\Desktop\.workbuddy\.workbuddy\saint_george_classifier\data\raw\non_georges\089d0912d30a55762a7abcf7ab558970.jpg,0,1842
C:\Users\16610\Desktop\.workbuddy\.workbuddy\saint_george_classifier\data\raw\non_georges\08afac224a2004283591c0f8f24774dc.jpg,0,1843
C:\Users\16610\Desktop\.workbuddy\.workbuddy\saint_george_classifier\data\raw\non_georges\08d0b66822744572ead80142b79f826d.jpg,0,1845
C:\Users\16610\Desktop\.workbuddy\.workbuddy\saint_george_classifier\data\raw\non_georges\08dca3a6128eaf9f32223ccd9a10aea6.jpg,0,1846
C:\Users\16610\Desktop\.workbuddy\.workbuddy\saint_george_classifier\data\raw\non_georges\08eab59c03c563a8eda02969e57c6b24.jpg,0,1847
C:\Users\16610\Desktop\.workbuddy\.workbuddy\saint_george_classifier\data\raw\non_georges\08fb73851b6c0bacbfed0599850a9fa0.jpg,0,1848
C:\Users\16610\Desktop\.workbuddy\.workbuddy\saint_george_classifier\data\raw\non_georges\091184a6f77846a08bcd0aa5e6192556.jpg,0,1849
C:\Users\16610\Desktop\.workbuddy\.workbuddy\saint_george_classifier\data\raw\non_georges\092f848b6959e890337050846b517377.jpg,0,1850
C:\Users\16610\Desktop\.workbuddy\.workbuddy\saint_george_classifier\data\raw\non_georges\094b2bafd76f78e85e08fea5f815efde.jpg,0,1851
C:\Users\16610\Desktop\.workbuddy\.workbuddy\saint_george_classifier\data\raw\non_georges\09746f18b6a3e1b7466d833f9cbecfb2.jpg,0,1852
C:\Users\16610\Desktop\.workbuddy\.workbuddy\saint_george_classifier\data\raw\non_georges\09a51df0d22064b5d2a0e0dc489e2d44.jpg,0,1854
C:\Users\16610\Desktop\.workbuddy\.workbuddy\saint_george_classifier\data\raw\non_georges\09c9c9289395c45399cb88a8e392dbeb.jpg,0,1855
C:\Users\16610\Desktop\.workbuddy\.workbuddy\saint_george_classifier\data\raw\non_georges\09d097cd7573960fd1a14e5e07ce7b5a.jpg,0,1856
C:\Users\16610\Desktop\.workbuddy\.workbuddy\saint_george_classifier\data\raw\non_georges\09faf3c1ed812bb4c79c46cca6c7216c.jpg,0,1857
C:\Users\16610\Desktop\.workbuddy\.workbuddy\saint_george_classifier\data\raw\non_georges\0a12205b132ecf6ddb8a2aaaa99d65ff.jpg,0,1858
C:\Users\16610\Desktop\.workbuddy\.workbuddy\saint_george_classifier\data\raw\non_georges\0a1d16739d05cc3add65c8263bc97183.jpg,0,1860
C:\Users\16610\Desktop\.workbuddy\.workbuddy\saint_george_classifier\data\raw\non_georges\0a81231a47fae1a52b165210e365746d.jpg,0,1863
C:\Users\16610\Desktop\.workbuddy\.workbuddy\saint_george_classifier\data\raw\non_georges\0a869d67deaaa70385fae7f70b92a557.jpg,0,1864
C:\Users\16610\Desktop\.workbuddy\.workbuddy\saint_george_classifier\data\raw\non_georges\0ab2960f3141d66b92449f371090e404.jpg,0,1865
C:\Users\16610\Desktop\.workbuddy\.workbuddy\saint_george_classifier\data\raw\non_georges\0adc14613d50788adc81acc1dea70f81.jpg,0,1866
C:\Users\16610\Desktop\.workbuddy\.workbuddy\saint_george_classifier\data\raw\non_georges\0ae6c19b6fd5619864c8441110fd6242.jpg,0,1867
C:\Users\16610\Desktop\.workbuddy\.workbuddy\saint_george_classifier\data\raw\non_georges\0b20584fc2c21028acffa6ac0bef9531.jpg,0,1868
C:\Users\16610\Desktop\.workbuddy\.workbuddy\saint_george_classifier\data\raw\non_georges\0b237acf6a84d4ef58469aac236f4e1f.jpg,0,1869
C:\Users\16610\Desktop\.workbuddy\.workbuddy\saint_george_classifier\data\raw\non_georges\0b2428d183fb4fd6b29788807f1e093e.jpg,0,1870
C:\Users\16610\Desktop\.workbuddy\.workbuddy\saint_george_classifier\data\raw\non_georges\0b3718c8e68f3274eec4e085f07db740.jpg,0,1871
C:\Users\16610\Desktop\.workbuddy\.workbuddy\saint_george_classifier\data\raw\non_georges\0b60a9f663348cae257271238521231e.jpg,0,1872
C:\Users\16610\Desktop\.workbuddy\.workbuddy\saint_george_classifier\data\raw\non_georges\0b691836e2596eace7e2454302f635e0.jpg,0,1873
C:\Users\16610\Desktop\.workbuddy\.workbuddy\saint_george_classifier\data\raw\non_georges\0ba4dec4d597996ba582ee525fdc8166.jpg,0,1874
C:\Users\16610\Desktop\.workbuddy\.workbuddy\saint_george_classifier\data\raw\non_georges\0bb45cf2b4daa076cd3045b86a222aa3.jpg,0,1875
C:\Users\16610\Desktop\.workbuddy\.workbuddy\saint_george_classifier\data\raw\non_georges\0bece9d4e07ffc8633bf0275c64cffd1.jpg,0,1876
C:\Users\16610\Desktop\.workbuddy\.workbuddy\saint_george_classifier\data\raw\non_georges\0bf1b98d7be0184dd7953f2991f51e5d.jpg,0,1877
C:\Users\16610\Desktop\.workbuddy\.workbuddy\saint_george_classifier\data\raw\non_georges\0c22538beb0bd4bb99501206db532617.jpg,0,1879
C:\Users\16610\Desktop\.workbuddy\.workbuddy\saint_george_classifier\data\raw\non_georges\0c46356ee264a3c30db9ef68050949b6.jpg,0,1880
C:\Users\16610\Desktop\.workbuddy\.workbuddy\saint_george_classifier\data\raw\non_georges\0c5a01c4e7ad28ee62ec0a9b95f9a743.jpg,0,1881
C:\Users\16610\Desktop\.workbuddy\.workbuddy\saint_george_classifier\data\raw\non_georges\0c5a48ec23230c2955193926ff534c09.jpg,0,1882
C:\Users\16610\Desktop\.workbuddy\.workbuddy\saint_george_classifier\data\raw\non_georges\0c7c2d45634ec0a5f69e438d87a73e80.jpg,0,1883
C:\Users\16610\Desktop\.workbuddy\.workbuddy\saint_george_classifier\data\raw\non_georges\0c889820ec03227827aeb7045e36512a.jpg,0,1884
C:\Users\16610\Desktop\.workbuddy\.workbuddy\saint_george_classifier\data\raw\non_georges\0c8cd392fa6c87a0322474e722847f64.jpg,0,1885
C:\Users\16610\Desktop\.workbuddy\.workbuddy\saint_george_classifier\data\raw\non_georges\0ca67d6c738e2b3d9383a2da367e8381.jpg,0,1886
C:\Users\16610\Desktop\.workbuddy\.workbuddy\saint_george_classifier\data\raw\non_georges\0ca96b24d593b1b19adff7cfc3ca1fd5.jpg,0,1888
C:\Users\16610\Desktop\.workbuddy\.workbuddy\saint_george_classifier\data\raw\non_georges\0d23478ab8e72bbde29bcca2e96e3d53.jpg,0,1890
C:\Users\16610\Desktop\.workbuddy\.workbuddy\saint_george_classifier\data\raw\non_georges\0d738ddc3e8d21b57fb08938e94683fb.jpg,0,1891
C:\Users\16610\Desktop\.workbuddy\.workbuddy\saint_george_classifier\data\raw\non_georges\0d82305584837e26617bf6efcf5ac567.jpg,0,1892
C:\Users\16610\Desktop\.workbuddy\.workbuddy\saint_george_classifier\data\raw\non_georges\0da8320a890757fff02de94372dd1bd2.jpg,0,1895
C:\Users\16610\Desktop\.workbuddy\.workbuddy\saint_george_classifier\data\raw\non_georges\0daf140c373000b5b3696ffb7ac9ddcc.jpg,0,1896
C:\Users\16610\Desktop\.workbuddy\.workbuddy\saint_george_classifier\data\raw\non_georges\0de73c0fac4cf6fef2d6e5b231781e6d.jpg,0,1897
C:\Users\16610\Desktop\.workbuddy\.workbuddy\saint_george_classifier\data\raw\non_georges\0e1b6156b942cc508285f6a34039ce75.jpg,0,1898
C:\Users\16610\Desktop\.workbuddy\.workbuddy\saint_george_classifier\data\raw\non_georges\0e3480eb200fd6e6fa0cfbb1d8aa4431.jpg,0,1899
C:\Users\16610\Desktop\.workbuddy\.workbuddy\saint_george_classifier\data\raw\non_georges\0e39d7abf747ad5b6da9240be28f5f16.jpg,0,1900
C:\Users\16610\Desktop\.workbuddy\.workbuddy\saint_george_classifier\data\raw\non_georges\0e45f69a8dba7b68a59a6fab3fda2ce6.jpg,0,1901
C:\Users\16610\Desktop\.workbuddy\.workbuddy\saint_george_classifier\data\raw\non_georges\0e60cf0c0bec6637b0e1ced4d65b6652.jpg,0,1903
C:\Users\16610\Desktop\.workbuddy\.workbuddy\saint_george_classifier\data\raw\non_georges\0e876ed2c87877d885a0589e0b544d3c.jpg,0,1904
C:\Users\16610\Desktop\.workbuddy\.workbuddy\saint_george_classifier\data\raw\non_georges\0e9b17dbb971a27c669de2b8e6520a10.jpg,0,1905
C:\Users\16610\Desktop\.workbuddy\.workbuddy\saint_george_classifier\data\raw\non_georges\0e9ffe5cad05ce9f797952e703ad2dcc.jpg,0,1906
C:\Users\16610\Desktop\.workbuddy\.workbuddy\saint_george_classifier\data\raw\non_georges\0ebdf4a4f4cd78e0dd9e280071023853.jpg,0,1907
C:\Users\16610\Desktop\.workbuddy\.workbuddy\saint_george_classifier\data\raw\non_georges\0f411e19faa6cd7a0a4f66d24bf519e5.jpg,0,1909
C:\Users\16610\Desktop\.workbuddy\.workbuddy\saint_george_classifier\data\raw\non_georges\0f47a5f80ae2162aaf2788d8d4b271b3.jpg,0,1910
C:\Users\16610\Desktop\.workbuddy\.workbuddy\saint_george_classifier\data\raw\non_georges\0fa61ec4ae42585624563952aec8aa6b.jpg,0,1913
C:\Users\16610\Desktop\.workbuddy\.workbuddy\saint_george_classifier\data\raw\non_georges\0fb7df4d185ee76bc84cae75d589c760.jpg,0,1914
C:\Users\16610\Desktop\.workbuddy\.workbuddy\saint_george_classifier\data\raw\non_georges\0fc33c17102e7b1ef921f2e2da88f5af.jpg,0,1915
C:\Users\16610\Desktop\.workbuddy\.workbuddy\saint_george_classifier\data\raw\non_georges\0fc4d823936dd91ee085ea9931a395c1.jpg,0,1916
C:\Users\16610\Desktop\.workbuddy\.workbuddy\saint_george_classifier\data\raw\non_georges\0fd145df3e31fa08557fb60c5464f7fb.jpg,0,1917
C:\Users\16610\Desktop\.workbuddy\.workbuddy\saint_george_classifier\data\raw\non_georges\1023c6bba5edddbb66b99296b9c3175e.jpg,0,1919
C:\Users\16610\Desktop\.workbuddy\.workbuddy\saint_george_classifier\data\raw\non_georges\1064424588c9041f7740bbae87c5803e.jpg,0,1921
C:\Users\16610\Desktop\.workbuddy\.workbuddy\saint_george_classifier\data\raw\non_georges\108ad910cdfd7d8c677938e638baba6b.jpg,0,1905
C:\Users\16610\Desktop\.workbuddy\.workbuddy\saint_george_classifier\data\raw\non_georges\1094d52cc57d93b8098a5eeeaf8b48ac.jpg,0,1922
C:\Users\16610\Desktop\.workbuddy\.workbuddy\saint_george_classifier\data\raw\non_georges\10be35232532fdd0b394b6aec090d66d.jpg,0,1924
C:\Users\16610\Desktop\.workbuddy\.workbuddy\saint_george_classifier\data\raw\non_georges\10c4bdd8e1d9fcfb2acbe351159cf309.jpg,0,1925
C:\Users\16610\Desktop\.workbuddy\.workbuddy\saint_george_classifier\data\raw\non_georges\10e57999b78470f96260121601e254ec.jpg,0,1926
C:\Users\16610\Desktop\.workbuddy\.workbuddy\saint_george_classifier\data\raw\non_georges\110993aae057d38a74250ad2b6c4028a.jpg,0,1927
C:\Users\16610\Desktop\.workbuddy\.workbuddy\saint_george_classifier\data\raw\non_georges\110d5d936b2e585026cf4e0baf981787.jpg,0,1928
C:\Users\16610\Desktop\.workbuddy\.workbuddy\saint_george_classifier\data\raw\non_georges\1113f617d3f5de5dee54b0d100b19d8c.jpg,0,1929
C:\Users\16610\Desktop\.workbuddy\.workbuddy\saint_george_classifier\data\raw\non_georges\1120e77d96408554b4cfa9dec6a2acf9.jpg,0,1930
C:\Users\16610\Desktop\.workbuddy\.workbuddy\saint_george_classifier\data\raw\non_georges\1127961edfc613e660b9c0affcdc1b03.jpg,0,1931
C:\Users\16610\Desktop\.workbuddy\.workbuddy\saint_george_classifier\data\raw\non_georges\1139c49aea2e7ba72db9033c3c29bf25.jpg,0,1932
C:\Users\16610\Desktop\.workbuddy\.workbuddy\saint_george_classifier\data\raw\non_georges\113cca54c2906355e3ba1c009564ae13.jpg,0,1933
C:\Users\16610\Desktop\.workbuddy\.workbuddy\saint_george_classifier\data\raw\non_georges\115293e48251844b1b5352fe93838468.jpg,0,1934
C:\Users\16610\Desktop\.workbuddy\.workbuddy\saint_george_classifier\data\raw\non_georges\118ad18cb4948ca4d6a6bb707041e2ff.jpg,0,1935
C:\Users\16610\Desktop\.workbuddy\.workbuddy\saint_george_classifier\data\raw\non_georges\11b155c82df327806bfa012c881eed27.jpg,0,1937
C:\Users\16610\Desktop\.workbuddy\.workbuddy\saint_george_classifier\data\raw\non_georges\11c46c946df400d2f47d74e7da328890.jpg,0,1940
C:\Users\16610\Desktop\.workbuddy\.workbuddy\saint_george_classifier\data\raw\non_georges\11d07d86c2de2206acb823083915ed7f.jpg,0,1941
C:\Users\16610\Desktop\.workbuddy\.workbuddy\saint_george_classifier\data\raw\non_georges\11e350a7d4e7e97bd76db2bc0751211f.jpg,0,1942
C:\Users\16610\Desktop\.workbuddy\.workbuddy\saint_george_classifier\data\raw\non_georges\12012d068240f59ed7252c36a89b3777.jpg,0,1943
C:\Users\16610\Desktop\.workbuddy\.workbuddy\saint_george_classifier\data\raw\non_georges\1204f931e5134f77614fe51a4a26b4bb.jpg,0,1944
C:\Users\16610\Desktop\.workbuddy\.workbuddy\saint_george_classifier\data\raw\non_georges\121e9b1a5c1223c24f2e750ad8eb9f0f.jpg,0,1945
C:\Users\16610\Desktop\.workbuddy\.workbuddy\saint_george_classifier\data\raw\non_georges\1223355dcdc17e462f2f72b360db91de.jpg,0,1946
C:\Users\16610\Desktop\.workbuddy\.workbuddy\saint_george_classifier\data\raw\non_georges\12241d31e86f92604a73c717a2ff314d.jpg,0,1947
C:\Users\16610\Desktop\.workbuddy\.workbuddy\saint_george_classifier\data\raw\non_georges\122471d9d6c73ea4bf95f6109247da8a.jpg,0,1948
C:\Users\16610\Desktop\.workbuddy\.workbuddy\saint_george_classifier\data\raw\non_georges\123242900e0604fc60cca4dd97887336.jpg,0,1949
C:\Users\16610\Desktop\.workbuddy\.workbuddy\saint_george_classifier\data\raw\non_georges\124a0ad815d2c7bd7d4606afafb8636c.jpg,0,1950
C:\Users\16610\Desktop\.workbuddy\.workbuddy\saint_george_classifier\data\raw\non_georges\127d2cc39980a1817bd71b5437588372.jpg,0,1951
C:\Users\16610\Desktop\.workbuddy\.workbuddy\saint_george_classifier\data\raw\non_georges\129bb57784357c90b48a7e7e3403c548.jpg,0,1953
C:\Users\16610\Desktop\.workbuddy\.workbuddy\saint_george_classifier\data\raw\non_georges\12a91de0bd73a15a43c360d85e996fb0.jpg,0,1954
C:\Users\16610\Desktop\.workbuddy\.workbuddy\saint_george_classifier\data\raw\non_georges\12cfd1aec327a19ff8fd90dead8a6bd9.jpg,0,1955
C:\Users\16610\Desktop\.workbuddy\.workbuddy\saint_george_classifier\data\raw\non_georges\12dca60b84fdbffda9798fa4ebb6f9f5.jpg,0,1956
C:\Users\16610\Desktop\.workbuddy\.workbuddy\saint_george_classifier\data\raw\non_georges\12e286793b9507042329162287fc7a2c.jpg,0,1957
C:\Users\16610\Desktop\.workbuddy\.workbuddy\saint_george_classifier\data\raw\non_georges\12f5f583a31c849040ae191f80282b0b.jpg,0,1958
C:\Users\16610\Desktop\.workbuddy\.workbuddy\saint_george_classifier\data\raw\non_georges\131215799e1fa9c70e5526c5a48f3970.jpg,0,1959
C:\Users\16610\Desktop\.workbuddy\.workbuddy\saint_george_classifier\data\raw\non_georges\136f119d0dd7e823cc5e180201277286.jpg,0,1961
C:\Users\16610\Desktop\.workbuddy\.workbuddy\saint_george_classifier\data\raw\non_georges\1373f01ae2ab29ce48c82fcef4f84caa.jpg,0,1962
C:\Users\16610\Desktop\.workbuddy\.workbuddy\saint_george_classifier\data\raw\non_georges\138615b66f0464d18723fa378856f27d.jpg,0,1964
C:\Users\16610\Desktop\.workbuddy\.workbuddy\saint_george_classifier\data\raw\non_georges\13ab60fafa88a7bd059ed60989da01b3.jpg,0,1966
C:\Users\16610\Desktop\.workbuddy\.workbuddy\saint_george_classifier\data\raw\non_georges\13b46fa59e3ec7330d39bc73a5244ae6.jpg,0,1967
C:\Users\16610\Desktop\.workbuddy\.workbuddy\saint_george_classifier\data\raw\non_georges\13dff5e1838216fc3fa6878e386d2b1c.jpg,0,1969
C:\Users\16610\Desktop\.workbuddy\.workbuddy\saint_george_classifier\data\raw\non_georges\1425f60e5525af952f3eeb9c497c14aa.jpg,0,1973
C:\Users\16610\Desktop\.workbuddy\.workbuddy\saint_george_classifier\data\raw\non_georges\1434891a7e27b5b8a10f40648955fcd3.jpg,0,1974
C:\Users\16610\Desktop\.workbuddy\.workbuddy\saint_george_classifier\data\raw\non_georges\143a66eb8e8cb46921d78f73d6b7a387.jpg,0,1975
C:\Users\16610\Desktop\.workbuddy\.workbuddy\saint_george_classifier\data\raw\non_georges\14767f8edc2b1cbf064f91cd42add601.jpg,0,1976
C:\Users\16610\Desktop\.workbuddy\.workbuddy\saint_george_classifier\data\raw\non_georges\148a6f6ee0ffb67de133ede58de00e4e.jpg,0,1977
C:\Users\16610\Desktop\.workbuddy\.workbuddy\saint_george_classifier\data\raw\non_georges\148f32761edad38432d51b6ed17a57cf.jpg,0,1978
C:\Users\16610\Desktop\.workbuddy\.workbuddy\saint_george_classifier\data\raw\non_georges\14badf6f1143e875c79343461e409e08.jpg,0,1781
C:\Users\16610\Desktop\.workbuddy\.workbuddy\saint_george_classifier\data\raw\non_georges\14cb8b2b7c7239157e47e48cc6f71fe3.jpg,0,1981
C:\Users\16610\Desktop\.workbuddy\.workbuddy\saint_george_classifier\data\raw\non_georges\14f79b5624ecfd0faf47785c85df9bb1.jpg,0,1982
C:\Users\16610\Desktop\.workbuddy\.workbuddy\saint_george_classifier\data\raw\non_georges\15043a82e50c69a205e4f3568f04a82b.jpg,0,1983
C:\Users\16610\Desktop\.workbuddy\.workbuddy\saint_george_classifier\data\raw\non_georges\1505a87ba85fa802633a7767a8e22d00.jpg,0,1984
C:\Users\16610\Desktop\.workbuddy\.workbuddy\saint_george_classifier\data\raw\non_georges\153802ad6b308bb4fc3e844a821de01b.jpg,0,1985
C:\Users\16610\Desktop\.workbuddy\.workbuddy\saint_george_classifier\data\raw\non_georges\1549a0a1ca77aaa562aca58f299ac5dd.jpg,0,1986
C:\Users\16610\Desktop\.workbuddy\.workbuddy\saint_george_classifier\data\raw\non_georges\155ee3942467a070620088adf6def5ad.jpg,0,1987
C:\Users\16610\Desktop\.workbuddy\.workbuddy\saint_george_classifier\data\raw\non_georges\157752b91e66de49fb82741a548e8719.jpg,0,1988
C:\Users\16610\Desktop\.workbuddy\.workbuddy\saint_george_classifier\data\raw\non_georges\159b7d903f8d9acf89b34a71ce36f2b1.jpg,0,1989
C:\Users\16610\Desktop\.workbuddy\.workbuddy\saint_george_classifier\data\raw\non_georges\159c0e484c38da4766f4f24d4211cc3f.jpg,0,1990
C:\Users\16610\Desktop\.workbuddy\.workbuddy\saint_george_classifier\data\raw\non_georges\15b1ef783aeca2aecd902964aa4bca93.jpg,0,1992
C:\Users\16610\Desktop\.workbuddy\.workbuddy\saint_george_classifier\data\raw\non_georges\15e1cfb5ba112ef317fc631215bea56f.jpg,0,1994
C:\Users\16610\Desktop\.workbuddy\.workbuddy\saint_george_classifier\data\raw\non_georges\15e9416d324460bc4e32021284ece6d5.jpg,0,1995
C:\Users\16610\Desktop\.workbuddy\.workbuddy\saint_george_classifier\data\raw\non_georges\160671a9a28aa300b4cabe21e47e0d63.jpg,0,1996
C:\Users\16610\Desktop\.workbuddy\.workbuddy\saint_george_classifier\data\raw\non_georges\1619cc9eeed8c633ecb75e0bbb9e75cd.jpg,0,1997
C:\Users\16610\Desktop\.workbuddy\.workbuddy\saint_george_classifier\data\raw\non_georges\162734f56818be9d796ada1ccdfdcf32.jpg,0,1998
C:\Users\16610\Desktop\.workbuddy\.workbuddy\saint_george_classifier\data\raw\non_georges\1648a9c5c2d6f9e95cb8ede4b79620dc.jpg,0,1999
C:\Users\16610\Desktop\.workbuddy\.workbuddy\saint_george_classifier\data\raw\non_georges\1648e06560b567ab86457a75f76de18f.jpg,0,2000
C:\Users\16610\Desktop\.workbuddy\.workbuddy\saint_george_classifier\data\raw\non_georges\165f57630d1f8afdb1284ee1007b34ff.jpg,0,2001
C:\Users\16610\Desktop\.workbuddy\.workbuddy\saint_george_classifier\data\raw\non_georges\1676ac4a0354f6109f9027e51e80d0fa.jpg,0,2003
C:\Users\16610\Desktop\.workbuddy\.workbuddy\saint_george_classifier\data\raw\non_georges\16974e285ca8397d42377f755d7c34f1.jpg,0,2004
C:\Users\16610\Desktop\.workbuddy\.workbuddy\saint_george_classifier\data\raw\non_georges\16bda5cdc7e36ac85274ae212d74b723.jpg,0,2005
C:\Users\16610\Desktop\.workbuddy\.workbuddy\saint_george_classifier\data\raw\non_georges\16bde73277c8b34e016ef6c0f5b4ae84.jpg,0,2006
C:\Users\16610\Desktop\.workbuddy\.workbuddy\saint_george_classifier\data\raw\non_georges\16dd1cdd6ac4466b84534ce556e88849.jpg,0,2008
C:\Users\16610\Desktop\.workbuddy\.workbuddy\saint_george_classifier\data\raw\non_georges\17032a39d5ed12d7267093ea4e071ebc.jpg,0,2010
C:\Users\16610\Desktop\.workbuddy\.workbuddy\saint_george_classifier\data\raw\non_georges\175fd56d2958e3b36c94e2cb346e2190.jpg,0,2013
C:\Users\16610\Desktop\.workbuddy\.workbuddy\saint_george_classifier\data\raw\non_georges\17ac8b78d758c88ec2d598239942fff2.jpg,0,2016
C:\Users\16610\Desktop\.workbuddy\.workbuddy\saint_george_classifier\data\raw\non_georges\17bc9d9a56a34871135bcec69f4cb85d.jpg,0,2018
C:\Users\16610\Desktop\.workbuddy\.workbuddy\saint_george_classifier\data\raw\non_georges\17d5c90c190a9d74cd622fabb062029a.jpg,0,2019
C:\Users\16610\Desktop\.workbuddy\.workbuddy\saint_george_classifier\data\raw\non_georges\181e1b8da2ce0abb2a6686f7fb4b7083.jpg,0,2020
C:\Users\16610\Desktop\.workbuddy\.workbuddy\saint_george_classifier\data\raw\non_georges\18424eb140ca55465e48a5a264348116.jpg,0,2022
C:\Users\16610\Desktop\.workbuddy\.workbuddy\saint_george_classifier\data\raw\non_georges\1853945ac79c1f871658bf86690e3b6d.jpg,0,2024
C:\Users\16610\Desktop\.workbuddy\.workbuddy\saint_george_classifier\data\raw\non_georges\1857784d2a400abd08b2229961bf4739.jpg,0,2025
C:\Users\16610\Desktop\.workbuddy\.workbuddy\saint_george_classifier\data\raw\non_georges\1877908cef33399475921a70326ecbd6.jpg,0,2026
C:\Users\16610\Desktop\.workbuddy\.workbuddy\saint_george_classifier\data\raw\non_georges\1878e55f4d6608598dd402ca5147b5b3.jpg,0,2027
C:\Users\16610\Desktop\.workbuddy\.workbuddy\saint_george_classifier\data\raw\non_georges\18b1505ffc4322189903df4963fcdb42.jpg,0,2030
C:\Users\16610\Desktop\.workbuddy\.workbuddy\saint_george_classifier\data\raw\non_georges\18b7e2e4bb01ba6b645a57ae629a7a28.jpg,0,2032
C:\Users\16610\Desktop\.workbuddy\.workbuddy\saint_george_classifier\data\raw\non_georges\18bb9e2d8d48a864166ea152e6375ccb.jpg,0,2033
C:\Users\16610\Desktop\.workbuddy\.workbuddy\saint_george_classifier\data\raw\non_georges\18c2391512cd323800ef465dfe58817f.jpg,0,2034
C:\Users\16610\Desktop\.workbuddy\.workbuddy\saint_george_classifier\data\raw\non_georges\18c318475492e8cad1cc9f46c8d5417e.jpg,0,2035
C:\Users\16610\Desktop\.workbuddy\.workbuddy\saint_george_classifier\data\raw\non_georges\18c929754e2cc952646cf3c8f55e22e2.jpg,0,2036
C:\Users\16610\Desktop\.workbuddy\.workbuddy\saint_george_classifier\data\raw\non_georges\18f4b0c45a87b43b8ff551763ec0c973.jpg,0,2037
C:\Users\16610\Desktop\.workbuddy\.workbuddy\saint_george_classifier\data\raw\non_georges\18f578c12b3f300f2dfcbe33fd08e3b7.jpg,0,2038
C:\Users\16610\Desktop\.workbuddy\.workbuddy\saint_george_classifier\data\raw\non_georges\195d15225eadd998369a3544e45bcbd9.jpg,0,2040
C:\Users\16610\Desktop\.workbuddy\.workbuddy\saint_george_classifier\data\raw\non_georges\196e79f8ce392b7ce4b04bbfa1f634a9.jpg,0,2041
C:\Users\16610\Desktop\.workbuddy\.workbuddy\saint_george_classifier\data\raw\non_georges\197866f78598a92cbb677377f73efef1.jpg,0,2042
C:\Users\16610\Desktop\.workbuddy\.workbuddy\saint_george_classifier\data\raw\non_georges\198483298cb6f10adb884e6de461f797.jpg,0,2043
C:\Users\16610\Desktop\.workbuddy\.workbuddy\saint_george_classifier\data\raw\non_georges\1993eee0ea58e3a1980cf931241ebd20.jpg,0,2044
C:\Users\16610\Desktop\.workbuddy\.workbuddy\saint_george_classifier\data\raw\non_georges\19b143babc95fa171b156232e438b2ff.jpg,0,2045
C:\Users\16610\Desktop\.workbuddy\.workbuddy\saint_george_classifier\data\raw\non_georges\19c0764e56d95eff56ce5c8f9169a0ec.jpg,0,2046
C:\Users\16610\Desktop\.workbuddy\.workbuddy\saint_george_classifier\data\raw\non_georges\19e7c41b689a5d2046f456adb6c335a1.jpg,0,2047
C:\Users\16610\Desktop\.workbuddy\.workbuddy\saint_george_classifier\data\raw\non_georges\1a0fcf752c1ca02e71737b3588e2274f.jpg,0,2049
C:\Users\16610\Desktop\.workbuddy\.workbuddy\saint_george_classifier\data\raw\non_georges\1a719fabaf189d37554833a37a1cfa1f.jpg,0,2050
C:\Users\16610\Desktop\.workbuddy\.workbuddy\saint_george_classifier\data\raw\non_georges\1a742e33ce57904076fc625fc1df1f83.jpg,0,2051
C:\Users\16610\Desktop\.workbuddy\.workbuddy\saint_george_classifier\data\raw\non_georges\1a759809020aeda20cf9fdf8513b2617.jpg,0,2052
C:\Users\16610\Desktop\.workbuddy\.workbuddy\saint_george_classifier\data\raw\non_georges\1a9df63a0f73b49991eb169c0ec0575e.jpg,0,2054
C:\Users\16610\Desktop\.workbuddy\.workbuddy\saint_george_classifier\data\raw\non_georges\1ac6e560ce65495f81a432b5094c3584.jpg,0,2055
C:\Users\16610\Desktop\.workbuddy\.workbuddy\saint_george_classifier\data\raw\non_georges\1ada6bfac9b0bbb27d707a5c762d7b50.jpg,0,2056
C:\Users\16610\Desktop\.workbuddy\.workbuddy\saint_george_classifier\data\raw\non_georges\1b30b11030b7dfbfa4725f14635ce7c1.jpg,0,2058
C:\Users\16610\Desktop\.workbuddy\.workbuddy\saint_george_classifier\data\raw\non_georges\1b44fb9cd12f711ad680e8823cc2865c.jpg,0,2060
C:\Users\16610\Desktop\.workbuddy\.workbuddy\saint_george_classifier\data\raw\non_georges\1b470efddb0752cc934378814129d4f4.jpg,0,2061
C:\Users\16610\Desktop\.workbuddy\.workbuddy\saint_george_classifier\data\raw\non_georges\1b72bdf8232a9fab75aeca8435abace2.jpg,0,2062
C:\Users\16610\Desktop\.workbuddy\.workbuddy\saint_george_classifier\data\raw\non_georges\1b8531d4a6fe989d09e2e48300f83ff7.jpg,0,2063
C:\Users\16610\Desktop\.workbuddy\.workbuddy\saint_george_classifier\data\raw\non_georges\1bbe52a3ec75fdf267db3ee956b91dbe.jpg,0,2064
C:\Users\16610\Desktop\.workbuddy\.workbuddy\saint_george_classifier\data\raw\non_georges\1bbfe1bc4c9b29e859c40185bb3e4835.jpg,0,2065
C:\Users\16610\Desktop\.workbuddy\.workbuddy\saint_george_classifier\data\raw\non_georges\1be56badad063017b61dd52e0ec4bc0e.jpg,0,2067
C:\Users\16610\Desktop\.workbuddy\.workbuddy\saint_george_classifier\data\raw\non_georges\1bf90d00a03d7a6c11657d09eb8e3039.jpg,0,2068
C:\Users\16610\Desktop\.workbuddy\.workbuddy\saint_george_classifier\data\raw\non_georges\1c3d7698e020c4a3cc4e3d35a4f40857.jpg,0,2069
C:\Users\16610\Desktop\.workbuddy\.workbuddy\saint_george_classifier\data\raw\non_georges\1c3eb39055b153c88889333ca6e949f7.jpg,0,2070
C:\Users\16610\Desktop\.workbuddy\.workbuddy\saint_george_classifier\data\raw\non_georges\1c3ef51af6fc1bad0684d92d2e10ba4b.jpg,0,2071
C:\Users\16610\Desktop\.workbuddy\.workbuddy\saint_george_classifier\data\raw\non_georges\1c55f90013b97a8f698b114ffd937f14.jpg,0,2072
C:\Users\16610\Desktop\.workbuddy\.workbuddy\saint_george_classifier\data\raw\non_georges\1c83ac11e1bd9a0d6330fcd2dd32429e.jpg,0,2073
C:\Users\16610\Desktop\.workbuddy\.workbuddy\saint_george_classifier\data\raw\non_georges\1c89486131303af412c264fb2d840dbd.jpg,0,2074
C:\Users\16610\Desktop\.workbuddy\.workbuddy\saint_george_classifier\data\raw\non_georges\1c9baf0c5ff076a1a6ecffd4969144ff.jpg,0,2075
C:\Users\16610\Desktop\.workbuddy\.workbuddy\saint_george_classifier\data\raw\non_georges\1c9d93afddbf976675a29b3747f38d1e.jpg,0,2076
C:\Users\16610\Desktop\.workbuddy\.workbuddy\saint_george_classifier\data\raw\non_georges\1cb73077a5b0e186516e427c19be7e95.jpg,0,2077
C:\Users\16610\Desktop\.workbuddy\.workbuddy\saint_george_classifier\data\raw\non_georges\1cd654eb7f32feb474c34272036a94a5.jpg,0,2079
C:\Users\16610\Desktop\.workbuddy\.workbuddy\saint_george_classifier\data\raw\non_georges\1cfaf7941bb54940937c60372187d011.jpg,0,2080
C:\Users\16610\Desktop\.workbuddy\.workbuddy\saint_george_classifier\data\raw\non_georges\1d1f0dd92f00b54a1c661f491af505fa.jpg,0,2082
C:\Users\16610\Desktop\.workbuddy\.workbuddy\saint_george_classifier\data\raw\non_georges\1d29ee258a98f3ce3a561fff1c9cdeca.jpg,0,2083
C:\Users\16610\Desktop\.workbuddy\.workbuddy\saint_george_classifier\data\raw\non_georges\1d43ff57ede24866d8982bb1e5de7d0b.jpg,0,2084
C:\Users\16610\Desktop\.workbuddy\.workbuddy\saint_george_classifier\data\raw\non_georges\1d4e0557445b64cea4cb85d62d27fc95.jpg,0,2085
C:\Users\16610\Desktop\.workbuddy\.workbuddy\saint_george_classifier\data\raw\non_georges\1d725f11eac9adfc7ceb71715b064916.jpg,0,2086
C:\Users\16610\Desktop\.workbuddy\.workbuddy\saint_george_classifier\data\raw\non_georges\1d773fd9413ee1c4c11ed35d0fd774d4.jpg,0,2088
C:\Users\16610\Desktop\.workbuddy\.workbuddy\saint_george_classifier\data\raw\non_georges\1dc12cf0742989a9786cf18356fd79ef.jpg,0,2089
C:\Users\16610\Desktop\.workbuddy\.workbuddy\saint_george_classifier\data\raw\non_georges\1df869b391aa46bac87dfda7c2ec1dbf.jpg,0,2090
C:\Users\16610\Desktop\.workbuddy\.workbuddy\saint_george_classifier\data\raw\non_georges\1dfa64a3e62c52f1b0d6adde06dbde39.jpg,0,2091
C:\Users\16610\Desktop\.workbuddy\.workbuddy\saint_george_classifier\data\raw\non_georges\1e03e498d529046f2a5b16f1094b28da.jpg,0,2092
C:\Users\16610\Desktop\.workbuddy\.workbuddy\saint_george_classifier\data\raw\non_georges\1e0cf746271b2add38f903d2e48f3bdf.jpg,0,2093
C:\Users\16610\Desktop\.workbuddy\.workbuddy\saint_george_classifier\data\raw\non_georges\1e1fe4ecc053206b996e33d22e9969f8.jpg,0,2094
C:\Users\16610\Desktop\.workbuddy\.workbuddy\saint_george_classifier\data\raw\non_georges\1e2fe1e89db9ac674da87e2eddebbe21.jpg,0,2095
C:\Users\16610\Desktop\.workbuddy\.workbuddy\saint_george_classifier\data\raw\non_georges\1e32c426344a9319729ece1c3b298c46.jpg,0,2096
C:\Users\16610\Desktop\.workbuddy\.workbuddy\saint_george_classifier\data\raw\non_georges\1e5149d470a3fdb88c61128bff275115.jpg,0,2097
C:\Users\16610\Desktop\.workbuddy\.workbuddy\saint_george_classifier\data\raw\non_georges\1e5ff786c2e6a29af01e6762136260ec.jpg,0,2098
C:\Users\16610\Desktop\.workbuddy\.workbuddy\saint_george_classifier\data\raw\non_georges\1e766a9351e1369ee22b4075c4254656.jpg,0,2099
C:\Users\16610\Desktop\.workbuddy\.workbuddy\saint_george_classifier\data\raw\non_georges\1e938920816c8d7b721ae79d0a00b063.jpg,0,2100
C:\Users\16610\Desktop\.workbuddy\.workbuddy\saint_george_classifier\data\raw\non_georges\1e970bd280a0a0ad7e7d27c58b637e41.jpg,0,2101
C:\Users\16610\Desktop\.workbuddy\.workbuddy\saint_george_classifier\data\raw\non_georges\1ecb329b005e6ff1539c73df18259fc8.jpg,0,2102
C:\Users\16610\Desktop\.workbuddy\.workbuddy\saint_george_classifier\data\raw\non_georges\1ef1615fb2976bd2db49c5af3dc003d7.jpg,0,2104
C:\Users\16610\Desktop\.workbuddy\.workbuddy\saint_george_classifier\data\raw\non_georges\1ef6ede86dde9095bbe8ccdaf5e4b8ba.jpg,0,2105
C:\Users\16610\Desktop\.workbuddy\.workbuddy\saint_george_classifier\data\raw\non_georges\1efe9682357e433a2f179013f7d5c310.jpg,0,2106
C:\Users\16610\Desktop\.workbuddy\.workbuddy\saint_george_classifier\data\raw\non_georges\1f107d02dcf4701c86fa49e1d92c6b8a.jpg,0,2107
C:\Users\16610\Desktop\.workbuddy\.workbuddy\saint_george_classifier\data\raw\non_georges\1f374b3a70f1b1a43fbdc26565cd8720.jpg,0,2108
C:\Users\16610\Desktop\.workbuddy\.workbuddy\saint_george_classifier\data\raw\non_georges\1f4f6fef579138edd6eb7f91da4f70dd.jpg,0,2111
C:\Users\16610\Desktop\.workbuddy\.workbuddy\saint_george_classifier\data\raw\non_georges\1f748969057584bf157181d3dd6ec15b.jpg,0,2112
C:\Users\16610\Desktop\.workbuddy\.workbuddy\saint_george_classifier\data\raw\non_georges\1fa6f2d476c8fc1881a7c1bf6a9ee4db.jpg,0,2115
C:\Users\16610\Desktop\.workbuddy\.workbuddy\saint_george_classifier\data\raw\non_georges\1fc6a7e25a744e9156d32d70972e7e14.jpg,0,2116
C:\Users\16610\Desktop\.workbuddy\.workbuddy\saint_george_classifier\data\raw\non_georges\1fdf94c253b7ffef0f3c4d088e14bf9c.jpg,0,2118
C:\Users\16610\Desktop\.workbuddy\.workbuddy\saint_george_classifier\data\raw\non_georges\1ff2306f3bb9ff2a5cc818547ddaf279.jpg,0,2119
C:\Users\16610\Desktop\.workbuddy\.workbuddy\saint_george_classifier\data\raw\non_georges\20018cf9d2800ee63ba9bbb6d1cad04d.jpg,0,2120
C:\Users\16610\Desktop\.workbuddy\.workbuddy\saint_george_classifier\data\raw\non_georges\200b39d63fab9669bd46a55927a2db1b.jpg,0,2121
C:\Users\16610\Desktop\.workbuddy\.workbuddy\saint_george_classifier\data\raw\non_georges\201329f0dd48c033324d6313d9476115.jpg,0,2122
C:\Users\16610\Desktop\.workbuddy\.workbuddy\saint_george_classifier\data\raw\non_georges\201e89536fe2e8808d71b34c11886886.jpg,0,2123
C:\Users\16610\Desktop\.workbuddy\.workbuddy\saint_george_classifier\data\raw\non_georges\2024ac90713170477bc550cf4d441eda.jpg,0,2124
C:\Users\16610\Desktop\.workbuddy\.workbuddy\saint_george_classifier\data\raw\non_georges\20571a88afdb2a09352c34d69775a857.jpg,0,2125
C:\Users\16610\Desktop\.workbuddy\.workbuddy\saint_george_classifier\data\raw\non_georges\2069b735fc88d229aaa951012d0907ff.jpg,0,2126
C:\Users\16610\Desktop\.workbuddy\.workbuddy\saint_george_classifier\data\raw\non_georges\20804266ccbf0cebc297033d003689b5.jpg,0,2129
C:\Users\16610\Desktop\.workbuddy\.workbuddy\saint_george_classifier\data\raw\non_georges\2080a7736aae5309f60519202f3b2bbb.jpg,0,2130
C:\Users\16610\Desktop\.workbuddy\.workbuddy\saint_george_classifier\data\raw\non_georges\2089a58ae4f9e2247d99cc7b11d6b5da.jpg,0,2131
C:\Users\16610\Desktop\.workbuddy\.workbuddy\saint_george_classifier\data\raw\non_georges\20d970cc3b04b810423c3ca49cd78c5f.jpg,0,2133
C:\Users\16610\Desktop\.workbuddy\.workbuddy\saint_george_classifier\data\raw\non_georges\20ef34bb4c89ef54e62831c1368a50d3.jpg,0,2135
C:\Users\16610\Desktop\.workbuddy\.workbuddy\saint_george_classifier\data\raw\non_georges\2105f4df2f779c613c380cf7bfd3e440.jpg,0,2136
C:\Users\16610\Desktop\.workbuddy\.workbuddy\saint_george_classifier\data\raw\non_georges\2119bc060f3e63891eb9c0c27c83a8a3.jpg,0,2137
C:\Users\16610\Desktop\.workbuddy\.workbuddy\saint_george_classifier\data\raw\non_georges\2150b9e61aef44ce2cb9797c2de34cea.jpg,0,2138
C:\Users\16610\Desktop\.workbuddy\.workbuddy\saint_george_classifier\data\raw\non_georges\2168a23414281f3ef7d6af0465dbbc79.jpg,0,2139
C:\Users\16610\Desktop\.workbuddy\.workbuddy\saint_george_classifier\data\raw\non_georges\219be8239570b5dd8b80272c07c3f4ce.jpg,0,2141
C:\Users\16610\Desktop\.workbuddy\.workbuddy\saint_george_classifier\data\raw\non_georges\21b0389e3c87ed452cfab39361b1d775.jpg,0,2142
C:\Users\16610\Desktop\.workbuddy\.workbuddy\saint_george_classifier\data\raw\non_georges\21b0ec0b4d78a9f1e49e6bfb79133684.jpg,0,2143
C:\Users\16610\Desktop\.workbuddy\.workbuddy\saint_george_classifier\data\raw\non_georges\21b326ede8e0f92fb3cf49a092d68993.jpg,0,2090
C:\Users\16610\Desktop\.workbuddy\.workbuddy\saint_george_classifier\data\raw\non_georges\21cbc3ea43d11deda5ec68c5ad99b474.jpg,0,2145
C:\Users\16610\Desktop\.workbuddy\.workbuddy\saint_george_classifier\data\raw\non_georges\21d872da5580d702a92329ae051364d7.jpg,0,2146
C:\Users\16610\Desktop\.workbuddy\.workbuddy\saint_george_classifier\data\raw\non_georges\21db5236905a337bb19dd16225d8eb8a.jpg,0,2147
C:\Users\16610\Desktop\.workbuddy\.workbuddy\saint_george_classifier\data\raw\non_georges\21eba1451d16b5645bce10a30c202948.jpg,0,2148
C:\Users\16610\Desktop\.workbuddy\.workbuddy\saint_george_classifier\data\raw\non_georges\220a47dde80f7126159ab78a08603b4a.jpg,0,2151
C:\Users\16610\Desktop\.workbuddy\.workbuddy\saint_george_classifier\data\raw\non_georges\2216c68ea407339fb654462babe04c2e.jpg,0,2153
C:\Users\16610\Desktop\.workbuddy\.workbuddy\saint_george_classifier\data\raw\non_georges\22452059c6901ed1cfe7aba97b55bace.jpg,0,2154
C:\Users\16610\Desktop\.workbuddy\.workbuddy\saint_george_classifier\data\raw\non_georges\228577f708f5de712abcaeef66fdaaf1.jpg,0,2156
C:\Users\16610\Desktop\.workbuddy\.workbuddy\saint_george_classifier\data\raw\non_georges\2288890fccf37fa9b7c942cb1ed13ee5.jpg,0,2157
C:\Users\16610\Desktop\.workbuddy\.workbuddy\saint_george_classifier\data\raw\non_georges\22b2ddf7b16577b900ea1fc5ef9c35a7.jpg,0,2158
C:\Users\16610\Desktop\.workbuddy\.workbuddy\saint_george_classifier\data\raw\non_georges\2308eb2ea030b02197e831b8b7706036.jpg,0,2159
C:\Users\16610\Desktop\.workbuddy\.workbuddy\saint_george_classifier\data\raw\non_georges\230dfbc6a58ce7eccd87dc6b3246bf47.jpg,0,2160
C:\Users\16610\Desktop\.workbuddy\.workbuddy\saint_george_classifier\data\raw\non_georges\23110b2f1df111505267d9ec61082e90.jpg,0,2161
C:\Users\16610\Desktop\.workbuddy\.workbuddy\saint_george_classifier\data\raw\non_georges\2330333b3ed3e22c4962100f8da301f1.jpg,0,2162
C:\Users\16610\Desktop\.workbuddy\.workbuddy\saint_george_classifier\data\raw\non_georges\235af290f27c18f03b0bc133089c709c.jpg,0,2163
C:\Users\16610\Desktop\.workbuddy\.workbuddy\saint_george_classifier\data\raw\non_georges\23aa7412cf7b5056476a35e183b2a3f8.jpg,0,2164
C:\Users\16610\Desktop\.workbuddy\.workbuddy\saint_george_classifier\data\raw\non_georges\23b8cd463a8fc8f79aecc05023dcb173.jpg,0,2165
C:\Users\16610\Desktop\.workbuddy\.workbuddy\saint_george_classifier\data\raw\non_georges\24110581be74fb0f2ef3aec13ff09101.jpg,0,2168
C:\Users\16610\Desktop\.workbuddy\.workbuddy\saint_george_classifier\data\raw\non_georges\24390cde66428de2f1108575eba847d1.jpg,0,2170
C:\Users\16610\Desktop\.workbuddy\.workbuddy\saint_george_classifier\data\raw\non_georges\250070d904787f237911d41625b5623a.jpg,0,2171
C:\Users\16610\Desktop\.workbuddy\.workbuddy\saint_george_classifier\data\raw\non_georges\25167859113a69b84be84769306b20e3.jpg,0,2172
C:\Users\16610\Desktop\.workbuddy\.workbuddy\saint_george_classifier\data\raw\non_georges\259cd4384932eead70c0bdd090e87d32.jpg,0,2174
C:\Users\16610\Desktop\.workbuddy\.workbuddy\saint_george_classifier\data\raw\non_georges\25eac6ae6da099a06975ffc3442859f1.jpg,0,2176
C:\Users\16610\Desktop\.workbuddy\.workbuddy\saint_george_classifier\data\raw\non_georges\265c03d51de15465db3325d65da17f1e.jpg,0,2177
C:\Users\16610\Desktop\.workbuddy\.workbuddy\saint_george_classifier\data\raw\non_georges\266798d07a4d75d91342d29ac933dd34.jpg,0,2179
C:\Users\16610\Desktop\.workbuddy\.workbuddy\saint_george_classifier\data\raw\non_georges\26737eb95e52d8504c5d512c98199442.jpg,0,2181
C:\Users\16610\Desktop\.workbuddy\.workbuddy\saint_george_classifier\data\raw\non_georges\267f78ec728e12af74a5b4eb16e9c932.jpg,0,2182
C:\Users\16610\Desktop\.workbuddy\.workbuddy\saint_george_classifier\data\raw\non_georges\268c8c647aea1119fdbe97a29812c3cd.jpg,0,2183
C:\Users\16610\Desktop\.workbuddy\.workbuddy\saint_george_classifier\data\raw\non_georges\26a614b09840f27c8b2b0b394dcadd46.jpg,0,2184
C:\Users\16610\Desktop\.workbuddy\.workbuddy\saint_george_classifier\data\raw\non_georges\26b5ddd831c3667976c2499742ab191d.jpg,0,2185
C:\Users\16610\Desktop\.workbuddy\.workbuddy\saint_george_classifier\data\raw\non_georges\26ba1de70b09badd97900d7e42aa274d.jpg,0,2186
C:\Users\16610\Desktop\.workbuddy\.workbuddy\saint_george_classifier\data\raw\non_georges\26ea988a7b287a0f189d403deed0a989.jpg,0,2188
C:\Users\16610\Desktop\.workbuddy\.workbuddy\saint_george_classifier\data\raw\non_georges\26fc1e541478f8ba769f1427b721a0d6.jpg,0,2190
C:\Users\16610\Desktop\.workbuddy\.workbuddy\saint_george_classifier\data\raw\non_georges\27232a150b31fc798d2669f0b619934a.jpg,0,2191
C:\Users\16610\Desktop\.workbuddy\.workbuddy\saint_george_classifier\data\raw\non_georges\2752a21d52e2df3cf266c23fcb47df02.jpg,0,2192
C:\Users\16610\Desktop\.workbuddy\.workbuddy\saint_george_classifier\data\raw\non_georges\2776ec2dd506cda15ec874c463a5431c.jpg,0,2193
C:\Users\16610\Desktop\.workbuddy\.workbuddy\saint_george_classifier\data\raw\non_georges\27811ae0501e6cdebdc3adeeebabc060.jpg,0,2194
C:\Users\16610\Desktop\.workbuddy\.workbuddy\saint_george_classifier\data\raw\non_georges\27877fd85b50d5412500fe7dc5625bd2.jpg,0,2195
C:\Users\16610\Desktop\.workbuddy\.workbuddy\saint_george_classifier\data\raw\non_georges\278ae6beeed8f51b38181b840469e16f.jpg,0,2196
C:\Users\16610\Desktop\.workbuddy\.workbuddy\saint_george_classifier\data\raw\non_georges\279813439cb7896b54aa43bef702a459.jpg,0,2197
C:\Users\16610\Desktop\.workbuddy\.workbuddy\saint_george_classifier\data\raw\non_georges\27ab99a7700f6db6e640bf8aaa56b982.jpg,0,2198
C:\Users\16610\Desktop\.workbuddy\.workbuddy\saint_george_classifier\data\raw\non_georges\27adc5683cf3c31e8dcc5ed0578b3b98.jpg,0,2199
C:\Users\16610\Desktop\.workbuddy\.workbuddy\saint_george_classifier\data\raw\non_georges\27c88a39619bfd13142dc42788789b65.jpg,0,2201
C:\Users\16610\Desktop\.workbuddy\.workbuddy\saint_george_classifier\data\raw\non_georges\27c8b6536a15decc309538d9b7db8e43.jpg,0,2202
C:\Users\16610\Desktop\.workbuddy\.workbuddy\saint_george_classifier\data\raw\non_georges\280f8b47764f296ad23976daff787773.jpg,0,2205
C:\Users\16610\Desktop\.workbuddy\.workbuddy\saint_george_classifier\data\raw\non_georges\282b2d0df0454117513c72620e4f262a.jpg,0,2206
C:\Users\16610\Desktop\.workbuddy\.workbuddy\saint_george_classifier\data\raw\non_georges\28447278c8a775137f4a3fac679f662b.jpg,0,2207
C:\Users\16610\Desktop\.workbuddy\.workbuddy\saint_george_classifier\data\raw\non_georges\286a3e84339759ab368f611d918b6399.jpg,0,2208
C:\Users\16610\Desktop\.workbuddy\.workbuddy\saint_george_classifier\data\raw\non_georges\286ff2bd9184564b28c67fb326659e5f.jpg,0,2209
C:\Users\16610\Desktop\.workbuddy\.workbuddy\saint_george_classifier\data\raw\non_georges\288421af6a2a039b930d6105347c27b1.jpg,0,2210
C:\Users\16610\Desktop\.workbuddy\.workbuddy\saint_george_classifier\data\raw\non_georges\288482b4f57f93269bfdc57751b1bef8.jpg,0,2211
C:\Users\16610\Desktop\.workbuddy\.workbuddy\saint_george_classifier\data\raw\non_georges\2891ad8c236fa18da57147185a2c4e48.jpg,0,2212
C:\Users\16610\Desktop\.workbuddy\.workbuddy\saint_george_classifier\data\raw\non_georges\28a861ed22868db3c54e4e801ab67401.jpg,0,2213
C:\Users\16610\Desktop\.workbuddy\.workbuddy\saint_george_classifier\data\raw\non_georges\28d496660cbf7638111886cac09df6e2.jpg,0,2214
C:\Users\16610\Desktop\.workbuddy\.workbuddy\saint_george_classifier\data\raw\non_georges\28dbcf781b2bfb3e338da497922cde8e.jpg,0,2215
C:\Users\16610\Desktop\.workbuddy\.workbuddy\saint_george_classifier\data\raw\non_georges\28e2a407f935c9b8a0427b3e94895a6b.jpg,0,2216
C:\Users\16610\Desktop\.workbuddy\.workbuddy\saint_george_classifier\data\raw\non_georges\28f18abc5d5c40aa9ed8e956c8c78138.jpg,0,2217
C:\Users\16610\Desktop\.workbuddy\.workbuddy\saint_george_classifier\data\raw\non_georges\2914ddf94cadbeaeff2c86ac9b78b7f7.jpg,0,2218
C:\Users\16610\Desktop\.workbuddy\.workbuddy\saint_george_classifier\data\raw\non_georges\2925735fd529f363803ff5651dda6af9.jpg,0,2219
C:\Users\16610\Desktop\.workbuddy\.workbuddy\saint_george_classifier\data\raw\non_georges\2954138c390bfb574f37b47cc8c2c54d.jpg,0,2220
C:\Users\16610\Desktop\.workbuddy\.workbuddy\saint_george_classifier\data\raw\non_georges\29565e177590a5f5cdffd68f150fc71d.jpg,0,2221
C:\Users\16610\Desktop\.workbuddy\.workbuddy\saint_george_classifier\data\raw\non_georges\299ddd956d094ac4109610591435d784.jpg,0,2223
C:\Users\16610\Desktop\.workbuddy\.workbuddy\saint_george_classifier\data\raw\non_georges\299f40ea1e463feb26ac41345bf63418.jpg,0,2224
C:\Users\16610\Desktop\.workbuddy\.workbuddy\saint_george_classifier\data\raw\non_georges\29ac6f4a764564ba0d20ce0d41a40c3d.jpg,0,2225
C:\Users\16610\Desktop\.workbuddy\.workbuddy\saint_george_classifier\data\raw\non_georges\29d1ec4c15e1f150f3b8ff6a52a865ad.jpg,0,2227
C:\Users\16610\Desktop\.workbuddy\.workbuddy\saint_george_classifier\data\raw\non_georges\2a24c4b2561dd0def197fbd82fa62336.jpg,0,2229
C:\Users\16610\Desktop\.workbuddy\.workbuddy\saint_george_classifier\data\raw\non_georges\2a2c5c555a14294ac80d1dbe6d56c966.jpg,0,2230
C:\Users\16610\Desktop\.workbuddy\.workbuddy\saint_george_classifier\data\raw\non_georges\2a3b9e9cfa1fd9527afb466572b5d9ae.jpg,0,2231
C:\Users\16610\Desktop\.workbuddy\.workbuddy\saint_george_classifier\data\raw\non_georges\2a469cd64770cbe5d4bfc313004ecbf0.jpg,0,2232
C:\Users\16610\Desktop\.workbuddy\.workbuddy\saint_george_classifier\data\raw\non_georges\2a54904d4af440fb6808a274b6ad5e70.jpg,0,2233
C:\Users\16610\Desktop\.workbuddy\.workbuddy\saint_george_classifier\data\raw\non_georges\2a54aac2b9748cbd2c7b32808b358b86.jpg,0,2234
C:\Users\16610\Desktop\.workbuddy\.workbuddy\saint_george_classifier\data\raw\non_georges\2a74d5a08158c6cd76e01a5f2c5b63c9.jpg,0,2235
C:\Users\16610\Desktop\.workbuddy\.workbuddy\saint_george_classifier\data\raw\non_georges\2a830b74049b9f3039c4d1f03a775d00.jpg,0,2236
C:\Users\16610\Desktop\.workbuddy\.workbuddy\saint_george_classifier\data\raw\non_georges\2a86e6a7f4e4bc8a37871744a50cb450.jpg,0,2237
C:\Users\16610\Desktop\.workbuddy\.workbuddy\saint_george_classifier\data\raw\non_georges\2a8e175f10a052e73a5c3e78a8f4b2ec.jpg,0,2238
C:\Users\16610\Desktop\.workbuddy\.workbuddy\saint_george_classifier\data\raw\non_georges\2a91635a237b616b2559a0bb047e3fdc.jpg,0,2239
C:\Users\16610\Desktop\.workbuddy\.workbuddy\saint_george_classifier\data\raw\non_georges\2aa844f434d20d60c3e9d2bd8c937e89.jpg,0,2240
C:\Users\16610\Desktop\.workbuddy\.workbuddy\saint_george_classifier\data\raw\non_georges\2ae301a76bfe245036d442ef610f4677.jpg,0,2243
C:\Users\16610\Desktop\.workbuddy\.workbuddy\saint_george_classifier\data\raw\non_georges\2aeaf882c75491a4a3ce7c62e7d3390d.jpg,0,2244
C:\Users\16610\Desktop\.workbuddy\.workbuddy\saint_george_classifier\data\raw\non_georges\2b3f7a229403a18c531221ddd8974bda.jpg,0,2245
C:\Users\16610\Desktop\.workbuddy\.workbuddy\saint_george_classifier\data\raw\non_georges\2b602223201b603ec93a0fa4e417efcb.jpg,0,2247
C:\Users\16610\Desktop\.workbuddy\.workbuddy\saint_george_classifier\data\raw\non_georges\2b8e3ba4725a7f8d079beac353741b21.jpg,0,2248
C:\Users\16610\Desktop\.workbuddy\.workbuddy\saint_george_classifier\data\raw\non_georges\2bb1aad96052c50669e867cd5f0068a8.jpg,0,2249
C:\Users\16610\Desktop\.workbuddy\.workbuddy\saint_george_classifier\data\raw\non_georges\2bc32114568d21427fd6c1ed8a30c192.jpg,0,2250
C:\Users\16610\Desktop\.workbuddy\.workbuddy\saint_george_classifier\data\raw\non_georges\2bd638cc8887d97a5751abd6803d70d2.jpg,0,2251
C:\Users\16610\Desktop\.workbuddy\.workbuddy\saint_george_classifier\data\raw\non_georges\2c2d56809c8171cf5381c891297bf876.jpg,0,2254
C:\Users\16610\Desktop\.workbuddy\.workbuddy\saint_george_classifier\data\raw\non_georges\2c319213af67e52d01a6b5689865d627.jpg,0,2255
C:\Users\16610\Desktop\.workbuddy\.workbuddy\saint_george_classifier\data\raw\non_georges\2c5e64ce8489c48a3c7ddd0096cfb41a.jpg,0,2257
C:\Users\16610\Desktop\.workbuddy\.workbuddy\saint_george_classifier\data\raw\non_georges\2c963e07e1ac8fa1bb2b530ea9d040f6.jpg,0,2258
C:\Users\16610\Desktop\.workbuddy\.workbuddy\saint_george_classifier\data\raw\non_georges\2cb4aa8a4e3d850ca7fd577119d3e1c5.jpg,0,2259
C:\Users\16610\Desktop\.workbuddy\.workbuddy\saint_george_classifier\data\raw\non_georges\2cbf5c0538ddb80bdaf07b038aa5f0c2.jpg,0,2260
C:\Users\16610\Desktop\.workbuddy\.workbuddy\saint_george_classifier\data\raw\non_georges\2ce05fc0c48f0c7d62e43190f8035197.jpg,0,2261
C:\Users\16610\Desktop\.workbuddy\.workbuddy\saint_george_classifier\data\raw\non_georges\2cf491a8ff912147edaebd42a25ebd51.jpg,0,2262
C:\Users\16610\Desktop\.workbuddy\.workbuddy\saint_george_classifier\data\raw\non_georges\2d0c7ba478969ff14e66793e5b816dde.jpg,0,2263
C:\Users\16610\Desktop\.workbuddy\.workbuddy\saint_george_classifier\data\raw\non_georges\2d14265cc3cf687c01fda7db6dfb303e.jpg,0,2264
C:\Users\16610\Desktop\.workbuddy\.workbuddy\saint_george_classifier\data\raw\non_georges\2d2854a48eff78b92cdd99fa02f2fd8b.jpg,0,2265
C:\Users\16610\Desktop\.workbuddy\.workbuddy\saint_george_classifier\data\raw\non_georges\2d36b2276d627e691d45c4dcb7305e25.jpg,0,2268
C:\Users\16610\Desktop\.workbuddy\.workbuddy\saint_george_classifier\data\raw\non_georges\2d37e91a8dd4265927bbffd55d9257ec.jpg,0,2269
C:\Users\16610\Desktop\.workbuddy\.workbuddy\saint_george_classifier\data\raw\non_georges\2d3db5b83b6775d2cb28551bf913c399.jpg,0,2270
C:\Users\16610\Desktop\.workbuddy\.workbuddy\saint_george_classifier\data\raw\non_georges\2d4eb512b6f117238e227ae3a0b693f5.jpg,0,2271
C:\Users\16610\Desktop\.workbuddy\.workbuddy\saint_george_classifier\data\raw\non_georges\2d9fc2154dadcbea1a621872647b48aa.jpg,0,2274
C:\Users\16610\Desktop\.workbuddy\.workbuddy\saint_george_classifier\data\raw\non_georges\2da9f1aefea1af1eedb1c30d2f065418.jpg,0,2275
C:\Users\16610\Desktop\.workbuddy\.workbuddy\saint_george_classifier\data\raw\non_georges\2daa7460d9ca0cd75c8f282134d20d62.jpg,0,2276
C:\Users\16610\Desktop\.workbuddy\.workbuddy\saint_george_classifier\data\raw\non_georges\2db69e8f05b3e61762d9380729e7c88c.jpg,0,2278
C:\Users\16610\Desktop\.workbuddy\.workbuddy\saint_george_classifier\data\raw\non_georges\2dc74694093f2d06c6aa042369734385.jpg,0,2279
C:\Users\16610\Desktop\.workbuddy\.workbuddy\saint_george_classifier\data\raw\non_georges\2df5b8b8ef7e0b8e326c0d1001860eab.jpg,0,2280
C:\Users\16610\Desktop\.workbuddy\.workbuddy\saint_george_classifier\data\raw\non_georges\2e4983c92c42c1fc341f9baaabe4b61f.jpg,0,2282
C:\Users\16610\Desktop\.workbuddy\.workbuddy\saint_george_classifier\data\raw\non_georges\2e4e741c68d8183e8fc08d20ec6e4791.jpg,0,2283
C:\Users\16610\Desktop\.workbuddy\.workbuddy\saint_george_classifier\data\raw\non_georges\2e66edd095a9ab0eeccb74b0c65297d1.jpg,0,2284
C:\Users\16610\Desktop\.workbuddy\.workbuddy\saint_george_classifier\data\raw\non_georges\2e789139dceab631561b952c5358ff6d.jpg,0,2285
C:\Users\16610\Desktop\.workbuddy\.workbuddy\saint_george_classifier\data\raw\non_georges\2e873a34346181327731c1f83738dda5.jpg,0,1926
C:\Users\16610\Desktop\.workbuddy\.workbuddy\saint_george_classifier\data\raw\non_georges\2e87f8fd55f58925d28fe64e7870f6f7.jpg,0,2286
C:\Users\16610\Desktop\.workbuddy\.workbuddy\saint_george_classifier\data\raw\non_georges\2e8ca9f025290d1a18f82d8a3b1b83fa.jpg,0,2287
C:\Users\16610\Desktop\.workbuddy\.workbuddy\saint_george_classifier\data\raw\non_georges\2e9274519235201b4ba245814640d1ba.jpg,0,2288
C:\Users\16610\Desktop\.workbuddy\.workbuddy\saint_george_classifier\data\raw\non_georges\2ea55aa2bdbe381d9efcc2898684b83d.jpg,0,2289
C:\Users\16610\Desktop\.workbuddy\.workbuddy\saint_george_classifier\data\raw\non_georges\2ec512f099407714e040b342a6d163f3.jpg,0,2290
C:\Users\16610\Desktop\.workbuddy\.workbuddy\saint_george_classifier\data\raw\non_georges\2ecb49d1f9805b3795fb7f8af0e6cbd4.jpg,0,2291
C:\Users\16610\Desktop\.workbuddy\.workbuddy\saint_george_classifier\data\raw\non_georges\2ed1bc92e9b1347cdf9e21f3e135c399.jpg,0,2292
C:\Users\16610\Desktop\.workbuddy\.workbuddy\saint_george_classifier\data\raw\non_georges\2eeda2d0a41f3b54e30f28a42790602d.jpg,0,2293
C:\Users\16610\Desktop\.workbuddy\.workbuddy\saint_george_classifier\data\raw\non_georges\2eee1de7ceaa40979ced9bda06245f02.jpg,0,2294
C:\Users\16610\Desktop\.workbuddy\.workbuddy\saint_george_classifier\data\raw\non_georges\2effb5f90e470aa6a9f58a55c6f60061.jpg,0,2295
C:\Users\16610\Desktop\.workbuddy\.workbuddy\saint_george_classifier\data\raw\non_georges\2f025c73a832fecdcf5a1cd37f41bcfa.jpg,0,2296
C:\Users\16610\Desktop\.workbuddy\.workbuddy\saint_george_classifier\data\raw\non_georges\2f113640a1bd0d88430d0b13474573ee.jpg,0,2298
C:\Users\16610\Desktop\.workbuddy\.workbuddy\saint_george_classifier\data\raw\non_georges\2f35a2f90396f6cdf2ec3120d21d92f1.jpg,0,2299
C:\Users\16610\Desktop\.workbuddy\.workbuddy\saint_george_classifier\data\raw\non_georges\2f508f83e9b30b27be6b8d4bd483e1f0.jpg,0,2300
C:\Users\16610\Desktop\.workbuddy\.workbuddy\saint_george_classifier\data\raw\non_georges\2f698c71eba4544940940b829ded41d0.jpg,0,2301
C:\Users\16610\Desktop\.workbuddy\.workbuddy\saint_george_classifier\data\raw\non_georges\2fabe0d4228ac4d92590d3b337f837d6.jpg,0,2303
C:\Users\16610\Desktop\.workbuddy\.workbuddy\saint_george_classifier\data\raw\non_georges\2fb47164a2ac3cbbc045c0236af1e6f9.jpg,0,2304
C:\Users\16610\Desktop\.workbuddy\.workbuddy\saint_george_classifier\data\raw\non_georges\2fe60a4d7854cacb0f0e4d41eb8d423d.jpg,0,2306
C:\Users\16610\Desktop\.workbuddy\.workbuddy\saint_george_classifier\data\raw\non_georges\2fed73e0bf05a743a6e03322246e8ec1.jpg,0,2307
C:\Users\16610\Desktop\.workbuddy\.workbuddy\saint_george_classifier\data\raw\non_georges\300fe63d792a5f6725c1672a450602a8.jpg,0,2308
C:\Users\16610\Desktop\.workbuddy\.workbuddy\saint_george_classifier\data\raw\non_georges\30146748a1e8d78f5625bd15fe84dc6e.jpg,0,2309
C:\Users\16610\Desktop\.workbuddy\.workbuddy\saint_george_classifier\data\raw\non_georges\301670c6dc20093f5eeb116f80e115d2.jpg,0,2310
C:\Users\16610\Desktop\.workbuddy\.workbuddy\saint_george_classifier\data\raw\non_georges\301fd707e4efca3e8326a1f7a9fa9f8f.jpg,0,2311
C:\Users\16610\Desktop\.workbuddy\.workbuddy\saint_george_classifier\data\raw\non_georges\30279aaebf7f50f1334a30cd7f79fae2.jpg,0,2312
C:\Users\16610\Desktop\.workbuddy\.workbuddy\saint_george_classifier\data\raw\non_georges\30629669c6bc66d6726b497205eec421.jpg,0,2313
C:\Users\16610\Desktop\.workbuddy\.workbuddy\saint_george_classifier\data\raw\non_georges\30690d1958d2d1c9e094ec2a463d185e.jpg,0,2314
C:\Users\16610\Desktop\.workbuddy\.workbuddy\saint_george_classifier\data\raw\non_georges\3083315967c19b9bd2202afa089eb2c2.jpg,0,2315
C:\Users\16610\Desktop\.workbuddy\.workbuddy\saint_george_classifier\data\raw\non_georges\30a79bdadec69dc127c3976b5d5dfbd5.jpg,0,2317
C:\Users\16610\Desktop\.workbuddy\.workbuddy\saint_george_classifier\data\raw\non_georges\30c3cb56a1da7d4d1c037ea1bb77b16f.jpg,0,2318
C:\Users\16610\Desktop\.workbuddy\.workbuddy\saint_george_classifier\data\raw\non_georges\310011c78396a06fce0aa89407481e21.jpg,0,2319
C:\Users\16610\Desktop\.workbuddy\.workbuddy\saint_george_classifier\data\raw\non_georges\311baed2c0720ed6c4e4f3bea38dadcd.jpg,0,2320
C:\Users\16610\Desktop\.workbuddy\.workbuddy\saint_george_classifier\data\raw\non_georges\312cf913e17e6377d53784b0c2097cd6.jpg,0,2321
C:\Users\16610\Desktop\.workbuddy\.workbuddy\saint_george_classifier\data\raw\non_georges\3132aeaaf743af25d755336348fc5c12.jpg,0,2322
C:\Users\16610\Desktop\.workbuddy\.workbuddy\saint_george_classifier\data\raw\non_georges\313ffb9167a3189b831af76a6472e2fd.jpg,0,2323
C:\Users\16610\Desktop\.workbuddy\.workbuddy\saint_george_classifier\data\raw\non_georges\3142aa7f121d414942360ddc0341024c.jpg,0,2324
C:\Users\16610\Desktop\.workbuddy\.workbuddy\saint_george_classifier\data\raw\non_georges\3163793135fa1fdf3da12ea16e82a099.jpg,0,2325
C:\Users\16610\Desktop\.workbuddy\.workbuddy\saint_george_classifier\data\raw\non_georges\317ab2ce4d033c8d3475a13ce1f6ca68.jpg,0,2326
C:\Users\16610\Desktop\.workbuddy\.workbuddy\saint_george_classifier\data\raw\non_georges\318b7dc79bc525e61d950ffe88960e34.jpg,0,2327
C:\Users\16610\Desktop\.workbuddy\.workbuddy\saint_george_classifier\data\raw\non_georges\31927dec020ff329295abfdeceb6284a.jpg,0,2328
C:\Users\16610\Desktop\.workbuddy\.workbuddy\saint_george_classifier\data\raw\non_georges\3199eb03d8b5ab51a21958e40018d064.jpg,0,2329
C:\Users\16610\Desktop\.workbuddy\.workbuddy\saint_george_classifier\data\raw\non_georges\319e05fd01a13e177b4114f5cc2d83a6.jpg,0,2330
C:\Users\16610\Desktop\.workbuddy\.workbuddy\saint_george_classifier\data\raw\non_georges\31a0d9121bd334458f27559d74ce4b8d.jpg,0,2331
C:\Users\16610\Desktop\.workbuddy\.workbuddy\saint_george_classifier\data\raw\non_georges\31b038620979b3281932e6a442549fd5.jpg,0,2332
C:\Users\16610\Desktop\.workbuddy\.workbuddy\saint_george_classifier\data\raw\non_georges\31b700fee0926a220d74169d4f895f8a.jpg,0,2333
C:\Users\16610\Desktop\.workbuddy\.workbuddy\saint_george_classifier\data\raw\non_georges\31fdbd1b377eafb42a7fe39588d331b6.jpg,0,2336
C:\Users\16610\Desktop\.workbuddy\.workbuddy\saint_george_classifier\data\raw\non_georges\3224cac29b72e9b828bae4f2798b58af.jpg,0,2338
C:\Users\16610\Desktop\.workbuddy\.workbuddy\saint_george_classifier\data\raw\non_georges\3234d95b6c8bbb4b8a6bd7a7998a3ddd.jpg,0,2339
C:\Users\16610\Desktop\.workbuddy\.workbuddy\saint_george_classifier\data\raw\non_georges\325f007fe1e7256fff0939ec2089cdf9.jpg,0,2340
C:\Users\16610\Desktop\.workbuddy\.workbuddy\saint_george_classifier\data\raw\non_georges\32d30cdcab7bb08ffa789d9f0be2898e.jpg,0,2342
C:\Users\16610\Desktop\.workbuddy\.workbuddy\saint_george_classifier\data\raw\non_georges\32d7876ad2bd0474218474196a890da8.jpg,0,2343
C:\Users\16610\Desktop\.workbuddy\.workbuddy\saint_george_classifier\data\raw\non_georges\32da086daa4104b0db53a4a0ca1c0f96.jpg,0,2344
C:\Users\16610\Desktop\.workbuddy\.workbuddy\saint_george_classifier\data\raw\non_georges\32e11fd635c4ebf18fe75f0b6e5358b4.jpg,0,2345
C:\Users\16610\Desktop\.workbuddy\.workbuddy\saint_george_classifier\data\raw\non_georges\32fefa853c5595b661facf72601b87e3.jpg,0,2346
C:\Users\16610\Desktop\.workbuddy\.workbuddy\saint_george_classifier\data\raw\non_georges\3327998bcbd8b9419464ea768ad67215.jpg,0,2347
C:\Users\16610\Desktop\.workbuddy\.workbuddy\saint_george_classifier\data\raw\non_georges\332b6451543259600659cfcdb5d738a3.jpg,0,2348
C:\Users\16610\Desktop\.workbuddy\.workbuddy\saint_george_classifier\data\raw\non_georges\3338089bf6119a2ac4360d8c1ecb0da9.jpg,0,2349
C:\Users\16610\Desktop\.workbuddy\.workbuddy\saint_george_classifier\data\raw\non_georges\335d1cb971abe23b55be1af2ae42a95f.jpg,0,2350
C:\Users\16610\Desktop\.workbuddy\.workbuddy\saint_george_classifier\data\raw\non_georges\3371708887e0e05248f732d70984b544.jpg,0,2351
C:\Users\16610\Desktop\.workbuddy\.workbuddy\saint_george_classifier\data\raw\non_georges\33ab5318a7c111ca05b49b98487e7e4b.jpg,0,2352
C:\Users\16610\Desktop\.workbuddy\.workbuddy\saint_george_classifier\data\raw\non_georges\33b65fef141b7dd31737f84e8dda02f8.jpg,0,2353
C:\Users\16610\Desktop\.workbuddy\.workbuddy\saint_george_classifier\data\raw\non_georges\33c04612fe7e808f2af5f58e7e66e6f6.jpg,0,2354
C:\Users\16610\Desktop\.workbuddy\.workbuddy\saint_george_classifier\data\raw\non_georges\33c34065cf5edc54715d8a2b7fbd847c.jpg,0,2355
C:\Users\16610\Desktop\.workbuddy\.workbuddy\saint_george_classifier\data\raw\non_georges\3405cf5a87f7a0316ea4ff1e02a4fddc.jpg,0,2356
C:\Users\16610\Desktop\.workbuddy\.workbuddy\saint_george_classifier\data\raw\non_georges\343862bb1ea29082c7320f099bf10bb2.jpg,0,2358
C:\Users\16610\Desktop\.workbuddy\.workbuddy\saint_george_classifier\data\raw\non_georges\344e1bb6d637de8a30624c5f33e31ec5.jpg,0,2359
C:\Users\16610\Desktop\.workbuddy\.workbuddy\saint_george_classifier\data\raw\non_georges\345a4681ecaa07ad8681bfc5aab51203.jpg,0,2360
C:\Users\16610\Desktop\.workbuddy\.workbuddy\saint_george_classifier\data\raw\non_georges\3466116fe140191222fdd958b356fc92.jpg,0,2361
C:\Users\16610\Desktop\.workbuddy\.workbuddy\saint_george_classifier\data\raw\non_georges\346e157eeb1bbc58cd93dcbf4769c551.jpg,0,2362
C:\Users\16610\Desktop\.workbuddy\.workbuddy\saint_george_classifier\data\raw\non_georges\348a5f156e3d27776eee2600333c0bff.jpg,0,2363
C:\Users\16610\Desktop\.workbuddy\.workbuddy\saint_george_classifier\data\raw\non_georges\349bbfaa7888430a1d1274bfcc60371c.jpg,0,2366
C:\Users\16610\Desktop\.workbuddy\.workbuddy\saint_george_classifier\data\raw\non_georges\34c901e227273d75210fada16285a76d.jpg,0,2368
C:\Users\16610\Desktop\.workbuddy\.workbuddy\saint_george_classifier\data\raw\non_georges\34dcecf719a200b71094524c8a9c4674.jpg,0,2369
C:\Users\16610\Desktop\.workbuddy\.workbuddy\saint_george_classifier\data\raw\non_georges\34f0d5df0e6293d1bd09458229b9adfe.jpg,0,2370
C:\Users\16610\Desktop\.workbuddy\.workbuddy\saint_george_classifier\data\raw\non_georges\350042a6fa85f02cb327c9fd3a5c466d.jpg,0,2371
C:\Users\16610\Desktop\.workbuddy\.workbuddy\saint_george_classifier\data\raw\non_georges\352091cd3115d590241a738a3c6d5dd0.jpg,0,2372
C:\Users\16610\Desktop\.workbuddy\.workbuddy\saint_george_classifier\data\raw\non_georges\352e4e717a51fa1d1202c5a201949f1a.jpg,0,2373
C:\Users\16610\Desktop\.workbuddy\.workbuddy\saint_george_classifier\data\raw\non_georges\3533f5006131a4c12bc75266a582079e.jpg,0,2374
C:\Users\16610\Desktop\.workbuddy\.workbuddy\saint_george_classifier\data\raw\non_georges\357ef3c816d8c8da741657749c74de0e.jpg,0,2376
C:\Users\16610\Desktop\.workbuddy\.workbuddy\saint_george_classifier\data\raw\non_georges\35b8f08eacc6201d92867c40baa4f23f.jpg,0,2379
C:\Users\16610\Desktop\.workbuddy\.workbuddy\saint_george_classifier\data\raw\non_georges\35bce4e8d5ba281b8df151f26180cc24.jpg,0,2380
C:\Users\16610\Desktop\.workbuddy\.workbuddy\saint_george_classifier\data\raw\non_georges\35e66d057ae359171c065943408f1bda.jpg,0,2381
C:\Users\16610\Desktop\.workbuddy\.workbuddy\saint_george_classifier\data\raw\non_georges\360e41f863d626144de88d79ca0b38ac.jpg,0,2385
C:\Users\16610\Desktop\.workbuddy\.workbuddy\saint_george_classifier\data\raw\non_georges\367cec003e79f823e18345a72f42c863.jpg,0,2387
C:\Users\16610\Desktop\.workbuddy\.workbuddy\saint_george_classifier\data\raw\non_georges\36de02b72af87708a8e8394aa2eacd64.jpg,0,2388
C:\Users\16610\Desktop\.workbuddy\.workbuddy\saint_george_classifier\data\raw\non_georges\36e285121dad3820759b43b2f712d5e0.jpg,0,2389
C:\Users\16610\Desktop\.workbuddy\.workbuddy\saint_george_classifier\data\raw\non_georges\36f8143304590826f1199098fffccc7a.jpg,0,2390
C:\Users\16610\Desktop\.workbuddy\.workbuddy\saint_george_classifier\data\raw\non_georges\37029b2d942a8ad8773896b906adfa18.jpg,0,2391
C:\Users\16610\Desktop\.workbuddy\.workbuddy\saint_george_classifier\data\raw\non_georges\374819c33e9892d4370af1c8165560ca.jpg,0,2393
C:\Users\16610\Desktop\.workbuddy\.workbuddy\saint_george_classifier\data\raw\non_georges\37544aa8c2969ff617eb5c18eebf72c1.jpg,0,2394
C:\Users\16610\Desktop\.workbuddy\.workbuddy\saint_george_classifier\data\raw\non_georges\37656b748b233195d3f3aa037ecb4d17.jpg,0,2395
C:\Users\16610\Desktop\.workbuddy\.workbuddy\saint_george_classifier\data\raw\non_georges\37a9035385ea3a799d4546914a346c10.jpg,0,2398
C:\Users\16610\Desktop\.workbuddy\.workbuddy\saint_george_classifier\data\raw\non_georges\37b0fb35e7b8ffb18f8aa705d4815843.jpg,0,2399
C:\Users\16610\Desktop\.workbuddy\.workbuddy\saint_george_classifier\data\raw\non_georges\37e424f1812613940c7b855d7c19ce3e.jpg,0,2401
C:\Users\16610\Desktop\.workbuddy\.workbuddy\saint_george_classifier\data\raw\non_georges\37e7ee9dab0d30983ddeb3c4f91ad1dc.jpg,0,2402
C:\Users\16610\Desktop\.workbuddy\.workbuddy\saint_george_classifier\data\raw\non_georges\37f7d65d05af14f0255a9717ab174971.jpg,0,2403
C:\Users\16610\Desktop\.workbuddy\.workbuddy\saint_george_classifier\data\raw\non_georges\383217e72d8ee5fce5be0061c6516ee8.jpg,0,2404
C:\Users\16610\Desktop\.workbuddy\.workbuddy\saint_george_classifier\data\raw\non_georges\389b273c294fe7400c993972387726e3.jpg,0,2406
C:\Users\16610\Desktop\.workbuddy\.workbuddy\saint_george_classifier\data\raw\non_georges\38b03bc7cb89b0a02c1a4d18580cbc54.jpg,0,2408
C:\Users\16610\Desktop\.workbuddy\.workbuddy\saint_george_classifier\data\raw\non_georges\38c0877a50abb1ebcd385da3e337f696.jpg,0,2409
C:\Users\16610\Desktop\.workbuddy\.workbuddy\saint_george_classifier\data\raw\non_georges\38c1bb8439fbc24c5eaf694f973d2d8e.jpg,0,2410
C:\Users\16610\Desktop\.workbuddy\.workbuddy\saint_george_classifier\data\raw\non_georges\38d7dc0b517971969c03eeb69a1bd421.jpg,0,2411
C:\Users\16610\Desktop\.workbuddy\.workbuddy\saint_george_classifier\data\raw\non_georges\38e41b2c37020c855dd2698014e7f0eb.jpg,0,2413
C:\Users\16610\Desktop\.workbuddy\.workbuddy\saint_george_classifier\data\raw\non_georges\38e7ffdf12294f37baeda442401d35fe.jpg,0,2414
C:\Users\16610\Desktop\.workbuddy\.workbuddy\saint_george_classifier\data\raw\non_georges\38e8766626076a97cceff16b89b61ffe.jpg,0,1931
C:\Users\16610\Desktop\.workbuddy\.workbuddy\saint_george_classifier\data\raw\non_georges\390638e5ab9387e276c24f795027adbd.jpg,0,2415
C:\Users\16610\Desktop\.workbuddy\.workbuddy\saint_george_classifier\data\raw\non_georges\391b7d527348271e25b1dba2f28f4db9.jpg,0,2416
C:\Users\16610\Desktop\.workbuddy\.workbuddy\saint_george_classifier\data\raw\non_georges\394a1d7651ecf674f239f6d228d5ac61.jpg,0,2417
C:\Users\16610\Desktop\.workbuddy\.workbuddy\saint_george_classifier\data\raw\non_georges\394bfcff5e682aa093866877b287a6ac.jpg,0,2418
C:\Users\16610\Desktop\.workbuddy\.workbuddy\saint_george_classifier\data\raw\non_georges\39517a0dfd0a6d028f2298ee158a75cc.jpg,0,2419
C:\Users\16610\Desktop\.workbuddy\.workbuddy\saint_george_classifier\data\raw\non_georges\3958d6a897ea88404c9be4ef6a5091c0.jpg,0,2420
C:\Users\16610\Desktop\.workbuddy\.workbuddy\saint_george_classifier\data\raw\non_georges\396a24366ca69f236cb03710b3ea9362.jpg,0,2421
C:\Users\16610\Desktop\.workbuddy\.workbuddy\saint_george_classifier\data\raw\non_georges\3979aee259756557578c11aafe6b54f0.jpg,0,2422
C:\Users\16610\Desktop\.workbuddy\.workbuddy\saint_george_classifier\data\raw\non_georges\397dbef84daa073434d30add3c085900.jpg,0,2423
C:\Users\16610\Desktop\.workbuddy\.workbuddy\saint_george_classifier\data\raw\non_georges\39845aea7887fec2a1304bbcf3af35d3.jpg,0,2424
C:\Users\16610\Desktop\.workbuddy\.workbuddy\saint_george_classifier\data\raw\non_georges\39ef8820aeffb04c7bc410854382a09f.jpg,0,2425
C:\Users\16610\Desktop\.workbuddy\.workbuddy\saint_george_classifier\data\raw\non_georges\39f74923b01afad09921007550ab9d83.jpg,0,2416
C:\Users\16610\Desktop\.workbuddy\.workbuddy\saint_george_classifier\data\raw\non_georges\3a10e67e91f8758b22c3a801640c1dc3.jpg,0,2427
C:\Users\16610\Desktop\.workbuddy\.workbuddy\saint_george_classifier\data\raw\non_georges\3a16c02f9db6c5925942ac0ce09ebcb3.jpg,0,2428
C:\Users\16610\Desktop\.workbuddy\.workbuddy\saint_george_classifier\data\raw\non_georges\3a1ecc5173798864185d19f2dc3dcee3.jpg,0,2429
C:\Users\16610\Desktop\.workbuddy\.workbuddy\saint_george_classifier\data\raw\non_georges\3a365c079bafc036756d66650df5b0f7.jpg,0,2430
C:\Users\16610\Desktop\.workbuddy\.workbuddy\saint_george_classifier\data\raw\non_georges\3a3e3e7e3a0c8f9f5c19c6d4bb6f885a.jpg,0,2432
C:\Users\16610\Desktop\.workbuddy\.workbuddy\saint_george_classifier\data\raw\non_georges\3a4210ca0d2856d20d24970c04dbceac.jpg,0,2433
C:\Users\16610\Desktop\.workbuddy\.workbuddy\saint_george_classifier\data\raw\non_georges\3a48d90e4cc642f2b6d01c8f325d7a41.jpg,0,2434
C:\Users\16610\Desktop\.workbuddy\.workbuddy\saint_george_classifier\data\raw\non_georges\3a5026c376ea16e3ccb836b5ecc3243e.jpg,0,2435
C:\Users\16610\Desktop\.workbuddy\.workbuddy\saint_george_classifier\data\raw\non_georges\3a65eb224269e5f4b6d8a3c9227e0520.jpg,0,2436
C:\Users\16610\Desktop\.workbuddy\.workbuddy\saint_george_classifier\data\raw\non_georges\3a769c260336e9c0d35042211278febb.jpg,0,2437
C:\Users\16610\Desktop\.workbuddy\.workbuddy\saint_george_classifier\data\raw\non_georges\3a77c0d208a8e5e4ce47bf1ba3a18fb2.jpg,0,2438
C:\Users\16610\Desktop\.workbuddy\.workbuddy\saint_george_classifier\data\raw\non_georges\3aa3bb34f6c8b2a37cd0c8454a3cded6.jpg,0,2439
C:\Users\16610\Desktop\.workbuddy\.workbuddy\saint_george_classifier\data\raw\non_georges\3ad3cb1d63934229627ea6d5ba9bbddb.jpg,0,2440
C:\Users\16610\Desktop\.workbuddy\.workbuddy\saint_george_classifier\data\raw\non_georges\3b1fdf96034b88a9f0f74a4c71352832.jpg,0,2441
C:\Users\16610\Desktop\.workbuddy\.workbuddy\saint_george_classifier\data\raw\non_georges\3b53e550514146f95f06b330a52e6882.jpg,0,2442
C:\Users\16610\Desktop\.workbuddy\.workbuddy\saint_george_classifier\data\raw\non_georges\3b5800bdfc115ffc581510ff7c4ea958.jpg,0,2444
C:\Users\16610\Desktop\.workbuddy\.workbuddy\saint_george_classifier\data\raw\non_georges\3b5a7c19df7642d1da99ad000968091f.jpg,0,2445
C:\Users\16610\Desktop\.workbuddy\.workbuddy\saint_george_classifier\data\raw\non_georges\3b7edb17c8cef5a97522b79eb0947dfb.jpg,0,2446
C:\Users\16610\Desktop\.workbuddy\.workbuddy\saint_george_classifier\data\raw\non_georges\3b8779bbe85d2881de0f03df07ca0e30.jpg,0,2447
C:\Users\16610\Desktop\.workbuddy\.workbuddy\saint_george_classifier\data\raw\non_georges\3b8a489daf79cb1a34285acae1c7840d.jpg,0,2448
C:\Users\16610\Desktop\.workbuddy\.workbuddy\saint_george_classifier\data\raw\non_georges\3b92e2ad64403f6e644a7b72ffd1080f.jpg,0,2449
C:\Users\16610\Desktop\.workbuddy\.workbuddy\saint_george_classifier\data\raw\non_georges\3b95156a6f344f2c4ee2727c2ddc38ce.jpg,0,2450
C:\Users\16610\Desktop\.workbuddy\.workbuddy\saint_george_classifier\data\raw\non_georges\3ba3103f73e010a390ab77c7e79df75f.jpg,0,2452
C:\Users\16610\Desktop\.workbuddy\.workbuddy\saint_george_classifier\data\raw\non_georges\3ba4dda1731e18c6b358ce2ce7f6560a.jpg,0,2453
C:\Users\16610\Desktop\.workbuddy\.workbuddy\saint_george_classifier\data\raw\non_georges\3bbdb30ca43f4784a24941e2d4cda069.jpg,0,2454
C:\Users\16610\Desktop\.workbuddy\.workbuddy\saint_george_classifier\data\raw\non_georges\3bbf9db8ffdebb1952cfc0dc82b80ce8.jpg,0,2455
C:\Users\16610\Desktop\.workbuddy\.workbuddy\saint_george_classifier\data\raw\non_georges\3bc3461f7606a1adfbb7877cadbecf3a.jpg,0,1780
C:\Users\16610\Desktop\.workbuddy\.workbuddy\saint_george_classifier\data\raw\non_georges\3bf9a1b0f5ae4e60f878da07a661ea18.jpg,0,2457
C:\Users\16610\Desktop\.workbuddy\.workbuddy\saint_george_classifier\data\raw\non_georges\3bfa8a2bfa2d67adae07da34c437082b.jpg,0,2458
C:\Users\16610\Desktop\.workbuddy\.workbuddy\saint_george_classifier\data\raw\non_georges\3c152a0ef6372bada89bcac5b7c975b3.jpg,0,2459
C:\Users\16610\Desktop\.workbuddy\.workbuddy\saint_george_classifier\data\raw\non_georges\3c3ecc4508ea73ac85cb28398f527dc0.jpg,0,2460
C:\Users\16610\Desktop\.workbuddy\.workbuddy\saint_george_classifier\data\raw\non_georges\3c7e4a3f0e4f97c114535152590ce551.jpg,0,2461
C:\Users\16610\Desktop\.workbuddy\.workbuddy\saint_george_classifier\data\raw\non_georges\3cd8c88cb14e6e6396409a8f1d07bf5a.jpg,0,2463
C:\Users\16610\Desktop\.workbuddy\.workbuddy\saint_george_classifier\data\raw\non_georges\3cdad6f6ee0ca99e6815f01d406676ce.jpg,0,2464
C:\Users\16610\Desktop\.workbuddy\.workbuddy\saint_george_classifier\data\raw\non_georges\3d495cda95b7c7bac39366973e664387.jpg,0,1986
C:\Users\16610\Desktop\.workbuddy\.workbuddy\saint_george_classifier\data\raw\non_georges\3d6a2f5c923dfe9841adf2fc6e7bd357.jpg,0,2466
C:\Users\16610\Desktop\.workbuddy\.workbuddy\saint_george_classifier\data\raw\non_georges\3d6ad13285f6cbfee5714589be05c307.jpg,0,2467
C:\Users\16610\Desktop\.workbuddy\.workbuddy\saint_george_classifier\data\raw\non_georges\3d70dda80bb82d744f963042f8e3c129.jpg,0,2468
C:\Users\16610\Desktop\.workbuddy\.workbuddy\saint_george_classifier\data\raw\non_georges\3d81cd5e8398e4caa7dfba920f52128d.jpg,0,2469
C:\Users\16610\Desktop\.workbuddy\.workbuddy\saint_george_classifier\data\raw\non_georges\3d8396fc144db635fc3e11887a838962.jpg,0,2470
C:\Users\16610\Desktop\.workbuddy\.workbuddy\saint_george_classifier\data\raw\non_georges\3db631dbd3278c888544ace906b14f83.jpg,0,2471
C:\Users\16610\Desktop\.workbuddy\.workbuddy\saint_george_classifier\data\raw\non_georges\3dc7ab7bb618cfb6600ea2a1909609f2.jpg,0,2472
C:\Users\16610\Desktop\.workbuddy\.workbuddy\saint_george_classifier\data\raw\non_georges\3de5eed36d158c9289ebc84c935e29c2.jpg,0,2473
C:\Users\16610\Desktop\.workbuddy\.workbuddy\saint_george_classifier\data\raw\non_georges\3e10eabab90eba106ec089ab031f9cb3.jpg,0,2474
C:\Users\16610\Desktop\.workbuddy\.workbuddy\saint_george_classifier\data\raw\non_georges\3e2b4b3477a91f2c8458e033ec92a528.jpg,0,2475
C:\Users\16610\Desktop\.workbuddy\.workbuddy\saint_george_classifier\data\raw\non_georges\3e3c0e893015f3258b7c32b2c3211061.jpg,0,2476
C:\Users\16610\Desktop\.workbuddy\.workbuddy\saint_george_classifier\data\raw\non_georges\3e3ed55df15f4f12f68656a3c41dd1a0.jpg,0,2477
C:\Users\16610\Desktop\.workbuddy\.workbuddy\saint_george_classifier\data\raw\non_georges\3e491de83b6dd0ec51f288ab75796991.jpg,0,2478
C:\Users\16610\Desktop\.workbuddy\.workbuddy\saint_george_classifier\data\raw\non_georges\3e4f5dca3a5ef1f2fb64eaa3d3927e51.jpg,0,2479
C:\Users\16610\Desktop\.workbuddy\.workbuddy\saint_george_classifier\data\raw\non_georges\3e71853425a61fb81e1de8ec2ba22f67.jpg,0,2480
C:\Users\16610\Desktop\.workbuddy\.workbuddy\saint_george_classifier\data\raw\non_georges\3e7dc2084ed51767bf33d5041832ee4b.jpg,0,2481
C:\Users\16610\Desktop\.workbuddy\.workbuddy\saint_george_classifier\data\raw\non_georges\3eab38c6aad0a1bd5547ca135b8fa6a7.jpg,0,1926
C:\Users\16610\Desktop\.workbuddy\.workbuddy\saint_george_classifier\data\raw\non_georges\3eafd8cd9d1b97cb010a3f1d8e213f08.jpg,0,2483
C:\Users\16610\Desktop\.workbuddy\.workbuddy\saint_george_classifier\data\raw\non_georges\3ec33e5e438ff4fb9029be2cdcae6b67.jpg,0,2484
C:\Users\16610\Desktop\.workbuddy\.workbuddy\saint_george_classifier\data\raw\non_georges\3ee62ad180bc7898b88fb6e61630de4a.jpg,0,2485
C:\Users\16610\Desktop\.workbuddy\.workbuddy\saint_george_classifier\data\raw\non_georges\3ef517dbdd62f4929d4dfa46cd7fa364.jpg,0,2486
C:\Users\16610\Desktop\.workbuddy\.workbuddy\saint_george_classifier\data\raw\non_georges\3f08ae502cebac11a072cf8d68516443.jpg,0,2487
C:\Users\16610\Desktop\.workbuddy\.workbuddy\saint_george_classifier\data\raw\non_georges\3f2f2d772bb51e5df0cc31476ce536fd.jpg,0,2488
C:\Users\16610\Desktop\.workbuddy\.workbuddy\saint_george_classifier\data\raw\non_georges\3f38d53be2f7cf5a1b017dfc5624458c.jpg,0,2489
C:\Users\16610\Desktop\.workbuddy\.workbuddy\saint_george_classifier\data\raw\non_georges\3f50e58320428ad639b1464c0ce2ebeb.jpg,0,2490
C:\Users\16610\Desktop\.workbuddy\.workbuddy\saint_george_classifier\data\raw\non_georges\3f623436dca92c0fb6033624c047ae25.jpg,0,2491
C:\Users\16610\Desktop\.workbuddy\.workbuddy\saint_george_classifier\data\raw\non_georges\3fa6440f798bd0f118aa0a555075759f.jpg,0,2493
C:\Users\16610\Desktop\.workbuddy\.workbuddy\saint_george_classifier\data\raw\non_georges\3fd85b07e74386699e10feb4e80faa15.jpg,0,2494
C:\Users\16610\Desktop\.workbuddy\.workbuddy\saint_george_classifier\data\raw\non_georges\3fe00f18669252ddecc4d1ef515fa3a3.jpg,0,2495
C:\Users\16610\Desktop\.workbuddy\.workbuddy\saint_george_classifier\data\raw\non_georges\3ffb2976d4862929d9fbd6cb47a72109.jpg,0,2496
C:\Users\16610\Desktop\.workbuddy\.workbuddy\saint_george_classifier\data\raw\non_georges\400869e0de55e8be908a79677b1e31e1.jpg,0,2497
C:\Users\16610\Desktop\.workbuddy\.workbuddy\saint_george_classifier\data\raw\non_georges\401b9571b4ac51465b70bda4ead2b5f6.jpg,0,2498
C:\Users\16610\Desktop\.workbuddy\.workbuddy\saint_george_classifier\data\raw\non_georges\401f8be11297f2d8178a9fdbe14e05e0.jpg,0,2499
C:\Users\16610\Desktop\.workbuddy\.workbuddy\saint_george_classifier\data\raw\non_georges\4033bcdfcb6b2c7509e3e2a40ba5f863.jpg,0,2500
C:\Users\16610\Desktop\.workbuddy\.workbuddy\saint_george_classifier\data\raw\non_georges\406b7937d25678af722c3e679d7cd833.jpg,0,2501
C:\Users\16610\Desktop\.workbuddy\.workbuddy\saint_george_classifier\data\raw\non_georges\40a7395648ee370e85cc1627d6371df5.jpg,0,2502
C:\Users\16610\Desktop\.workbuddy\.workbuddy\saint_george_classifier\data\raw\non_georges\40adfcbe386d3273e022d87c1c399e78.jpg,0,2503
C:\Users\16610\Desktop\.workbuddy\.workbuddy\saint_george_classifier\data\raw\non_georges\40b4550177cd1bef8e295d8f1b907ec0.jpg,0,2504
C:\Users\16610\Desktop\.workbuddy\.workbuddy\saint_george_classifier\data\raw\non_georges\40b6650e3585d78bc74f7719b7d5fbbf.jpg,0,2505
C:\Users\16610\Desktop\.workbuddy\.workbuddy\saint_george_classifier\data\raw\non_georges\40b73205da49e05b747c9f37180387f0.jpg,0,2506
C:\Users\16610\Desktop\.workbuddy\.workbuddy\saint_george_classifier\data\raw\non_georges\40c58f6b15b143d6b28a55aeeafe6fa0.jpg,0,2409
C:\Users\16610\Desktop\.workbuddy\.workbuddy\saint_george_classifier\data\raw\non_georges\40d55bb5024215796bbe8d0ac0d68a88.jpg,0,2507
C:\Users\16610\Desktop\.workbuddy\.workbuddy\saint_george_classifier\data\raw\non_georges\416899d89f78de1afb5e95bfe5affeea.jpg,0,2511
C:\Users\16610\Desktop\.workbuddy\.workbuddy\saint_george_classifier\data\raw\non_georges\41738eb07e71a1abf06c4d6cb5c640d6.jpg,0,2512
C:\Users\16610\Desktop\.workbuddy\.workbuddy\saint_george_classifier\data\raw\non_georges\41801939cf74046e2ba086f2e0ef31fd.jpg,0,2513
C:\Users\16610\Desktop\.workbuddy\.workbuddy\saint_george_classifier\data\raw\non_georges\419eacfd57b1cf509b2b0b20ec3d900e.jpg,0,2514
C:\Users\16610\Desktop\.workbuddy\.workbuddy\saint_george_classifier\data\raw\non_georges\41c9464dbb3549aa663e27875cec6e74.jpg,0,2517
C:\Users\16610\Desktop\.workbuddy\.workbuddy\saint_george_classifier\data\raw\non_georges\4213a6163bed879160a9d54f8c3427c5.jpg,0,2519
C:\Users\16610\Desktop\.workbuddy\.workbuddy\saint_george_classifier\data\raw\non_georges\421abd7cde6b69a2789894d03d307d18.jpg,0,2520
C:\Users\16610\Desktop\.workbuddy\.workbuddy\saint_george_classifier\data\raw\non_georges\42368b9c99f889bc9b86201f38e72662.jpg,0,2521
C:\Users\16610\Desktop\.workbuddy\.workbuddy\saint_george_classifier\data\raw\non_georges\4255ef4a5ee31e5cfd4191d7a3f04911.jpg,0,2523
C:\Users\16610\Desktop\.workbuddy\.workbuddy\saint_george_classifier\data\raw\non_georges\42572b9040e1d2714cd36ca3103b6a43.jpg,0,2524
C:\Users\16610\Desktop\.workbuddy\.workbuddy\saint_george_classifier\data\raw\non_georges\42694bb090a74a2248c32520686afbde.jpg,0,2525
C:\Users\16610\Desktop\.workbuddy\.workbuddy\saint_george_classifier\data\raw\non_georges\4280b945706b599ab044a06755ff4fc9.jpg,0,2526
C:\Users\16610\Desktop\.workbuddy\.workbuddy\saint_george_classifier\data\raw\non_georges\42a923623337d899c684c09262ab9c29.jpg,0,2528
C:\Users\16610\Desktop\.workbuddy\.workbuddy\saint_george_classifier\data\raw\non_georges\42b103dba04cb9d7dc105948176c7cff.jpg,0,2529
C:\Users\16610\Desktop\.workbuddy\.workbuddy\saint_george_classifier\data\raw\non_georges\42bbbcabc842c4c017a29cca22674867.jpg,0,2530
C:\Users\16610\Desktop\.workbuddy\.workbuddy\saint_george_classifier\data\raw\non_georges\42bbe25a5b20bbf28e7a4bb0ce47f57c.jpg,0,2531
C:\Users\16610\Desktop\.workbuddy\.workbuddy\saint_george_classifier\data\raw\non_georges\42cd09eb08c7f2fc717b0d7f27f9596c.jpg,0,2532
C:\Users\16610\Desktop\.workbuddy\.workbuddy\saint_george_classifier\data\raw\non_georges\42d50be8e8c3d4597ec8ffcf26ab1ea8.jpg,0,2533
C:\Users\16610\Desktop\.workbuddy\.workbuddy\saint_george_classifier\data\raw\non_georges\42d8b50f71bc148230c30d269a2666bd.jpg,0,2534
C:\Users\16610\Desktop\.workbuddy\.workbuddy\saint_george_classifier\data\raw\non_georges\42de90ee9cccbe136335709f8b8b735b.jpg,0,2535
C:\Users\16610\Desktop\.workbuddy\.workbuddy\saint_george_classifier\data\raw\non_georges\42dfd245ab187d7a6bffa688dcb57b2a.jpg,0,2536
C:\Users\16610\Desktop\.workbuddy\.workbuddy\saint_george_classifier\data\raw\non_georges\42febd9d76ff2346583b7d798e2511c8.jpg,0,2537
C:\Users\16610\Desktop\.workbuddy\.workbuddy\saint_george_classifier\data\raw\non_georges\434c493407fbdf789f6bc9e341c028de.jpg,0,2539
C:\Users\16610\Desktop\.workbuddy\.workbuddy\saint_george_classifier\data\raw\non_georges\4350ef9095f0102936a32e7cc4f0ba42.jpg,0,2540
C:\Users\16610\Desktop\.workbuddy\.workbuddy\saint_george_classifier\data\raw\non_georges\437bc7ea8837d61a945d6fca486ead11.jpg,0,2541
C:\Users\16610\Desktop\.workbuddy\.workbuddy\saint_george_classifier\data\raw\non_georges\43c84e088bf76b4a3a51b59dd2e05bf6.jpg,0,2184
C:\Users\16610\Desktop\.workbuddy\.workbuddy\saint_george_classifier\data\raw\non_georges\44062dec5f20f6347fe00870981c5db6.jpg,0,2542
C:\Users\16610\Desktop\.workbuddy\.workbuddy\saint_george_classifier\data\raw\non_georges\440e57886692621def040928f67b4f87.jpg,0,2543
C:\Users\16610\Desktop\.workbuddy\.workbuddy\saint_george_classifier\data\raw\non_georges\444fe33e4899929e1f5d435b820e7e11.jpg,0,2544
C:\Users\16610\Desktop\.workbuddy\.workbuddy\saint_george_classifier\data\raw\non_georges\44c51db0a8d22d7920a563daaf94d26e.jpg,0,2547
C:\Users\16610\Desktop\.workbuddy\.workbuddy\saint_george_classifier\data\raw\non_georges\45111aabeedef18243caa2a97419d769.jpg,0,2549
C:\Users\16610\Desktop\.workbuddy\.workbuddy\saint_george_classifier\data\raw\non_georges\452308fdef2b11b747eb712f09507d32.jpg,0,2550
C:\Users\16610\Desktop\.workbuddy\.workbuddy\saint_george_classifier\data\raw\non_georges\4527adf4d5b70198e87890a60bd678f4.jpg,0,2551
C:\Users\16610\Desktop\.workbuddy\.workbuddy\saint_george_classifier\data\raw\non_georges\452c1c70fe1e7c4eaacc361ffcceb68d.jpg,0,2552
C:\Users\16610\Desktop\.workbuddy\.workbuddy\saint_george_classifier\data\raw\non_georges\452d16f0ba04c333d7c4a48cd4fa9ca9.jpg,0,2553
C:\Users\16610\Desktop\.workbuddy\.workbuddy\saint_george_classifier\data\raw\non_georges\45543c403266d5a741b21b4d2d018cc7.jpg,0,2555
C:\Users\16610\Desktop\.workbuddy\.workbuddy\saint_george_classifier\data\raw\non_georges\45552c602bb86a4efc86f23574d74674.jpg,0,2556
C:\Users\16610\Desktop\.workbuddy\.workbuddy\saint_george_classifier\data\raw\non_georges\455ac6b8df80ef941aa1012079accf8c.jpg,0,2557
C:\Users\16610\Desktop\.workbuddy\.workbuddy\saint_george_classifier\data\raw\non_georges\45a8e77ef49f3513b5df700701c0baaf.jpg,0,2558
C:\Users\16610\Desktop\.workbuddy\.workbuddy\saint_george_classifier\data\raw\non_georges\45ab437fba3b77b5c43c54f08a73a214.jpg,0,2559
C:\Users\16610\Desktop\.workbuddy\.workbuddy\saint_george_classifier\data\raw\non_georges\45c6cf04aa799317cd3f86d648c3c155.jpg,0,2560
C:\Users\16610\Desktop\.workbuddy\.workbuddy\saint_george_classifier\data\raw\non_georges\45f1a8cf615919a0a2d1825ea9bb9e41.jpg,0,2561
C:\Users\16610\Desktop\.workbuddy\.workbuddy\saint_george_classifier\data\raw\non_georges\45ffe54c156314ae35e3aedb1bc1dc31.jpg,0,1932
C:\Users\16610\Desktop\.workbuddy\.workbuddy\saint_george_classifier\data\raw\non_georges\46139ad6efddd945ffce08e5dd8b35da.jpg,0,2562
C:\Users\16610\Desktop\.workbuddy\.workbuddy\saint_george_classifier\data\raw\non_georges\46325a2bdba0d102c3fd0d150d7a471c.jpg,0,2563
C:\Users\16610\Desktop\.workbuddy\.workbuddy\saint_george_classifier\data\raw\non_georges\464601bf0415d42b53995b517cc1cd5c.jpg,0,2565
C:\Users\16610\Desktop\.workbuddy\.workbuddy\saint_george_classifier\data\raw\non_georges\464bed9098e80a9905419c0800f754b7.jpg,0,2566
C:\Users\16610\Desktop\.workbuddy\.workbuddy\saint_george_classifier\data\raw\non_georges\467ade467ef61814b462ec1ae0eb456a.jpg,0,2568
C:\Users\16610\Desktop\.workbuddy\.workbuddy\saint_george_classifier\data\raw\non_georges\468d2c3fef5c4516261b3608f4732ac9.jpg,0,2569
C:\Users\16610\Desktop\.workbuddy\.workbuddy\saint_george_classifier\data\raw\non_georges\46ad3a65eeb76c17ab89dafbe798bba3.jpg,0,2570
C:\Users\16610\Desktop\.workbuddy\.workbuddy\saint_george_classifier\data\raw\non_georges\46b6fb5111cbf949d8dabba982dbbbc9.jpg,0,2571
C:\Users\16610\Desktop\.workbuddy\.workbuddy\saint_george_classifier\data\raw\non_georges\46c37893aa1defd244b98f55f9150ede.jpg,0,2572
C:\Users\16610\Desktop\.workbuddy\.workbuddy\saint_george_classifier\data\raw\non_georges\46c8a86e5d56df8e5fb32568a2fd9ed8.jpg,0,2573
C:\Users\16610\Desktop\.workbuddy\.workbuddy\saint_george_classifier\data\raw\non_georges\46ece47c647d14ba91aa822ad1af6fdb.jpg,0,2574
C:\Users\16610\Desktop\.workbuddy\.workbuddy\saint_george_classifier\data\raw\non_georges\46ee138083736cef504641e959a87d42.jpg,0,2575
C:\Users\16610\Desktop\.workbuddy\.workbuddy\saint_george_classifier\data\raw\non_georges\46f11b0f5de973dbcc2297cbd6e7eb24.jpg,0,2576
C:\Users\16610\Desktop\.workbuddy\.workbuddy\saint_george_classifier\data\raw\non_georges\470b957944283ec6f8a229f973e68c35.jpg,0,2577
C:\Users\16610\Desktop\.workbuddy\.workbuddy\saint_george_classifier\data\raw\non_georges\47149ad81635093641e195036aaeb6be.jpg,0,2578
C:\Users\16610\Desktop\.workbuddy\.workbuddy\saint_george_classifier\data\raw\non_georges\47203c1741188c95b7d57bf548145b26.jpg,0,2579
C:\Users\16610\Desktop\.workbuddy\.workbuddy\saint_george_classifier\data\raw\non_georges\47390e98552d624994a734d4b827705a.jpg,0,2580
C:\Users\16610\Desktop\.workbuddy\.workbuddy\saint_george_classifier\data\raw\non_georges\473f7e56c908bc184f93ccf2aba24f16.jpg,0,2581
C:\Users\16610\Desktop\.workbuddy\.workbuddy\saint_george_classifier\data\raw\non_georges\4743e05b1e0acffef11be4dfcecceb8b.jpg,0,2582
C:\Users\16610\Desktop\.workbuddy\.workbuddy\saint_george_classifier\data\raw\non_georges\47474a898aca9cd3af782d0e6b013717.jpg,0,2583
C:\Users\16610\Desktop\.workbuddy\.workbuddy\saint_george_classifier\data\raw\non_georges\47479bb402f1e9be11920d44f546dee4.jpg,0,2584
C:\Users\16610\Desktop\.workbuddy\.workbuddy\saint_george_classifier\data\raw\non_georges\4759bd673742f373c3c0e49a9cb143dd.jpg,0,2585
C:\Users\16610\Desktop\.workbuddy\.workbuddy\saint_george_classifier\data\raw\non_georges\47669169b597d4d2b57a4d7c1e546225.jpg,0,2586
C:\Users\16610\Desktop\.workbuddy\.workbuddy\saint_george_classifier\data\raw\non_georges\478511cc713478c07a2d0b91e1d19176.jpg,0,2587
C:\Users\16610\Desktop\.workbuddy\.workbuddy\saint_george_classifier\data\raw\non_georges\478701f1b58bca07abe0e783ea12ea07.jpg,0,2588
C:\Users\16610\Desktop\.workbuddy\.workbuddy\saint_george_classifier\data\raw\non_georges\47a4856ecfcff05c7bd29cf9a8d01d81.jpg,0,2590
C:\Users\16610\Desktop\.workbuddy\.workbuddy\saint_george_classifier\data\raw\non_georges\47cc31f19887f6beaa7a24337118bb94.jpg,0,2592
C:\Users\16610\Desktop\.workbuddy\.workbuddy\saint_george_classifier\data\raw\non_georges\47d1103aba9db27ac25fd5ca3e6c16c0.jpg,0,2594
C:\Users\16610\Desktop\.workbuddy\.workbuddy\saint_george_classifier\data\raw\non_georges\47ee41251d9d57a1470fff6b53a90648.jpg,0,2596
C:\Users\16610\Desktop\.workbuddy\.workbuddy\saint_george_classifier\data\raw\non_georges\47f53eec60cd9469e34cd18e6a3d9276.jpg,0,2597
C:\Users\16610\Desktop\.workbuddy\.workbuddy\saint_george_classifier\data\raw\non_georges\485557de4b3275f0dacd8dec0dd24751.jpg,0,2599
C:\Users\16610\Desktop\.workbuddy\.workbuddy\saint_george_classifier\data\raw\non_georges\4874df6d285e91b95e78cf28471879d9.jpg,0,2600
C:\Users\16610\Desktop\.workbuddy\.workbuddy\saint_george_classifier\data\raw\non_georges\4883dc8e147fef010b68dce8dcb7c981.jpg,0,2602
C:\Users\16610\Desktop\.workbuddy\.workbuddy\saint_george_classifier\data\raw\non_georges\489d894222a429f18f6a301c037b44ad.jpg,0,1919
C:\Users\16610\Desktop\.workbuddy\.workbuddy\saint_george_classifier\data\raw\non_georges\48a7a2d0d0606d4b32c4b0df2d953a70.jpg,0,2603
C:\Users\16610\Desktop\.workbuddy\.workbuddy\saint_george_classifier\data\raw\non_georges\492424a3e3ad843d0f056e0447a40360.jpg,0,2605
C:\Users\16610\Desktop\.workbuddy\.workbuddy\saint_george_classifier\data\raw\non_georges\492671b962d3a474e20cfa4824164b55.jpg,0,2607
C:\Users\16610\Desktop\.workbuddy\.workbuddy\saint_george_classifier\data\raw\non_georges\49427ca4d5ec0a8901eb72f64bfaf868.jpg,0,2609
C:\Users\16610\Desktop\.workbuddy\.workbuddy\saint_george_classifier\data\raw\non_georges\495d187f568439baf945274ffc838161.jpg,0,2610
C:\Users\16610\Desktop\.workbuddy\.workbuddy\saint_george_classifier\data\raw\non_georges\4993d7f5c310c73f0e09891f702c1a8b.jpg,0,2611
C:\Users\16610\Desktop\.workbuddy\.workbuddy\saint_george_classifier\data\raw\non_georges\499a895b315c81e9749eabc7cfda19c2.jpg,0,2613
C:\Users\16610\Desktop\.workbuddy\.workbuddy\saint_george_classifier\data\raw\non_georges\49aee5828bb0bc4d9a8b3ba4e4444d71.jpg,0,2614
C:\Users\16610\Desktop\.workbuddy\.workbuddy\saint_george_classifier\data\raw\non_georges\49bf10fa9ac5c3eceb12929622d1bbc6.jpg,0,2615
C:\Users\16610\Desktop\.workbuddy\.workbuddy\saint_george_classifier\data\raw\non_georges\49d6adaa350ac6889019b034ce94964d.jpg,0,2616
C:\Users\16610\Desktop\.workbuddy\.workbuddy\saint_george_classifier\data\raw\non_georges\49fac2485ec24f19b2d96b31fecdb369.jpg,0,2617
C:\Users\16610\Desktop\.workbuddy\.workbuddy\saint_george_classifier\data\raw\non_georges\4a1524c117881376f493e8530459f350.jpg,0,2618
C:\Users\16610\Desktop\.workbuddy\.workbuddy\saint_george_classifier\data\raw\non_georges\4a4691f27bdc772c4d271735eafb9fd3.jpg,0,2619
C:\Users\16610\Desktop\.workbuddy\.workbuddy\saint_george_classifier\data\raw\non_georges\4a486256f6cb77ed9c35606bb95fd26b.jpg,0,2620
C:\Users\16610\Desktop\.workbuddy\.workbuddy\saint_george_classifier\data\raw\non_georges\4a7815c09dbeffd2893a382066f0d49c.jpg,0,2621
C:\Users\16610\Desktop\.workbuddy\.workbuddy\saint_george_classifier\data\raw\non_georges\4a908f321baae64f41f7687a8cceadc0.jpg,0,2623
C:\Users\16610\Desktop\.workbuddy\.workbuddy\saint_george_classifier\data\raw\non_georges\4aa0d8e908bd3f8108ef9ded16c58603.jpg,0,2624
C:\Users\16610\Desktop\.workbuddy\.workbuddy\saint_george_classifier\data\raw\non_georges\4ab2a28dcda78667444b3ffd7b3bbd09.jpg,0,2625
C:\Users\16610\Desktop\.workbuddy\.workbuddy\saint_george_classifier\data\raw\non_georges\4ad361c7b7789b5eed32f5de278d499e.jpg,0,2628
C:\Users\16610\Desktop\.workbuddy\.workbuddy\saint_george_classifier\data\raw\non_georges\4af7eb91bdf3b9da45ce532832fbe2b4.jpg,0,2631
C:\Users\16610\Desktop\.workbuddy\.workbuddy\saint_george_classifier\data\raw\non_georges\4afa9d1406813a4750d04cfdf58b7e81.jpg,0,2632
C:\Users\16610\Desktop\.workbuddy\.workbuddy\saint_george_classifier\data\raw\non_georges\4b0a09e81f0b5a19abf428818814f75c.jpg,0,2634
C:\Users\16610\Desktop\.workbuddy\.workbuddy\saint_george_classifier\data\raw\non_georges\4b39a157a230fa6a35563c22ac244704.jpg,0,2635
C:\Users\16610\Desktop\.workbuddy\.workbuddy\saint_george_classifier\data\raw\non_georges\4b467edc2e7d3099ec03bba01dc29aed.jpg,0,2476
C:\Users\16610\Desktop\.workbuddy\.workbuddy\saint_george_classifier\data\raw\non_georges\4b4e54f12009155d9e436e482fa79692.jpg,0,2636
C:\Users\16610\Desktop\.workbuddy\.workbuddy\saint_george_classifier\data\raw\non_georges\4b6dd6efb9a1794f20b70031c2dafb50.jpg,0,2637
C:\Users\16610\Desktop\.workbuddy\.workbuddy\saint_george_classifier\data\raw\non_georges\4b72dd7a068d09cd6285b809f02a0575.jpg,0,2638
C:\Users\16610\Desktop\.workbuddy\.workbuddy\saint_george_classifier\data\raw\non_georges\4b8581c098e62ba2c7d622d48497e140.jpg,0,2639
C:\Users\16610\Desktop\.workbuddy\.workbuddy\saint_george_classifier\data\raw\non_georges\4b89aea0f4ea6a1b174f997279796fc0.jpg,0,2640
C:\Users\16610\Desktop\.workbuddy\.workbuddy\saint_george_classifier\data\raw\non_georges\4b95f8464fef03edd4fc19187fb91dd1.jpg,0,2641
C:\Users\16610\Desktop\.workbuddy\.workbuddy\saint_george_classifier\data\raw\non_georges\4bbd182c81c0aa9e3ae260560ff5e55f.jpg,0,2643
C:\Users\16610\Desktop\.workbuddy\.workbuddy\saint_george_classifier\data\raw\non_georges\4c3aa1007606bcf362a7c2fc9dfc444f.jpg,0,2646
C:\Users\16610\Desktop\.workbuddy\.workbuddy\saint_george_classifier\data\raw\non_georges\4c7604dc09afddc6966ae32ef1524d2f.jpg,0,2647
C:\Users\16610\Desktop\.workbuddy\.workbuddy\saint_george_classifier\data\raw\non_georges\4c7e740b03dde78da7f0e3c35c1da7cc.jpg,0,2648
C:\Users\16610\Desktop\.workbuddy\.workbuddy\saint_george_classifier\data\raw\non_georges\4c85ef56be70e8569ca24812efaf22c9.jpg,0,2649
C:\Users\16610\Desktop\.workbuddy\.workbuddy\saint_george_classifier\data\raw\non_georges\4c9e349b89ed007644c4a53a2f99dcf1.jpg,0,2650
C:\Users\16610\Desktop\.workbuddy\.workbuddy\saint_george_classifier\data\raw\non_georges\4ca7aeedc9be308e84f138e21cffa49d.jpg,0,2652
C:\Users\16610\Desktop\.workbuddy\.workbuddy\saint_george_classifier\data\raw\non_georges\4cadb95487c59b56482b6a55684c6766.jpg,0,2653
C:\Users\16610\Desktop\.workbuddy\.workbuddy\saint_george_classifier\data\raw\non_georges\4cb2bec383ae53583e77bc49ad2cb764.jpg,0,2654
C:\Users\16610\Desktop\.workbuddy\.workbuddy\saint_george_classifier\data\raw\non_georges\4cb97f7433d7eb927a21bd6b430103d6.jpg,0,2655
C:\Users\16610\Desktop\.workbuddy\.workbuddy\saint_george_classifier\data\raw\non_georges\4cc2b6249ed5d58304a3d7e80bc3831e.jpg,0,2656
C:\Users\16610\Desktop\.workbuddy\.workbuddy\saint_george_classifier\data\raw\non_georges\4cc735113d19022167c9a5b812941caf.jpg,0,2657
C:\Users\16610\Desktop\.workbuddy\.workbuddy\saint_george_classifier\data\raw\non_georges\4cc80a134fec33f98595c80a1cd46c6f.jpg,0,2658
C:\Users\16610\Desktop\.workbuddy\.workbuddy\saint_george_classifier\data\raw\non_georges\4cddd732d7fe09c7bd82aaf93913ead4.jpg,0,2659
C:\Users\16610\Desktop\.workbuddy\.workbuddy\saint_george_classifier\data\raw\non_georges\4cfd0da8762fa62ab2a187bda1bc77f1.jpg,0,2660
C:\Users\16610\Desktop\.workbuddy\.workbuddy\saint_george_classifier\data\raw\non_georges\4cfe58a0c58c57964c3b6255ca14f70f.jpg,0,2661
C:\Users\16610\Desktop\.workbuddy\.workbuddy\saint_george_classifier\data\raw\non_georges\4d06d2c9de29d1a5561d183a9b94060b.jpg,0,2662
C:\Users\16610\Desktop\.workbuddy\.workbuddy\saint_george_classifier\data\raw\non_georges\4d0c54852d659748c49debb2385153e6.jpg,0,2665
C:\Users\16610\Desktop\.workbuddy\.workbuddy\saint_george_classifier\data\raw\non_georges\4d3404d611937a6e4e92a85dce8ab4fe.jpg,0,2666
C:\Users\16610\Desktop\.workbuddy\.workbuddy\saint_george_classifier\data\raw\non_georges\4d737b7dd4f9634b98e75f950f1af2c9.jpg,0,2667
C:\Users\16610\Desktop\.workbuddy\.workbuddy\saint_george_classifier\data\raw\non_georges\4d8299740dd300268baf7d8d8445c7aa.jpg,0,2670
C:\Users\16610\Desktop\.workbuddy\.workbuddy\saint_george_classifier\data\raw\non_georges\4de5925330e90702aca296f3e5c9879f.jpg,0,2671
C:\Users\16610\Desktop\.workbuddy\.workbuddy\saint_george_classifier\data\raw\non_georges\4dfb537f28e0fc7e54ee9cbe811dfc87.jpg,0,2313
C:\Users\16610\Desktop\.workbuddy\.workbuddy\saint_george_classifier\data\raw\non_georges\4dfec529a461fbacb7e3b961edc43439.jpg,0,2672
C:\Users\16610\Desktop\.workbuddy\.workbuddy\saint_george_classifier\data\raw\non_georges\4e27f20659609905c5784d18b81e92a4.jpg,0,2674
C:\Users\16610\Desktop\.workbuddy\.workbuddy\saint_george_classifier\data\raw\non_georges\4e305e37911edd6a15afc895564cd157.jpg,0,2675
C:\Users\16610\Desktop\.workbuddy\.workbuddy\saint_george_classifier\data\raw\non_georges\4e349a7261057c91fb9b90d8dca7cd40.jpg,0,2676
C:\Users\16610\Desktop\.workbuddy\.workbuddy\saint_george_classifier\data\raw\non_georges\4e45808d9f56d2f0b5971f94b3d87bd6.jpg,0,1882
C:\Users\16610\Desktop\.workbuddy\.workbuddy\saint_george_classifier\data\raw\non_georges\4e66f302d9587b566f14003ad2978178.jpg,0,2677
C:\Users\16610\Desktop\.workbuddy\.workbuddy\saint_george_classifier\data\raw\non_georges\4e694a0325ea2d7a5bb04fca8270d801.jpg,0,2678
C:\Users\16610\Desktop\.workbuddy\.workbuddy\saint_george_classifier\data\raw\non_georges\4e7a485740735c4de9c7ad8cb10778c4.jpg,0,2679
C:\Users\16610\Desktop\.workbuddy\.workbuddy\saint_george_classifier\data\raw\non_georges\4e9d0eec1aa2508152b6ba68fae7166d.jpg,0,2680
C:\Users\16610\Desktop\.workbuddy\.workbuddy\saint_george_classifier\data\raw\non_georges\4ea6ec7ee1b6dc72bcb5975df9100bef.jpg,0,2681
C:\Users\16610\Desktop\.workbuddy\.workbuddy\saint_george_classifier\data\raw\non_georges\4ebc70fb479b978d3a9d6063b1db07af.jpg,0,2682
C:\Users\16610\Desktop\.workbuddy\.workbuddy\saint_george_classifier\data\raw\non_georges\4edc0031d63a5d97af4662b3f400765c.jpg,0,2485
C:\Users\16610\Desktop\.workbuddy\.workbuddy\saint_george_classifier\data\raw\non_georges\4ee4eeb7817096213c042982bc38ff4e.jpg,0,2685
C:\Users\16610\Desktop\.workbuddy\.workbuddy\saint_george_classifier\data\raw\non_georges\4f000ad30c26ac7d1f44f09bd9544573.jpg,0,2686
C:\Users\16610\Desktop\.workbuddy\.workbuddy\saint_george_classifier\data\raw\non_georges\4f1b212ce066290bc01b3feccc4bec8f.jpg,0,2687
C:\Users\16610\Desktop\.workbuddy\.workbuddy\saint_george_classifier\data\raw\non_georges\4f285b6d12774a621f350fa9e579c22d.jpg,0,2688
C:\Users\16610\Desktop\.workbuddy\.workbuddy\saint_george_classifier\data\raw\non_georges\4f47f830513d25dbc3ed149fe650ad35.jpg,0,2689
C:\Users\16610\Desktop\.workbuddy\.workbuddy\saint_george_classifier\data\raw\non_georges\4f5305666eafb811f8f399db779ed374.jpg,0,2690
C:\Users\16610\Desktop\.workbuddy\.workbuddy\saint_george_classifier\data\raw\non_georges\4f8bb758c447b520c49bb4c4ee80ff42.jpg,0,2692
C:\Users\16610\Desktop\.workbuddy\.workbuddy\saint_george_classifier\data\raw\non_georges\4fb21495acc8ac6e398be442121fcea6.jpg,0,2474
C:\Users\16610\Desktop\.workbuddy\.workbuddy\saint_george_classifier\data\raw\non_georges\4ffa35bc9efdd754bfa6d5be3d8b42b0.jpg,0,2695
C:\Users\16610\Desktop\.workbuddy\.workbuddy\saint_george_classifier\data\raw\non_georges\5032b61942bb606d1b116538ff197630.jpg,0,2696
C:\Users\16610\Desktop\.workbuddy\.workbuddy\saint_george_classifier\data\raw\non_georges\505017ceb63b2c9dd7a214a5188498de.jpg,0,2697
C:\Users\16610\Desktop\.workbuddy\.workbuddy\saint_george_classifier\data\raw\non_georges\505451457056ab05a7acc5e45858a767.jpg,0,2698
C:\Users\16610\Desktop\.workbuddy\.workbuddy\saint_george_classifier\data\raw\non_georges\5085c22914cb64aa0aa8a892e8f1ca68.jpg,0,2701
C:\Users\16610\Desktop\.workbuddy\.workbuddy\saint_george_classifier\data\raw\non_georges\508a62ad980c24506ca6e33e43224095.jpg,0,2702
C:\Users\16610\Desktop\.workbuddy\.workbuddy\saint_george_classifier\data\raw\non_georges\50934e11c64f9118a00d3edef180e6a3.jpg,0,2703
C:\Users\16610\Desktop\.workbuddy\.workbuddy\saint_george_classifier\data\raw\non_georges\50ca426ee7a982f8eb9dd5791522ad6d.jpg,0,2704
C:\Users\16610\Desktop\.workbuddy\.workbuddy\saint_george_classifier\data\raw\non_georges\50d3702be376400154021eab2f8dbd4c.jpg,0,2706
C:\Users\16610\Desktop\.workbuddy\.workbuddy\saint_george_classifier\data\raw\non_georges\50dcc85cd8571a6afd850bcc68792318.jpg,0,2707
C:\Users\16610\Desktop\.workbuddy\.workbuddy\saint_george_classifier\data\raw\non_georges\50fa788dd669c86367bd03b64ed036ce.jpg,0,2709
C:\Users\16610\Desktop\.workbuddy\.workbuddy\saint_george_classifier\data\raw\non_georges\513336a5d3c6d097859bd6c89522269b.jpg,0,2712
C:\Users\16610\Desktop\.workbuddy\.workbuddy\saint_george_classifier\data\raw\non_georges\5141648d5a350686414aed43e35766c8.jpg,0,2713
C:\Users\16610\Desktop\.workbuddy\.workbuddy\saint_george_classifier\data\raw\non_georges\5144c6944d0b432acf3b2b0b02c056fe.jpg,0,2714
C:\Users\16610\Desktop\.workbuddy\.workbuddy\saint_george_classifier\data\raw\non_georges\51466c3db264c5adee2dc54b05c41941.jpg,0,2715
C:\Users\16610\Desktop\.workbuddy\.workbuddy\saint_george_classifier\data\raw\non_georges\51467917db5b782641d9ef8bb9ffc204.jpg,0,2716
C:\Users\16610\Desktop\.workbuddy\.workbuddy\saint_george_classifier\data\raw\non_georges\51735563bac9b2d193fac6900cffd3ce.jpg,0,2718
C:\Users\16610\Desktop\.workbuddy\.workbuddy\saint_george_classifier\data\raw\non_georges\51dc9bcb547742f9fff7cd0c3ea93937.jpg,0,2719
C:\Users\16610\Desktop\.workbuddy\.workbuddy\saint_george_classifier\data\raw\non_georges\51fd048197d23f88665c35e37283e48a.jpg,0,2720
C:\Users\16610\Desktop\.workbuddy\.workbuddy\saint_george_classifier\data\raw\non_georges\520ee972fb1a757fd9c0b3b5eeb090d7.jpg,0,2721
C:\Users\16610\Desktop\.workbuddy\.workbuddy\saint_george_classifier\data\raw\non_georges\5213d30bd0d0f1c17f2b25d3b11e8f0e.jpg,0,2722
C:\Users\16610\Desktop\.workbuddy\.workbuddy\saint_george_classifier\data\raw\non_georges\5215d51fea9835a00f1047153a6384d0.jpg,0,2723
C:\Users\16610\Desktop\.workbuddy\.workbuddy\saint_george_classifier\data\raw\non_georges\5229ec957c20938bd79499d195b4d665.jpg,0,2724
C:\Users\16610\Desktop\.workbuddy\.workbuddy\saint_george_classifier\data\raw\non_georges\5239dc9afa5135cd547b5be06ae815d9.jpg,0,2725
C:\Users\16610\Desktop\.workbuddy\.workbuddy\saint_george_classifier\data\raw\non_georges\526c52dffe0e44a3e5ccfe48bd6ba68a.jpg,0,2727
C:\Users\16610\Desktop\.workbuddy\.workbuddy\saint_george_classifier\data\raw\non_georges\528c28c609471d1068ea0ae654e850fa.jpg,0,2728
C:\Users\16610\Desktop\.workbuddy\.workbuddy\saint_george_classifier\data\raw\non_georges\529b72d3c703330b59091d8732ffc390.jpg,0,2729
C:\Users\16610\Desktop\.workbuddy\.workbuddy\saint_george_classifier\data\raw\non_georges\52ba54b8aaca2af2504c1e34e9c9b2fa.jpg,0,2732
C:\Users\16610\Desktop\.workbuddy\.workbuddy\saint_george_classifier\data\raw\non_georges\52e39be9c37a80f052b9b07364b2f59a.jpg,0,2735
C:\Users\16610\Desktop\.workbuddy\.workbuddy\saint_george_classifier\data\raw\non_georges\52f9b648a089133f96432a31bedb808b.jpg,0,2736
C:\Users\16610\Desktop\.workbuddy\.workbuddy\saint_george_classifier\data\raw\non_georges\52f9caaaf0b3e01a03a2bb7e150f7df3.jpg,0,2737
C:\Users\16610\Desktop\.workbuddy\.workbuddy\saint_george_classifier\data\raw\non_georges\52fa8c920768bfd27c09d742dd9fce95.jpg,0,2738
C:\Users\16610\Desktop\.workbuddy\.workbuddy\saint_george_classifier\data\raw\non_georges\5307c3033e40b637f99d55e07cbe7feb.jpg,0,2740
C:\Users\16610\Desktop\.workbuddy\.workbuddy\saint_george_classifier\data\raw\non_georges\5324a18e9b79dfbba692fbd074868e51.jpg,0,2372
C:\Users\16610\Desktop\.workbuddy\.workbuddy\saint_george_classifier\data\raw\non_georges\53631d460fd3f2c3f664d69f7c0eabdf.jpg,0,2742
C:\Users\16610\Desktop\.workbuddy\.workbuddy\saint_george_classifier\data\raw\non_georges\53a2077d549cc0c80ca6ad4c78e4d67a.jpg,0,2744
C:\Users\16610\Desktop\.workbuddy\.workbuddy\saint_george_classifier\data\raw\non_georges\53ab295566447fd0faeab623ef87c49f.jpg,0,2745
C:\Users\16610\Desktop\.workbuddy\.workbuddy\saint_george_classifier\data\raw\non_georges\53d72b0789742410974e36b5d6e846ff.jpg,0,2748
C:\Users\16610\Desktop\.workbuddy\.workbuddy\saint_george_classifier\data\raw\non_georges\53e7a41406bdb7c0b45485eafb7ca1a7.jpg,0,2750
C:\Users\16610\Desktop\.workbuddy\.workbuddy\saint_george_classifier\data\raw\non_georges\53ec19a3390759a9cddd2ba933498a47.jpg,0,2752
C:\Users\16610\Desktop\.workbuddy\.workbuddy\saint_george_classifier\data\raw\non_georges\54160db6aa94ca4154c2ed81804e1d0a.jpg,0,2755
C:\Users\16610\Desktop\.workbuddy\.workbuddy\saint_george_classifier\data\raw\non_georges\54211b6fbd1c838a122fa3c640980cc4.jpg,0,2756
C:\Users\16610\Desktop\.workbuddy\.workbuddy\saint_george_classifier\data\raw\non_georges\54586dbf5aa43f4453c5559b5dfd3a65.jpg,0,2757
C:\Users\16610\Desktop\.workbuddy\.workbuddy\saint_george_classifier\data\raw\non_georges\547d61693bb741f6e28bc885dd1cbc8b.jpg,0,2758
C:\Users\16610\Desktop\.workbuddy\.workbuddy\saint_george_classifier\data\raw\non_georges\54b2ef7af71a9e522f6013b599eb31de.jpg,0,2761
C:\Users\16610\Desktop\.workbuddy\.workbuddy\saint_george_classifier\data\raw\non_georges\55045b17bd75c0d6859e24ee7675b509.jpg,0,2762
C:\Users\16610\Desktop\.workbuddy\.workbuddy\saint_george_classifier\data\raw\non_georges\55548b5b9ed867bd9c7012260a17a20d.jpg,0,2763
C:\Users\16610\Desktop\.workbuddy\.workbuddy\saint_george_classifier\data\raw\non_georges\555f6870b4eef37fec9a38da69095104.jpg,0,2764
C:\Users\16610\Desktop\.workbuddy\.workbuddy\saint_george_classifier\data\raw\non_georges\558ae421c5cc831ee94c20dd74d7d7f6.jpg,0,2765
C:\Users\16610\Desktop\.workbuddy\.workbuddy\saint_george_classifier\data\raw\non_georges\559d74c4cd25ae22da0685f99647bd37.jpg,0,2766
C:\Users\16610\Desktop\.workbuddy\.workbuddy\saint_george_classifier\data\raw\non_georges\55cc33d1d5d88ef10777893028fc219c.jpg,0,2767
C:\Users\16610\Desktop\.workbuddy\.workbuddy\saint_george_classifier\data\raw\non_georges\55ed07601ccf16382f71c17137a2440e.jpg,0,2768
C:\Users\16610\Desktop\.workbuddy\.workbuddy\saint_george_classifier\data\raw\non_georges\55edd5e9a9d7e0e44ec8a973be22263d.jpg,0,2769
C:\Users\16610\Desktop\.workbuddy\.workbuddy\saint_george_classifier\data\raw\non_georges\55f8e32524a34b5f627455a7de61e412.jpg,0,2770
C:\Users\16610\Desktop\.workbuddy\.workbuddy\saint_george_classifier\data\raw\non_georges\55fe812543da219be0c8269007dd3b0e.jpg,0,1996
C:\Users\16610\Desktop\.workbuddy\.workbuddy\saint_george_classifier\data\raw\non_georges\560b6c5eb6dfca3402c5fef08cfc544f.jpg,0,2771
C:\Users\16610\Desktop\.workbuddy\.workbuddy\saint_george_classifier\data\raw\non_georges\56115521a30c0d535d01afa7c22476b7.jpg,0,2772
C:\Users\16610\Desktop\.workbuddy\.workbuddy\saint_george_classifier\data\raw\non_georges\5629724698444cfe2cfb75135ddbecbb.jpg,0,2773
C:\Users\16610\Desktop\.workbuddy\.workbuddy\saint_george_classifier\data\raw\non_georges\5651f22a7e3c8432fe77204bf44d0b21.jpg,0,2775
C:\Users\16610\Desktop\.workbuddy\.workbuddy\saint_george_classifier\data\raw\non_georges\565cba139f0a961a9181a8e5b9409455.jpg,0,2776
C:\Users\16610\Desktop\.workbuddy\.workbuddy\saint_george_classifier\data\raw\non_georges\565e714fe20492c1ef9d4ebe07b3fae2.jpg,0,2777
C:\Users\16610\Desktop\.workbuddy\.workbuddy\saint_george_classifier\data\raw\non_georges\568e3b38dd3af11e98bea14e92a30a8b.jpg,0,2778
C:\Users\16610\Desktop\.workbuddy\.workbuddy\saint_george_classifier\data\raw\non_georges\568f1b84ab28a006e0a8ba7cbf03254d.jpg,0,2779
C:\Users\16610\Desktop\.workbuddy\.workbuddy\saint_george_classifier\data\raw\non_georges\56bb9c2f6bb1169e8851b51185ea057f.jpg,0,2780
C:\Users\16610\Desktop\.workbuddy\.workbuddy\saint_george_classifier\data\raw\non_georges\56ca8cc742ec591af16bc8d4eca9a2a4.jpg,0,2781
C:\Users\16610\Desktop\.workbuddy\.workbuddy\saint_george_classifier\data\raw\non_georges\56cfd4cde09686a1c356241cbdcce877.jpg,0,2782
C:\Users\16610\Desktop\.workbuddy\.workbuddy\saint_george_classifier\data\raw\non_georges\56f7ecd93af35cb251f276d28084a945.jpg,0,2783
C:\Users\16610\Desktop\.workbuddy\.workbuddy\saint_george_classifier\data\raw\non_georges\5705761daa23017e5cc7bc3951e81a25.jpg,0,2784
C:\Users\16610\Desktop\.workbuddy\.workbuddy\saint_george_classifier\data\raw\non_georges\5720127d7c94eee0fbf30d998308e0ef.jpg,0,2785
C:\Users\16610\Desktop\.workbuddy\.workbuddy\saint_george_classifier\data\raw\non_georges\5721f493afa162274dfcc91990bbf516.jpg,0,2786
C:\Users\16610\Desktop\.workbuddy\.workbuddy\saint_george_classifier\data\raw\non_georges\574977f4ade9e684b564a63800ef477b.jpg,0,2787
C:\Users\16610\Desktop\.workbuddy\.workbuddy\saint_george_classifier\data\raw\non_georges\575719e7cc9b6a6fa4f8e264e7a86d68.jpg,0,2788
C:\Users\16610\Desktop\.workbuddy\.workbuddy\saint_george_classifier\data\raw\non_georges\57661a2979ddc35bd2bcaedde44732be.jpg,0,2410
C:\Users\16610\Desktop\.workbuddy\.workbuddy\saint_george_classifier\data\raw\non_georges\577627c75d8f7f5e98e1f27823c93009.jpg,0,2789
C:\Users\16610\Desktop\.workbuddy\.workbuddy\saint_george_classifier\data\raw\non_georges\579e503eb919d8099954bb0ff405acec.jpg,0,2790
C:\Users\16610\Desktop\.workbuddy\.workbuddy\saint_george_classifier\data\raw\non_georges\57cbca050284f7f9d728a07ef45837de.jpg,0,2791
C:\Users\16610\Desktop\.workbuddy\.workbuddy\saint_george_classifier\data\raw\non_georges\57e37607903866b8320f28b0d4d0c324.jpg,0,2793
C:\Users\16610\Desktop\.workbuddy\.workbuddy\saint_george_classifier\data\raw\non_georges\57f7d4123387a92e8ba67086247b465d.jpg,0,2794
C:\Users\16610\Desktop\.workbuddy\.workbuddy\saint_george_classifier\data\raw\non_georges\57fcc1a1f176de978cd443f839926c54.jpg,0,2795
C:\Users\16610\Desktop\.workbuddy\.workbuddy\saint_george_classifier\data\raw\non_georges\5825308b0f4b28afc8213c1a0a2d685a.jpg,0,2796
C:\Users\16610\Desktop\.workbuddy\.workbuddy\saint_george_classifier\data\raw\non_georges\5825fccdfa95ee57e085867364e9987e.jpg,0,2797
C:\Users\16610\Desktop\.workbuddy\.workbuddy\saint_george_classifier\data\raw\non_georges\582e96d05f4e9443e48784e26465bf78.jpg,0,2798
C:\Users\16610\Desktop\.workbuddy\.workbuddy\saint_george_classifier\data\raw\non_georges\583571c0b54f0681fca009b8c079639e.jpg,0,2677
C:\Users\16610\Desktop\.workbuddy\.workbuddy\saint_george_classifier\data\raw\non_georges\58580658b3a796129892b4059d5d8e34.jpg,0,2801
C:\Users\16610\Desktop\.workbuddy\.workbuddy\saint_george_classifier\data\raw\non_georges\585e3c873d2bec94718409e08a58cfb7.jpg,0,2802
C:\Users\16610\Desktop\.workbuddy\.workbuddy\saint_george_classifier\data\raw\non_georges\58650cabf3b4b94d225b94c0d67e0656.jpg,0,2804
C:\Users\16610\Desktop\.workbuddy\.workbuddy\saint_george_classifier\data\raw\non_georges\587ce45af4783bfabcb92d2452518edb.jpg,0,2805
C:\Users\16610\Desktop\.workbuddy\.workbuddy\saint_george_classifier\data\raw\non_georges\5897146279bbcbee80bcadac8076ac9b.jpg,0,2806
C:\Users\16610\Desktop\.workbuddy\.workbuddy\saint_george_classifier\data\raw\non_georges\58cd85a176ebb8c89ff207c73800e791.jpg,0,2808
C:\Users\16610\Desktop\.workbuddy\.workbuddy\saint_george_classifier\data\raw\non_georges\58fcae2f710fb4a14387924cee11c46b.jpg,0,2810
C:\Users\16610\Desktop\.workbuddy\.workbuddy\saint_george_classifier\data\raw\non_georges\5914ddafc6427d41449ef558030e5586.jpg,0,2811
C:\Users\16610\Desktop\.workbuddy\.workbuddy\saint_george_classifier\data\raw\non_georges\5964399aad167ed2a2eb11f1eaa1e422.jpg,0,2813
C:\Users\16610\Desktop\.workbuddy\.workbuddy\saint_george_classifier\data\raw\non_georges\59b20ef6eb9c2e12d59eb15bfb72f266.jpg,0,2819
C:\Users\16610\Desktop\.workbuddy\.workbuddy\saint_george_classifier\data\raw\non_georges\59e07c92f61e9fb08a8f1c70625375c9.jpg,0,2820
C:\Users\16610\Desktop\.workbuddy\.workbuddy\saint_george_classifier\data\raw\non_georges\59ed459d179a7eb14a0a43abec80f81d.jpg,0,2821
C:\Users\16610\Desktop\.workbuddy\.workbuddy\saint_george_classifier\data\raw\non_georges\59f99e69a2ac3b5abc7b271aaf4b1e85.jpg,0,1788
C:\Users\16610\Desktop\.workbuddy\.workbuddy\saint_george_classifier\data\raw\non_georges\5a0fda29c2a898ea9a93092a44d4f989.jpg,0,2822
C:\Users\16610\Desktop\.workbuddy\.workbuddy\saint_george_classifier\data\raw\non_georges\5a753c566468097336068e0fdf1db35f.jpg,0,2825
C:\Users\16610\Desktop\.workbuddy\.workbuddy\saint_george_classifier\data\raw\non_georges\5a7bcf855daedc77cf3c3d27a3fbba48.jpg,0,2826
C:\Users\16610\Desktop\.workbuddy\.workbuddy\saint_george_classifier\data\raw\non_georges\5a91afeec18dcac3e3480f87bb0b471d.jpg,0,2828
C:\Users\16610\Desktop\.workbuddy\.workbuddy\saint_george_classifier\data\raw\non_georges\5a96a19118bb0afba354067db70ddc1b.jpg,0,2829
C:\Users\16610\Desktop\.workbuddy\.workbuddy\saint_george_classifier\data\raw\non_georges\5a98622537ff12695e2bd901518575a5.jpg,0,2830
C:\Users\16610\Desktop\.workbuddy\.workbuddy\saint_george_classifier\data\raw\non_georges\5aa6d9386bd7ed196f80ab7d4272d089.jpg,0,2831
C:\Users\16610\Desktop\.workbuddy\.workbuddy\saint_george_classifier\data\raw\non_georges\5ab16a5cc46e74873aff8586ec6b49f2.jpg,0,2832
C:\Users\16610\Desktop\.workbuddy\.workbuddy\saint_george_classifier\data\raw\non_georges\5acedca4075964795ea4caf7b3f20999.jpg,0,2833
C:\Users\16610\Desktop\.workbuddy\.workbuddy\saint_george_classifier\data\raw\non_georges\5ad48606c080387023cf52e7d1bfd3d3.jpg,0,2834
C:\Users\16610\Desktop\.workbuddy\.workbuddy\saint_george_classifier\data\raw\non_georges\5aeb4ca18588d8da7404ed738ceeb4d9.jpg,0,2835
C:\Users\16610\Desktop\.workbuddy\.workbuddy\saint_george_classifier\data\raw\non_georges\5afb09f96c201aa33d4b6ad851f24b82.jpg,0,2837
C:\Users\16610\Desktop\.workbuddy\.workbuddy\saint_george_classifier\data\raw\non_georges\5b21b028dfa56cb5125ec6568671ceb7.jpg,0,2838
C:\Users\16610\Desktop\.workbuddy\.workbuddy\saint_george_classifier\data\raw\non_georges\5b4b81103d6fa1112894445872b05a98.jpg,0,2839
C:\Users\16610\Desktop\.workbuddy\.workbuddy\saint_george_classifier\data\raw\non_georges\5b4f180c7005fbe309b52d8626376af2.jpg,0,1793
C:\Users\16610\Desktop\.workbuddy\.workbuddy\saint_george_classifier\data\raw\non_georges\5b583c7fef5c8e1ea1ed2dac2d1b0ad4.jpg,0,2070
C:\Users\16610\Desktop\.workbuddy\.workbuddy\saint_george_classifier\data\raw\non_georges\5b6214ae8523178cefb58e16b1914a91.jpg,0,2840
C:\Users\16610\Desktop\.workbuddy\.workbuddy\saint_george_classifier\data\raw\non_georges\5b6601ada5c2b82dccf756c8e5060104.jpg,0,2500
C:\Users\16610\Desktop\.workbuddy\.workbuddy\saint_george_classifier\data\raw\non_georges\5b677337f2685ec92f84fb344cadf498.jpg,0,2841
C:\Users\16610\Desktop\.workbuddy\.workbuddy\saint_george_classifier\data\raw\non_georges\5b8e52444b2937d6c9a3709302ca6ffe.jpg,0,2842
C:\Users\16610\Desktop\.workbuddy\.workbuddy\saint_george_classifier\data\raw\non_georges\5bb531c2a4498ea563eb921fca3f81bc.jpg,0,2844
C:\Users\16610\Desktop\.workbuddy\.workbuddy\saint_george_classifier\data\raw\non_georges\5bb5b06deb499692b498f93c1111f992.jpg,0,2845
C:\Users\16610\Desktop\.workbuddy\.workbuddy\saint_george_classifier\data\raw\non_georges\5bc6be714e4f6ad714950d51ecce987e.jpg,0,2847
C:\Users\16610\Desktop\.workbuddy\.workbuddy\saint_george_classifier\data\raw\non_georges\5bfc61da8fd1e199fe836da7578a64cd.jpg,0,2848
C:\Users\16610\Desktop\.workbuddy\.workbuddy\saint_george_classifier\data\raw\non_georges\5c1f00373e685f962c5e715c642da97f.jpg,0,2849
C:\Users\16610\Desktop\.workbuddy\.workbuddy\saint_george_classifier\data\raw\non_georges\5c20c45fc50a07b11aba0be65a4d7321.jpg,0,2850
C:\Users\16610\Desktop\.workbuddy\.workbuddy\saint_george_classifier\data\raw\non_georges\5c38fbf08c22015e59b23299e0a79eb2.jpg,0,2851
C:\Users\16610\Desktop\.workbuddy\.workbuddy\saint_george_classifier\data\raw\non_georges\5c44a1b52b6266998026649c604dafe4.jpg,0,2852
C:\Users\16610\Desktop\.workbuddy\.workbuddy\saint_george_classifier\data\raw\non_georges\5c73996be1f5e5dfb180c9dd3fe04ae5.jpg,0,2853
C:\Users\16610\Desktop\.workbuddy\.workbuddy\saint_george_classifier\data\raw\non_georges\5c7568bf3fdaa90fe058df36fa076a80.jpg,0,2854
C:\Users\16610\Desktop\.workbuddy\.workbuddy\saint_george_classifier\data\raw\non_georges\5cd6b32455ced90a9dc0d9ca91c76ffa.jpg,0,2856
C:\Users\16610\Desktop\.workbuddy\.workbuddy\saint_george_classifier\data\raw\non_georges\5cf376f8cbcdbe79e22e54e83501d47f.jpg,0,2858
C:\Users\16610\Desktop\.workbuddy\.workbuddy\saint_george_classifier\data\raw\non_georges\5d0417c74ef75c6cd0d4918dd9004501.jpg,0,2859
C:\Users\16610\Desktop\.workbuddy\.workbuddy\saint_george_classifier\data\raw\non_georges\5d3005a7149e26bebe6662739af7a75f.jpg,0,2860
C:\Users\16610\Desktop\.workbuddy\.workbuddy\saint_george_classifier\data\raw\non_georges\5d4177bcb14a1f8de30289b094412d29.jpg,0,2861
C:\Users\16610\Desktop\.workbuddy\.workbuddy\saint_george_classifier\data\raw\non_georges\5d53897758d537243375ff30b9d55e60.jpg,0,2862
C:\Users\16610\Desktop\.workbuddy\.workbuddy\saint_george_classifier\data\raw\non_georges\5d5a0c60f63b30605383c54f59401a0f.jpg,0,2863
C:\Users\16610\Desktop\.workbuddy\.workbuddy\saint_george_classifier\data\raw\non_georges\5d69789de6131c89ec1007542ff123b0.jpg,0,2865
C:\Users\16610\Desktop\.workbuddy\.workbuddy\saint_george_classifier\data\raw\non_georges\5db63dcbfdff3ac27518aa4858f72d53.jpg,0,2867
C:\Users\16610\Desktop\.workbuddy\.workbuddy\saint_george_classifier\data\raw\non_georges\5dc7608be0982d6cbfa436667e30c52a.jpg,0,2868
C:\Users\16610\Desktop\.workbuddy\.workbuddy\saint_george_classifier\data\raw\non_georges\5e42ddb7e5a18bad633aa3363d66c9df.jpg,0,2873
C:\Users\16610\Desktop\.workbuddy\.workbuddy\saint_george_classifier\data\raw\non_georges\5e57de10f9e5f4267956aa7f22679700.jpg,0,2875
C:\Users\16610\Desktop\.workbuddy\.workbuddy\saint_george_classifier\data\raw\non_georges\5e729e15da5ddea80f47ebb6927ea540.jpg,0,2876
C:\Users\16610\Desktop\.workbuddy\.workbuddy\saint_george_classifier\data\raw\non_georges\5e74cb58149ac51c270f9612f40a63a9.jpg,0,2877
C:\Users\16610\Desktop\.workbuddy\.workbuddy\saint_george_classifier\data\raw\non_georges\5e74ec176f8694083a5449782b154cbd.jpg,0,2878
C:\Users\16610\Desktop\.workbuddy\.workbuddy\saint_george_classifier\data\raw\non_georges\5e7df1333f7060f7b0bc301f5b042665.jpg,0,2879
C:\Users\16610\Desktop\.workbuddy\.workbuddy\saint_george_classifier\data\raw\non_georges\5eb1ef4ae383fad62a8745ab8ccf2af5.jpg,0,2880
C:\Users\16610\Desktop\.workbuddy\.workbuddy\saint_george_classifier\data\raw\non_georges\5eb3a5d82f79d06710b9b1397b559b07.jpg,0,2881
C:\Users\16610\Desktop\.workbuddy\.workbuddy\saint_george_classifier\data\raw\non_georges\5f64811726fdbaf7a6e3c428c8fc501b.jpg,0,2882
C:\Users\16610\Desktop\.workbuddy\.workbuddy\saint_george_classifier\data\raw\non_georges\5f9c175c2350bcacff98751a689d698d.jpg,0,2883
C:\Users\16610\Desktop\.workbuddy\.workbuddy\saint_george_classifier\data\raw\non_georges\5fa5c21334a084bb0cf5e42fe61285cc.jpg,0,2884
C:\Users\16610\Desktop\.workbuddy\.workbuddy\saint_george_classifier\data\raw\non_georges\5fafb0fd28fb54a86c86219cb1da1691.jpg,0,2580
C:\Users\16610\Desktop\.workbuddy\.workbuddy\saint_george_classifier\data\raw\non_georges\5fd3dc51fca0ecec63694dc4a9b9f9e4.jpg,0,2886
C:\Users\16610\Desktop\.workbuddy\.workbuddy\saint_george_classifier\data\raw\non_georges\5fee4ac95a2aaf1bd1941bcb5780e59e.jpg,0,2887
C:\Users\16610\Desktop\.workbuddy\.workbuddy\saint_george_classifier\data\raw\non_georges\5ff587cf4daf7af4d0731ff99b8c48c9.jpg,0,2419
C:\Users\16610\Desktop\.workbuddy\.workbuddy\saint_george_classifier\data\raw\non_georges\5ff8578534dd3d3407221b7e5ae3f8ab.jpg,0,2888
C:\Users\16610\Desktop\.workbuddy\.workbuddy\saint_george_classifier\data\raw\non_georges\60000868b6149c3476f6a628ff41791d.jpg,0,2889
C:\Users\16610\Desktop\.workbuddy\.workbuddy\saint_george_classifier\data\raw\non_georges\601e0367eb0a57b547e853ddfd6e160c.jpg,0,2890
C:\Users\16610\Desktop\.workbuddy\.workbuddy\saint_george_classifier\data\raw\non_georges\601f2c45c1ea0a0b0fda7028294a4790.jpg,0,2891
C:\Users\16610\Desktop\.workbuddy\.workbuddy\saint_george_classifier\data\raw\non_georges\602dc5cfb43afdd4e35d07fb3248185c.jpg,0,2892
C:\Users\16610\Desktop\.workbuddy\.workbuddy\saint_george_classifier\data\raw\non_georges\60402e528bb78c86f386660eff60f457.jpg,0,2894
C:\Users\16610\Desktop\.workbuddy\.workbuddy\saint_george_classifier\data\raw\non_georges\605344666601a0054c26808258b3df78.jpg,0,2895
C:\Users\16610\Desktop\.workbuddy\.workbuddy\saint_george_classifier\data\raw\non_georges\6083325b40e9a1c5f6026c3b5c84c41f.jpg,0,2896
C:\Users\16610\Desktop\.workbuddy\.workbuddy\saint_george_classifier\data\raw\non_georges\608b1f9cbca211694fdc6f08a5487c35.jpg,0,2897
C:\Users\16610\Desktop\.workbuddy\.workbuddy\saint_george_classifier\data\raw\non_georges\60c0536eb23534f849e16198b64a7e67.jpg,0,2900
C:\Users\16610\Desktop\.workbuddy\.workbuddy\saint_george_classifier\data\raw\non_georges\60e54261a190d6ff8e8e2ea350c30729.jpg,0,2902
C:\Users\16610\Desktop\.workbuddy\.workbuddy\saint_george_classifier\data\raw\non_georges\60e5a376c14ccaaf8f19e641a31a7c2a.jpg,0,2903
C:\Users\16610\Desktop\.workbuddy\.workbuddy\saint_george_classifier\data\raw\non_georges\60f0b42e1fa0bb195633d46a72e399c3.jpg,0,2904
C:\Users\16610\Desktop\.workbuddy\.workbuddy\saint_george_classifier\data\raw\non_georges\612deacce82a4f0eb334a019edfa1bcf.jpg,0,2905
C:\Users\16610\Desktop\.workbuddy\.workbuddy\saint_george_classifier\data\raw\non_georges\6146ec6d710165d257435cd3969bdcf2.jpg,0,2907
C:\Users\16610\Desktop\.workbuddy\.workbuddy\saint_george_classifier\data\raw\non_georges\615209d3c7635d688ec879f0be00c596.jpg,0,2908
C:\Users\16610\Desktop\.workbuddy\.workbuddy\saint_george_classifier\data\raw\non_georges\61570bec8c083bf73f9e54582a1f759d.jpg,0,2452
C:\Users\16610\Desktop\.workbuddy\.workbuddy\saint_george_classifier\data\raw\non_georges\616ea506f0bdaecf771561e2d5fd0ea4.jpg,0,2909
C:\Users\16610\Desktop\.workbuddy\.workbuddy\saint_george_classifier\data\raw\non_georges\61871346159a11f3f26088588c3f4398.jpg,0,2910
C:\Users\16610\Desktop\.workbuddy\.workbuddy\saint_george_classifier\data\raw\non_georges\61ab1a2740937a02f1a9a40e5e0474a9.jpg,0,1919
C:\Users\16610\Desktop\.workbuddy\.workbuddy\saint_george_classifier\data\raw\non_georges\61d0ca7c3261d93a1d11f0624493a0a1.jpg,0,2911
C:\Users\16610\Desktop\.workbuddy\.workbuddy\saint_george_classifier\data\raw\non_georges\61e06d5ca3f347063c57d3e474d85460.jpg,0,2912
C:\Users\16610\Desktop\.workbuddy\.workbuddy\saint_george_classifier\data\raw\non_georges\61e64c47854eaabf0db373759626f963.jpg,0,2913
C:\Users\16610\Desktop\.workbuddy\.workbuddy\saint_george_classifier\data\raw\non_georges\61efc6aa89f985591041617fbd8cf252.jpg,0,2914
C:\Users\16610\Desktop\.workbuddy\.workbuddy\saint_george_classifier\data\raw\non_georges\61f07fb779fca89fcfbe0be6f21635c0.jpg,0,2915
C:\Users\16610\Desktop\.workbuddy\.workbuddy\saint_george_classifier\data\raw\non_georges\6200ab99a359a30f8cb682053601df04.jpg,0,2917
C:\Users\16610\Desktop\.workbuddy\.workbuddy\saint_george_classifier\data\raw\non_georges\6208a25899ab917c2ea8ae82550a6af3.jpg,0,2918
C:\Users\16610\Desktop\.workbuddy\.workbuddy\saint_george_classifier\data\raw\non_georges\62096602e431fc1448fde2ac50bf558e.jpg,0,2919
C:\Users\16610\Desktop\.workbuddy\.workbuddy\saint_george_classifier\data\raw\non_georges\620f11d9e786c7a80dbe26cc8b64b8a1.jpg,0,2920
C:\Users\16610\Desktop\.workbuddy\.workbuddy\saint_george_classifier\data\raw\non_georges\624506167ec352378ca976be381159e9.jpg,0,2921
C:\Users\16610\Desktop\.workbuddy\.workbuddy\saint_george_classifier\data\raw\non_georges\624aa2bf4a9d3d21991afeced3d1ea45.jpg,0,2922
C:\Users\16610\Desktop\.workbuddy\.workbuddy\saint_george_classifier\data\raw\non_georges\6255530a6f4016e2be174fdbead314ee.jpg,0,2923
C:\Users\16610\Desktop\.workbuddy\.workbuddy\saint_george_classifier\data\raw\non_georges\6287a4935a4892d49d99054416fae3b3.jpg,0,2924
C:\Users\16610\Desktop\.workbuddy\.workbuddy\saint_george_classifier\data\raw\non_georges\62ad87741f618aeaa68c489f756294a6.jpg,0,2925
C:\Users\16610\Desktop\.workbuddy\.workbuddy\saint_george_classifier\data\raw\non_georges\62b33e7c2297331b53bedbcc64d0e150.jpg,0,2926
C:\Users\16610\Desktop\.workbuddy\.workbuddy\saint_george_classifier\data\raw\non_georges\62b8dbd5021a33d728eafb06a2579d45.jpg,0,2927
C:\Users\16610\Desktop\.workbuddy\.workbuddy\saint_george_classifier\data\raw\non_georges\62d1c852757f0ac903b99b8660c46302.jpg,0,2928
C:\Users\16610\Desktop\.workbuddy\.workbuddy\saint_george_classifier\data\raw\non_georges\630c2a8a189255364cd9bcc1a6efdc64.jpg,0,2201
C:\Users\16610\Desktop\.workbuddy\.workbuddy\saint_george_classifier\data\raw\non_georges\63138ad261b7da6217de86a2b35853cc.jpg,0,2929
C:\Users\16610\Desktop\.workbuddy\.workbuddy\saint_george_classifier\data\raw\non_georges\631f312cf3166d6cb9dc9d5758975fb9.jpg,0,2930
C:\Users\16610\Desktop\.workbuddy\.workbuddy\saint_george_classifier\data\raw\non_georges\634a5037f951c46ed5cb1848ee888519.jpg,0,2932
C:\Users\16610\Desktop\.workbuddy\.workbuddy\saint_george_classifier\data\raw\non_georges\6367a91be8fa3ec9c15244ae2d6d1b44.jpg,0,2934
C:\Users\16610\Desktop\.workbuddy\.workbuddy\saint_george_classifier\data\raw\non_georges\636d431b33b88628ef22bf2a4068bfca.jpg,0,2935
C:\Users\16610\Desktop\.workbuddy\.workbuddy\saint_george_classifier\data\raw\non_georges\63722fb18261e9754da216c29472d71c.jpg,0,2936
C:\Users\16610\Desktop\.workbuddy\.workbuddy\saint_george_classifier\data\raw\non_georges\637e67e70c182105bcf511012f7e9c81.jpg,0,2937
C:\Users\16610\Desktop\.workbuddy\.workbuddy\saint_george_classifier\data\raw\non_georges\638bbf49014f9a1f36b7724048b58d6a.jpg,0,2938
C:\Users\16610\Desktop\.workbuddy\.workbuddy\saint_george_classifier\data\raw\non_georges\63b45313a61e82e97f464c9cc16148e0.jpg,0,2939
C:\Users\16610\Desktop\.workbuddy\.workbuddy\saint_george_classifier\data\raw\non_georges\63d824e82bd7605feb33c2a27516c5d8.jpg,0,2940
C:\Users\16610\Desktop\.workbuddy\.workbuddy\saint_george_classifier\data\raw\non_georges\63f314b4d3ec379504f6185f0c5e78b8.jpg,0,2941
C:\Users\16610\Desktop\.workbuddy\.workbuddy\saint_george_classifier\data\raw\non_georges\641f2621d5479dc56b1c890c8d0f9c91.jpg,0,2943
C:\Users\16610\Desktop\.workbuddy\.workbuddy\saint_george_classifier\data\raw\non_georges\644b578a4fe52955eecd5b6c3d3e4687.jpg,0,2944
C:\Users\16610\Desktop\.workbuddy\.workbuddy\saint_george_classifier\data\raw\non_georges\6451fa46ef1a1a6e73d84fe340accaf4.jpg,0,2945
C:\Users\16610\Desktop\.workbuddy\.workbuddy\saint_george_classifier\data\raw\non_georges\64660b8bde45ea233eedea7dfa177b81.jpg,0,2947
C:\Users\16610\Desktop\.workbuddy\.workbuddy\saint_george_classifier\data\raw\non_georges\64716429b1774a4423151a1b0d240ebd.jpg,0,2948
C:\Users\16610\Desktop\.workbuddy\.workbuddy\saint_george_classifier\data\raw\non_georges\648f367e56f907b76e4818605c597986.jpg,0,2949
C:\Users\16610\Desktop\.workbuddy\.workbuddy\saint_george_classifier\data\raw\non_georges\649d0fa60978fe08bf949ae79ef2fb0c.jpg,0,2950
C:\Users\16610\Desktop\.workbuddy\.workbuddy\saint_george_classifier\data\raw\non_georges\649f35a271fa6e38a920304b94104e44.jpg,0,2951
C:\Users\16610\Desktop\.workbuddy\.workbuddy\saint_george_classifier\data\raw\non_georges\64bcb4197d996c59b3095ddc6b6ebaa9.jpg,0,2952
C:\Users\16610\Desktop\.workbuddy\.workbuddy\saint_george_classifier\data\raw\non_georges\64c82d3d13c0ae9b32d86303e0f5ecdb.jpg,0,2954
C:\Users\16610\Desktop\.workbuddy\.workbuddy\saint_george_classifier\data\raw\non_georges\64cc89d83be9d6e585dce2f729e175d4.jpg,0,2955
C:\Users\16610\Desktop\.workbuddy\.workbuddy\saint_george_classifier\data\raw\non_georges\64ce35d6e0f4cc02f14c1e5ceb359544.jpg,0,2956
C:\Users\16610\Desktop\.workbuddy\.workbuddy\saint_george_classifier\data\raw\non_georges\64e9294eed5a0e8f479f41b62fe24b1e.jpg,0,2958
C:\Users\16610\Desktop\.workbuddy\.workbuddy\saint_george_classifier\data\raw\non_georges\64fdbd865ec90850dabfc120abc40afc.jpg,0,2960
C:\Users\16610\Desktop\.workbuddy\.workbuddy\saint_george_classifier\data\raw\non_georges\65213e3738e7a3d4c923e09ef3bc77e9.jpg,0,2962
C:\Users\16610\Desktop\.workbuddy\.workbuddy\saint_george_classifier\data\raw\non_georges\6578a6442715b3a867f1252728cf23e8.jpg,0,2964
C:\Users\16610\Desktop\.workbuddy\.workbuddy\saint_george_classifier\data\raw\non_georges\6585efa2d3ebd03d708f8e150da30f86.jpg,0,2965
C:\Users\16610\Desktop\.workbuddy\.workbuddy\saint_george_classifier\data\raw\non_georges\6593864fafc50cc36b03b81aa44424ec.jpg,0,2966
C:\Users\16610\Desktop\.workbuddy\.workbuddy\saint_george_classifier\data\raw\non_georges\659ad23215d97e9f98f776cab193d324.jpg,0,2967
C:\Users\16610\Desktop\.workbuddy\.workbuddy\saint_george_classifier\data\raw\non_georges\659b119f429e86dd7c02e1db41d279ae.jpg,0,2968
C:\Users\16610\Desktop\.workbuddy\.workbuddy\saint_george_classifier\data\raw\non_georges\65a8458a968da32742abd43576ea5f6f.jpg,0,2969
C:\Users\16610\Desktop\.workbuddy\.workbuddy\saint_george_classifier\data\raw\non_georges\65d74e6ac2e1d3bec1210aaa650d7cc2.jpg,0,2971
C:\Users\16610\Desktop\.workbuddy\.workbuddy\saint_george_classifier\data\raw\non_georges\65e6f1d361e2095de597be99c51ac546.jpg,0,2972
C:\Users\16610\Desktop\.workbuddy\.workbuddy\saint_george_classifier\data\raw\non_georges\65ed9d172a0ba46e83f368a62215a3c0.jpg,0,2973
C:\Users\16610\Desktop\.workbuddy\.workbuddy\saint_george_classifier\data\raw\non_georges\65f0540b27e3a4f1760e99dc49f5e3bf.jpg,0,2974
C:\Users\16610\Desktop\.workbuddy\.workbuddy\saint_george_classifier\data\raw\non_georges\6608a502d77812a789172dc272b5dfac.jpg,0,2976
C:\Users\16610\Desktop\.workbuddy\.workbuddy\saint_george_classifier\data\raw\non_georges\661fd282c52912e6df18a0be95ec5987.jpg,0,2977
C:\Users\16610\Desktop\.workbuddy\.workbuddy\saint_george_classifier\data\raw\non_georges\66368c1af0458d23dd8705a05e3f3cea.jpg,0,2978
C:\Users\16610\Desktop\.workbuddy\.workbuddy\saint_george_classifier\data\raw\non_georges\664dc50185a2f783711463093e339e04.jpg,0,2979
C:\Users\16610\Desktop\.workbuddy\.workbuddy\saint_george_classifier\data\raw\non_georges\66707af60cd7b6d502f66c5186c85d82.jpg,0,2980
C:\Users\16610\Desktop\.workbuddy\.workbuddy\saint_george_classifier\data\raw\non_georges\66c246b6abbd40500a1e7d6cbe69af19.jpg,0,2982
C:\Users\16610\Desktop\.workbuddy\.workbuddy\saint_george_classifier\data\raw\non_georges\66c53a0b66c5ff7104e456549e027bf4.jpg,0,2983
C:\Users\16610\Desktop\.workbuddy\.workbuddy\saint_george_classifier\data\raw\non_georges\66df5acfbeeb9334efa4a2fe2942ac6c.jpg,0,2984
C:\Users\16610\Desktop\.workbuddy\.workbuddy\saint_george_classifier\data\raw\non_georges\670ea567166c0a0f92b0816b5b2e7d32.jpg,0,2985
C:\Users\16610\Desktop\.workbuddy\.workbuddy\saint_george_classifier\data\raw\non_georges\671ee1e46ea99ac88f8cff50ec56aa49.jpg,0,2986
C:\Users\16610\Desktop\.workbuddy\.workbuddy\saint_george_classifier\data\raw\non_georges\679d17ddbae00cf518f41880d86ed738.jpg,0,2987
C:\Users\16610\Desktop\.workbuddy\.workbuddy\saint_george_classifier\data\raw\non_georges\67b38d4d83ca7c4051d7518ced8e4de4.jpg,0,2988
C:\Users\16610\Desktop\.workbuddy\.workbuddy\saint_george_classifier\data\raw\non_georges\67cc04669724f86eb9365809d23380b6.jpg,0,2989
C:\Users\16610\Desktop\.workbuddy\.workbuddy\saint_george_classifier\data\raw\non_georges\67d6e7be0538a981b93ab7e25c641b80.jpg,0,2385
C:\Users\16610\Desktop\.workbuddy\.workbuddy\saint_george_classifier\data\raw\non_georges\67eaf02196d2c4145db0d87fb3267529.jpg,0,2991
C:\Users\16610\Desktop\.workbuddy\.workbuddy\saint_george_classifier\data\raw\non_georges\67ffe11910b37a9447136e1d4dd00b4b.jpg,0,2992
C:\Users\16610\Desktop\.workbuddy\.workbuddy\saint_george_classifier\data\raw\non_georges\68144f4585ddfb837d5fbf7c3b9af992.jpg,0,2994
C:\Users\16610\Desktop\.workbuddy\.workbuddy\saint_george_classifier\data\raw\non_georges\681d1e18fafe019790e85c2037a6f2b2.jpg,0,2995
C:\Users\16610\Desktop\.workbuddy\.workbuddy\saint_george_classifier\data\raw\non_georges\682648edcb34343a5af5c704ffc0a5b9.jpg,0,2996
C:\Users\16610\Desktop\.workbuddy\.workbuddy\saint_george_classifier\data\raw\non_georges\68625af6030e5832549e2a98d2c7ec3a.jpg,0,2998
C:\Users\16610\Desktop\.workbuddy\.workbuddy\saint_george_classifier\data\raw\non_georges\6874d4e57bdc2f0e72f465d02ee35109.jpg,0,2999
C:\Users\16610\Desktop\.workbuddy\.workbuddy\saint_george_classifier\data\raw\non_georges\688d0a99363f9ec53c10c94c3e341563.jpg,0,3000
C:\Users\16610\Desktop\.workbuddy\.workbuddy\saint_george_classifier\data\raw\non_georges\68cdd32ef7970a576033c24838b44e2d.jpg,0,3001
C:\Users\16610\Desktop\.workbuddy\.workbuddy\saint_george_classifier\data\raw\non_georges\69348b2952ae461c6f28450a10fcb571.jpg,0,3003
C:\Users\16610\Desktop\.workbuddy\.workbuddy\saint_george_classifier\data\raw\non_georges\696a49aa2f8765d0f875d7f4886698ee.jpg,0,3004
C:\Users\16610\Desktop\.workbuddy\.workbuddy\saint_george_classifier\data\raw\non_georges\6971fcf48485b9c90f03c0de2cccbb56.jpg,0,3005
C:\Users\16610\Desktop\.workbuddy\.workbuddy\saint_george_classifier\data\raw\non_georges\698eb123c004fc820be889a2b15f3aa8.jpg,0,3006
C:\Users\16610\Desktop\.workbuddy\.workbuddy\saint_george_classifier\data\raw\non_georges\69b90f263ee1ccfd0099f8e3b8a09f91.jpg,0,3008
C:\Users\16610\Desktop\.workbuddy\.workbuddy\saint_george_classifier\data\raw\non_georges\69be2188bac84c9d2614b7976ecc003e.jpg,0,3009
C:\Users\16610\Desktop\.workbuddy\.workbuddy\saint_george_classifier\data\raw\non_georges\69c0b38e85f921e7388774729724fc2c.jpg,0,3010
C:\Users\16610\Desktop\.workbuddy\.workbuddy\saint_george_classifier\data\raw\non_georges\69c2e9ece9eb149d2def96a5aa199e17.jpg,0,3011
C:\Users\16610\Desktop\.workbuddy\.workbuddy\saint_george_classifier\data\raw\non_georges\69db8f5959ea3df77fdf7e3eb1ceef9d.jpg,0,3012
C:\Users\16610\Desktop\.workbuddy\.workbuddy\saint_george_classifier\data\raw\non_georges\6a1cfd3fbaa520f19a95135e354a4186.jpg,0,3013
C:\Users\16610\Desktop\.workbuddy\.workbuddy\saint_george_classifier\data\raw\non_georges\6a3886c7e5a69089cf5f9e671098d09a.jpg,0,3014
C:\Users\16610\Desktop\.workbuddy\.workbuddy\saint_george_classifier\data\raw\non_georges\6a509487033fe350cfb0f7b79cef77ea.jpg,0,3018
C:\Users\16610\Desktop\.workbuddy\.workbuddy\saint_george_classifier\data\raw\non_georges\6a6845ad401221d166b281788e94114d.jpg,0,3020
C:\Users\16610\Desktop\.workbuddy\.workbuddy\saint_george_classifier\data\raw\non_georges\6a7a4fb71629d9bb8de93f42fa50589a.jpg,0,3021
C:\Users\16610\Desktop\.workbuddy\.workbuddy\saint_george_classifier\data\raw\non_georges\6a942c7233418419b6999c09be40f880.jpg,0,3022
C:\Users\16610\Desktop\.workbuddy\.workbuddy\saint_george_classifier\data\raw\non_georges\6aa72d5b9412dd4c77c328c768542426.jpg,0,3024
C:\Users\16610\Desktop\.workbuddy\.workbuddy\saint_george_classifier\data\raw\non_georges\6abc89a5b4b40d290e4f59189475c039.jpg,0,3025
C:\Users\16610\Desktop\.workbuddy\.workbuddy\saint_george_classifier\data\raw\non_georges\6af8f1a62da654b5bc63b49d37684ef7.jpg,0,3027
C:\Users\16610\Desktop\.workbuddy\.workbuddy\saint_george_classifier\data\raw\non_georges\6afd2d855f3b6c5b19ec1491ac4e2155.jpg,0,3028
C:\Users\16610\Desktop\.workbuddy\.workbuddy\saint_george_classifier\data\raw\non_georges\6b1b07e535c5604cf01a3bb16e2daa68.jpg,0,3029
C:\Users\16610\Desktop\.workbuddy\.workbuddy\saint_george_classifier\data\raw\non_georges\6b2126db70256ed31f25412a91b0c8e9.jpg,0,2513
C:\Users\16610\Desktop\.workbuddy\.workbuddy\saint_george_classifier\data\raw\non_georges\6b4c406bf7658841c552144862aa0b9b.jpg,0,3031
C:\Users\16610\Desktop\.workbuddy\.workbuddy\saint_george_classifier\data\raw\non_georges\6b4ce96c57b3098f41216f5dff9e52b8.jpg,0,3032
C:\Users\16610\Desktop\.workbuddy\.workbuddy\saint_george_classifier\data\raw\non_georges\6b4ed942a8f498d38fcbb924d3158423.jpg,0,3033
C:\Users\16610\Desktop\.workbuddy\.workbuddy\saint_george_classifier\data\raw\non_georges\6b598526ce5577fbdcbe207fdf8eb8ee.jpg,0,3034
C:\Users\16610\Desktop\.workbuddy\.workbuddy\saint_george_classifier\data\raw\non_georges\6ba204f9f3d0a4041dbe6564d4f02966.jpg,0,3035
C:\Users\16610\Desktop\.workbuddy\.workbuddy\saint_george_classifier\data\raw\non_georges\6ba82d9cefe6efb7c418f03817ee6fac.jpg,0,3036
C:\Users\16610\Desktop\.workbuddy\.workbuddy\saint_george_classifier\data\raw\non_georges\6baaa8a18104481371c688442a367b3d.jpg,0,3037
C:\Users\16610\Desktop\.workbuddy\.workbuddy\saint_george_classifier\data\raw\non_georges\6bc1d74aa42d9392ac86a941db74acd4.jpg,0,3038
C:\Users\16610\Desktop\.workbuddy\.workbuddy\saint_george_classifier\data\raw\non_georges\6bcc537798e53d862120e41b5a03dd3a.jpg,0,3039
C:\Users\16610\Desktop\.workbuddy\.workbuddy\saint_george_classifier\data\raw\non_georges\6be06e2a56df28294563799eb2fdc660.jpg,0,3041
C:\Users\16610\Desktop\.workbuddy\.workbuddy\saint_george_classifier\data\raw\non_georges\6bf041824830b110df3268aa351a88ed.jpg,0,3042
C:\Users\16610\Desktop\.workbuddy\.workbuddy\saint_george_classifier\data\raw\non_georges\6c0b70dcca381fafda8bf3cfe988de9c.jpg,0,3043
C:\Users\16610\Desktop\.workbuddy\.workbuddy\saint_george_classifier\data\raw\non_georges\6c12290a98ece63407973aa0cfd8e0f8.jpg,0,3044
C:\Users\16610\Desktop\.workbuddy\.workbuddy\saint_george_classifier\data\raw\non_georges\6c1bff5e38944d9e8e1369b96378eced.jpg,0,3045
C:\Users\16610\Desktop\.workbuddy\.workbuddy\saint_george_classifier\data\raw\non_georges\6c2998921c455deb1d2ca95fc22904f9.jpg,0,3046
C:\Users\16610\Desktop\.workbuddy\.workbuddy\saint_george_classifier\data\raw\non_georges\6c3d763bdb73c5639f830871836b6f5e.jpg,0,3047
C:\Users\16610\Desktop\.workbuddy\.workbuddy\saint_george_classifier\data\raw\non_georges\6c4350222206cf98d5fd17f289e84c2f.jpg,0,3048
C:\Users\16610\Desktop\.workbuddy\.workbuddy\saint_george_classifier\data\raw\non_georges\6c50c7dcb16197ce57013d87c428e437.jpg,0,3049
C:\Users\16610\Desktop\.workbuddy\.workbuddy\saint_george_classifier\data\raw\non_georges\6c724618de0c7735ec845b1e3fd02e6f.jpg,0,3051
C:\Users\16610\Desktop\.workbuddy\.workbuddy\saint_george_classifier\data\raw\non_georges\6c731b2bdf50fcf402c6f9055a25ac28.jpg,0,3052
C:\Users\16610\Desktop\.workbuddy\.workbuddy\saint_george_classifier\data\raw\non_georges\6c8cbfb435ce17ecd12bb31e8fb8f127.jpg,0,3053
C:\Users\16610\Desktop\.workbuddy\.workbuddy\saint_george_classifier\data\raw\non_georges\6c904b428adf8c95f3cba8a36f797eb8.jpg,0,3054
C:\Users\16610\Desktop\.workbuddy\.workbuddy\saint_george_classifier\data\raw\non_georges\6ca8b4ce3517e04c98d1ea01ad46acff.jpg,0,3055
C:\Users\16610\Desktop\.workbuddy\.workbuddy\saint_george_classifier\data\raw\non_georges\6cb46d693c9bfcf95efa03de440a259f.jpg,0,3056
C:\Users\16610\Desktop\.workbuddy\.workbuddy\saint_george_classifier\data\raw\non_georges\6d433c4e63ed3e7cf11e577d79da5d07.jpg,0,3057
C:\Users\16610\Desktop\.workbuddy\.workbuddy\saint_george_classifier\data\raw\non_georges\6d56f639a95273604db68f13cca164b2.jpg,0,3060
C:\Users\16610\Desktop\.workbuddy\.workbuddy\saint_george_classifier\data\raw\non_georges\6d60dbee2f06323816a9aab668d7d831.jpg,0,3061
C:\Users\16610\Desktop\.workbuddy\.workbuddy\saint_george_classifier\data\raw\non_georges\6d7ad948ea7ba5b4dbf64ea9972ce984.jpg,0,3062
C:\Users\16610\Desktop\.workbuddy\.workbuddy\saint_george_classifier\data\raw\non_georges\6d8897a83c948bde4169853913b5c395.jpg,0,3063
C:\Users\16610\Desktop\.workbuddy\.workbuddy\saint_george_classifier\data\raw\non_georges\6d89d2f654cf8db74cbce7909ce2a1b2.jpg,0,3064
C:\Users\16610\Desktop\.workbuddy\.workbuddy\saint_george_classifier\data\raw\non_georges\6db9e5c75da39cf99fc0af2aeec5e7ab.jpg,0,3065
C:\Users\16610\Desktop\.workbuddy\.workbuddy\saint_george_classifier\data\raw\non_georges\6dc0345ccec6e8eb970e4e957064fe54.jpg,0,3066
C:\Users\16610\Desktop\.workbuddy\.workbuddy\saint_george_classifier\data\raw\non_georges\6dc60a7a70ec0526bf2d99f740d7fcd0.jpg,0,3068
C:\Users\16610\Desktop\.workbuddy\.workbuddy\saint_george_classifier\data\raw\non_georges\6dd153fce2b741ab7c74c6a9ceeb16bd.jpg,0,3069
C:\Users\16610\Desktop\.workbuddy\.workbuddy\saint_george_classifier\data\raw\non_georges\6e2b46daadff1176d6d47a4c3881f9ba.jpg,0,3070
C:\Users\16610\Desktop\.workbuddy\.workbuddy\saint_george_classifier\data\raw\non_georges\6e36631522e16d23d44e75a500b2f938.jpg,0,3071
C:\Users\16610\Desktop\.workbuddy\.workbuddy\saint_george_classifier\data\raw\non_georges\6e5051f16b2e7a3a611ca31f586e111c.jpg,0,3072
C:\Users\16610\Desktop\.workbuddy\.workbuddy\saint_george_classifier\data\raw\non_georges\6e5bbfa28ee48a46c3550aaf00580fd5.jpg,0,3073
C:\Users\16610\Desktop\.workbuddy\.workbuddy\saint_george_classifier\data\raw\non_georges\6e64fe03e3925c39b8bd37fd40b3c261.jpg,0,3074
C:\Users\16610\Desktop\.workbuddy\.workbuddy\saint_george_classifier\data\raw\non_georges\6e6a66e7177186777feaa8d0a3b89e81.jpg,0,2837
C:\Users\16610\Desktop\.workbuddy\.workbuddy\saint_george_classifier\data\raw\non_georges\6ec55ea5687e75ae943aafbd13365066.jpg,0,3076
C:\Users\16610\Desktop\.workbuddy\.workbuddy\saint_george_classifier\data\raw\non_georges\6ec804e78d31e937bfee8a769a76f09e.jpg,0,3077
C:\Users\16610\Desktop\.workbuddy\.workbuddy\saint_george_classifier\data\raw\non_georges\6ed1b64d34dcfdf9e4a83c8549fb4daa.jpg,0,3078
C:\Users\16610\Desktop\.workbuddy\.workbuddy\saint_george_classifier\data\raw\non_georges\6f02b97237dec6bde4dddfa55bda8c39.jpg,0,3079
C:\Users\16610\Desktop\.workbuddy\.workbuddy\saint_george_classifier\data\raw\non_georges\6f17074ad14adad8f7a93a17021ae7b4.jpg,0,3080
C:\Users\16610\Desktop\.workbuddy\.workbuddy\saint_george_classifier\data\raw\non_georges\6f1724ec249d522bdf88907c1664c1c9.jpg,0,3081
C:\Users\16610\Desktop\.workbuddy\.workbuddy\saint_george_classifier\data\raw\non_georges\6f192803ff31dc3557b8f2cf07efe9ea.jpg,0,3082
C:\Users\16610\Desktop\.workbuddy\.workbuddy\saint_george_classifier\data\raw\non_georges\6f3f9e0d0855e4e84f960b12574209f4.jpg,0,3085
C:\Users\16610\Desktop\.workbuddy\.workbuddy\saint_george_classifier\data\raw\non_georges\6f43fa9417d578189ccf9e0f4ae2eefe.jpg,0,3086
C:\Users\16610\Desktop\.workbuddy\.workbuddy\saint_george_classifier\data\raw\non_georges\6f5496a08e7a0dd3f213a67b91ba92c9.jpg,0,3088
C:\Users\16610\Desktop\.workbuddy\.workbuddy\saint_george_classifier\data\raw\non_georges\6f5fe8cda2a32085fa86c7ef3340c4c8.jpg,0,3089
C:\Users\16610\Desktop\.workbuddy\.workbuddy\saint_george_classifier\data\raw\non_georges\6f683cf5a635a8612b1bdeecc025346e.jpg,0,3090
C:\Users\16610\Desktop\.workbuddy\.workbuddy\saint_george_classifier\data\raw\non_georges\6f861eb2ceb08265af6db90f42867759.jpg,0,3092
C:\Users\16610\Desktop\.workbuddy\.workbuddy\saint_george_classifier\data\raw\non_georges\6f98d0c1a8264444c0691cd91355126e.jpg,0,3093
C:\Users\16610\Desktop\.workbuddy\.workbuddy\saint_george_classifier\data\raw\non_georges\6fa182a80c49deb28614122b58005c71.jpg,0,3094
C:\Users\16610\Desktop\.workbuddy\.workbuddy\saint_george_classifier\data\raw\non_georges\6faa4bba44e32744885d0251dd123222.jpg,0,3095
C:\Users\16610\Desktop\.workbuddy\.workbuddy\saint_george_classifier\data\raw\non_georges\6fc08c34b14d07c548bdcd202b8020ce.jpg,0,3096
C:\Users\16610\Desktop\.workbuddy\.workbuddy\saint_george_classifier\data\raw\non_georges\704e391ca0af06b78c662ddcd74e8d5d.jpg,0,3098
C:\Users\16610\Desktop\.workbuddy\.workbuddy\saint_george_classifier\data\raw\non_georges\7065df824866dcabf86b75de400bcbc4.jpg,0,3099
C:\Users\16610\Desktop\.workbuddy\.workbuddy\saint_george_classifier\data\raw\non_georges\706fa4e73dc0dfe5001a1483f72d87bb.jpg,0,3100
C:\Users\16610\Desktop\.workbuddy\.workbuddy\saint_george_classifier\data\raw\non_georges\70b20778444040cbbb764dcd78f0f30e.jpg,0,3101
C:\Users\16610\Desktop\.workbuddy\.workbuddy\saint_george_classifier\data\raw\non_georges\70c814d19c6b7e141b12d3b9ab26e061.jpg,0,3102
C:\Users\16610\Desktop\.workbuddy\.workbuddy\saint_george_classifier\data\raw\non_georges\70ddb479afc1b44c30f8b5d12c35a0f7.jpg,0,3104
C:\Users\16610\Desktop\.workbuddy\.workbuddy\saint_george_classifier\data\raw\non_georges\70f4a8d959248783f772b682469b6333.jpg,0,3105
C:\Users\16610\Desktop\.workbuddy\.workbuddy\saint_george_classifier\data\raw\non_georges\712bf65004fd5e0ef64c1d6147ee5beb.jpg,0,3107
C:\Users\16610\Desktop\.workbuddy\.workbuddy\saint_george_classifier\data\raw\non_georges\715a3329c03c6886fb38366a12d6c0ed.jpg,0,3108
C:\Users\16610\Desktop\.workbuddy\.workbuddy\saint_george_classifier\data\raw\non_georges\71671b18504f183a6a73143db32fdf35.jpg,0,3110
C:\Users\16610\Desktop\.workbuddy\.workbuddy\saint_george_classifier\data\raw\non_georges\718b93cd8d48ad3d218d2f84dd019d90.jpg,0,3111
C:\Users\16610\Desktop\.workbuddy\.workbuddy\saint_george_classifier\data\raw\non_georges\718c8589a0e89c29ad17d0696c7fb4a6.jpg,0,3112
C:\Users\16610\Desktop\.workbuddy\.workbuddy\saint_george_classifier\data\raw\non_georges\718fd469f31654294146912e6f1ce615.jpg,0,3113
C:\Users\16610\Desktop\.workbuddy\.workbuddy\saint_george_classifier\data\raw\non_georges\7194181df687b4830801687f38f02579.jpg,0,3114
C:\Users\16610\Desktop\.workbuddy\.workbuddy\saint_george_classifier\data\raw\non_georges\719f95022c22fd4dfe3be171dcc3cd35.jpg,0,3116
C:\Users\16610\Desktop\.workbuddy\.workbuddy\saint_george_classifier\data\raw\non_georges\71b72a072dbe04bcd4e59c1dc138f64b.jpg,0,3117
C:\Users\16610\Desktop\.workbuddy\.workbuddy\saint_george_classifier\data\raw\non_georges\71e3f2f3addc49c9756d72491251fb8e.jpg,0,3118
C:\Users\16610\Desktop\.workbuddy\.workbuddy\saint_george_classifier\data\raw\non_georges\71f6e0bdce7252fff6e356cfc1782b6d.jpg,0,3119
C:\Users\16610\Desktop\.workbuddy\.workbuddy\saint_george_classifier\data\raw\non_georges\721768e673f63f27542b86f5741eb460.jpg,0,3121
C:\Users\16610\Desktop\.workbuddy\.workbuddy\saint_george_classifier\data\raw\non_georges\7247d4cf00c0f3d32203379214008020.jpg,0,3122
C:\Users\16610\Desktop\.workbuddy\.workbuddy\saint_george_classifier\data\raw\non_georges\72762773c22db8dd81e902ace2ebb818.jpg,0,3123
C:\Users\16610\Desktop\.workbuddy\.workbuddy\saint_george_classifier\data\raw\non_georges\72b5725d75699df368507c5d0cc9d9ba.jpg,0,3125
C:\Users\16610\Desktop\.workbuddy\.workbuddy\saint_george_classifier\data\raw\non_georges\72beea2aabbf93e3a4c2e52a7f3a937a.jpg,0,3126
C:\Users\16610\Desktop\.workbuddy\.workbuddy\saint_george_classifier\data\raw\non_georges\72c8fc209c59161f54c2eb1db845afb6.jpg,0,2063
C:\Users\16610\Desktop\.workbuddy\.workbuddy\saint_george_classifier\data\raw\non_georges\72d3831f71eab0dc83058d83154e7bc4.jpg,0,3127
C:\Users\16610\Desktop\.workbuddy\.workbuddy\saint_george_classifier\data\raw\non_georges\72fbbe331bec9cabb40448e3930cf37e.jpg,0,2966
C:\Users\16610\Desktop\.workbuddy\.workbuddy\saint_george_classifier\data\raw\non_georges\72fc09226e20b7792a6a2ff2fb365d26.jpg,0,3128
C:\Users\16610\Desktop\.workbuddy\.workbuddy\saint_george_classifier\data\raw\non_georges\7328ff5534b54b4080a2282b851812e6.jpg,0,3129
C:\Users\16610\Desktop\.workbuddy\.workbuddy\saint_george_classifier\data\raw\non_georges\7353e636cae5cd4eb3e6714ccaa15b32.jpg,0,2191
C:\Users\16610\Desktop\.workbuddy\.workbuddy\saint_george_classifier\data\raw\non_georges\739be16feec4f910fcf183946964cb64.jpg,0,3130
C:\Users\16610\Desktop\.workbuddy\.workbuddy\saint_george_classifier\data\raw\non_georges\73a60b5ac491a50d7c487c8fad94e94f.jpg,0,3131
C:\Users\16610\Desktop\.workbuddy\.workbuddy\saint_george_classifier\data\raw\non_georges\73a68636850ce566b5e1c55422994a59.jpg,0,3132
C:\Users\16610\Desktop\.workbuddy\.workbuddy\saint_george_classifier\data\raw\non_georges\73dacd531119b82845a5e4126df78dae.jpg,0,2206
C:\Users\16610\Desktop\.workbuddy\.workbuddy\saint_george_classifier\data\raw\non_georges\73e5dda5b718d3468f080012618228a1.jpg,0,3133
C:\Users\16610\Desktop\.workbuddy\.workbuddy\saint_george_classifier\data\raw\non_georges\73ec24449c5d79d7555be4e1c254d98b.jpg,0,3134
C:\Users\16610\Desktop\.workbuddy\.workbuddy\saint_george_classifier\data\raw\non_georges\741f3c75f2804390944b87ca3c0360e0.jpg,0,3136
C:\Users\16610\Desktop\.workbuddy\.workbuddy\saint_george_classifier\data\raw\non_georges\742961b49b27395cde22f53494e7a970.jpg,0,3137
C:\Users\16610\Desktop\.workbuddy\.workbuddy\saint_george_classifier\data\raw\non_georges\742d44bfc3725163252c1e9743aad581.jpg,0,1914
C:\Users\16610\Desktop\.workbuddy\.workbuddy\saint_george_classifier\data\raw\non_georges\743b5500a27913462152be6257fe83b3.jpg,0,3138
C:\Users\16610\Desktop\.workbuddy\.workbuddy\saint_george_classifier\data\raw\non_georges\7449192eefca8e23ca6bac7d266d3a94.jpg,0,1994
C:\Users\16610\Desktop\.workbuddy\.workbuddy\saint_george_classifier\data\raw\non_georges\747ca6a6c31de6b600c45da1562995ad.jpg,0,3140
C:\Users\16610\Desktop\.workbuddy\.workbuddy\saint_george_classifier\data\raw\non_georges\74ddfaee4024fdec25ba76c017d2d4d0.jpg,0,3141
C:\Users\16610\Desktop\.workbuddy\.workbuddy\saint_george_classifier\data\raw\non_georges\74de9c67799c5dee7a718f1135c7f3d9.jpg,0,3142
C:\Users\16610\Desktop\.workbuddy\.workbuddy\saint_george_classifier\data\raw\non_georges\74e25f891c6f167387a902ea86e67d14.jpg,0,3143
C:\Users\16610\Desktop\.workbuddy\.workbuddy\saint_george_classifier\data\raw\non_georges\74e5e9c1da7308096b4014cfd60a3683.jpg,0,3144
C:\Users\16610\Desktop\.workbuddy\.workbuddy\saint_george_classifier\data\raw\non_georges\751aadbcfb64b2defc03969bbba07305.jpg,0,3145
C:\Users\16610\Desktop\.workbuddy\.workbuddy\saint_george_classifier\data\raw\non_georges\7548697878b54b58042cb8b1e0c37cc9.jpg,0,3147
C:\Users\16610\Desktop\.workbuddy\.workbuddy\saint_george_classifier\data\raw\non_georges\7552561b0d902f49a7dd0a94d9264451.jpg,0,3148
C:\Users\16610\Desktop\.workbuddy\.workbuddy\saint_george_classifier\data\raw\non_georges\7572446d7fa38bd5b51f81bbe431c840.jpg,0,2539
C:\Users\16610\Desktop\.workbuddy\.workbuddy\saint_george_classifier\data\raw\non_georges\7587a104622680d6beb0c38c2843ca0c.jpg,0,3149
C:\Users\16610\Desktop\.workbuddy\.workbuddy\saint_george_classifier\data\raw\non_georges\75948bf57cc17c6e3b88e73d9c3814c1.jpg,0,3150
C:\Users\16610\Desktop\.workbuddy\.workbuddy\saint_george_classifier\data\raw\non_georges\759746cd6f87c164cfef976e831a99b6.jpg,0,3151
C:\Users\16610\Desktop\.workbuddy\.workbuddy\saint_george_classifier\data\raw\non_georges\759d300f96c404ad2314adbd0482d426.jpg,0,3152
C:\Users\16610\Desktop\.workbuddy\.workbuddy\saint_george_classifier\data\raw\non_georges\759d5aae1066b699c7bd3d834529869f.jpg,0,3153
C:\Users\16610\Desktop\.workbuddy\.workbuddy\saint_george_classifier\data\raw\non_georges\75a540a6ffc17491b2ea6f57e50bb92b.jpg,0,3154
C:\Users\16610\Desktop\.workbuddy\.workbuddy\saint_george_classifier\data\raw\non_georges\75a914177840c901da78bdcca60e1710.jpg,0,3155
C:\Users\16610\Desktop\.workbuddy\.workbuddy\saint_george_classifier\data\raw\non_georges\75bd43e1062750cdc7f0fa691a62246d.jpg,0,3156
C:\Users\16610\Desktop\.workbuddy\.workbuddy\saint_george_classifier\data\raw\non_georges\75d329eb5a778a79746c3af899e1cf13.jpg,0,3157
C:\Users\16610\Desktop\.workbuddy\.workbuddy\saint_george_classifier\data\raw\non_georges\75e06c95a43b7b96e6b2b2db598424f0.jpg,0,3158
C:\Users\16610\Desktop\.workbuddy\.workbuddy\saint_george_classifier\data\raw\non_georges\75e1c65c54cf437798ce5649cfc18d18.jpg,0,3159
C:\Users\16610\Desktop\.workbuddy\.workbuddy\saint_george_classifier\data\raw\non_georges\75f27a9dd95baddd62503b4881880981.jpg,0,3161
C:\Users\16610\Desktop\.workbuddy\.workbuddy\saint_george_classifier\data\raw\non_georges\762826e9b34e462fa438bd01ca1f4c38.jpg,0,3162
C:\Users\16610\Desktop\.workbuddy\.workbuddy\saint_george_classifier\data\raw\non_georges\763ed4f6bc144b9998197ee14d34bb52.jpg,0,1914
C:\Users\16610\Desktop\.workbuddy\.workbuddy\saint_george_classifier\data\raw\non_georges\764ced9db4ac260d8342c730512d858d.jpg,0,2758
C:\Users\16610\Desktop\.workbuddy\.workbuddy\saint_george_classifier\data\raw\non_georges\765880961814685c8a3c58b8775b67ae.jpg,0,3164
C:\Users\16610\Desktop\.workbuddy\.workbuddy\saint_george_classifier\data\raw\non_georges\765e5b5d0b7d93d28c9f6e4fb4f097f8.jpg,0,3165
C:\Users\16610\Desktop\.workbuddy\.workbuddy\saint_george_classifier\data\raw\non_georges\765f6d2f37c8fbea2939feec487eb3e2.jpg,0,3166
C:\Users\16610\Desktop\.workbuddy\.workbuddy\saint_george_classifier\data\raw\non_georges\766f264d0b79517f63a774a89b900489.jpg,0,3167
C:\Users\16610\Desktop\.workbuddy\.workbuddy\saint_george_classifier\data\raw\non_georges\7681f3b860cd64e5b55eef449c0c37c3.jpg,0,3168
C:\Users\16610\Desktop\.workbuddy\.workbuddy\saint_george_classifier\data\raw\non_georges\76d8928ec105feaea0ae5c59aa0b5329.jpg,0,3170
C:\Users\16610\Desktop\.workbuddy\.workbuddy\saint_george_classifier\data\raw\non_georges\76e22d778955f68de9d84399551db8be.jpg,0,3171
C:\Users\16610\Desktop\.workbuddy\.workbuddy\saint_george_classifier\data\raw\non_georges\771f787d4dbb42af93648192642be495.jpg,0,3172
C:\Users\16610\Desktop\.workbuddy\.workbuddy\saint_george_classifier\data\raw\non_georges\772462e86d918bddf918fe2b37104e5a.jpg,0,2976
C:\Users\16610\Desktop\.workbuddy\.workbuddy\saint_george_classifier\data\raw\non_georges\7734ffad6e8315861ecebe86f002e544.jpg,0,3173
C:\Users\16610\Desktop\.workbuddy\.workbuddy\saint_george_classifier\data\raw\non_georges\7744246af314823fae3bb5246a3eba86.jpg,0,3174
C:\Users\16610\Desktop\.workbuddy\.workbuddy\saint_george_classifier\data\raw\non_georges\776753c14eeb066cbb0e02114d40219a.jpg,0,3175
C:\Users\16610\Desktop\.workbuddy\.workbuddy\saint_george_classifier\data\raw\non_georges\777af82469453e6bea9b646a9f0fd514.jpg,0,3176
C:\Users\16610\Desktop\.workbuddy\.workbuddy\saint_george_classifier\data\raw\non_georges\77829aaf400254e55e3a8d640548bc1a.jpg,0,3177
C:\Users\16610\Desktop\.workbuddy\.workbuddy\saint_george_classifier\data\raw\non_georges\778a800e47f23bafabc6164d52148914.jpg,0,3178
C:\Users\16610\Desktop\.workbuddy\.workbuddy\saint_george_classifier\data\raw\non_georges\77c13be653a58906495751cf904fce0d.jpg,0,3180
C:\Users\16610\Desktop\.workbuddy\.workbuddy\saint_george_classifier\data\raw\non_georges\77cbb8965fab0696adf741f15fd4e079.jpg,0,3181
C:\Users\16610\Desktop\.workbuddy\.workbuddy\saint_george_classifier\data\raw\non_georges\77eac988342b1074f7e7a37e9d18b693.jpg,0,1781
C:\Users\16610\Desktop\.workbuddy\.workbuddy\saint_george_classifier\data\raw\non_georges\78017df4da5ffaf09d0c59172d216426.jpg,0,3183
C:\Users\16610\Desktop\.workbuddy\.workbuddy\saint_george_classifier\data\raw\non_georges\780a3f73646ea6809032dc68af9b882e.jpg,0,3184
C:\Users\16610\Desktop\.workbuddy\.workbuddy\saint_george_classifier\data\raw\non_georges\782b55250eec6e9b41050439c6c92a8f.jpg,0,3185
C:\Users\16610\Desktop\.workbuddy\.workbuddy\saint_george_classifier\data\raw\non_georges\7863a2404af5741f6d9fdcb2e4ffad02.jpg,0,3187
C:\Users\16610\Desktop\.workbuddy\.workbuddy\saint_george_classifier\data\raw\non_georges\78779523e1d78200f7d3dff7ce26ce2f.jpg,0,3188
C:\Users\16610\Desktop\.workbuddy\.workbuddy\saint_george_classifier\data\raw\non_georges\7885aa69a21e123631b76858dcc971b0.jpg,0,3189
C:\Users\16610\Desktop\.workbuddy\.workbuddy\saint_george_classifier\data\raw\non_georges\78960eba7d868c0010eb8c3740c4e622.jpg,0,3190
C:\Users\16610\Desktop\.workbuddy\.workbuddy\saint_george_classifier\data\raw\non_georges\78b3981b49258f6776b0e856a20e4d43.jpg,0,3191
C:\Users\16610\Desktop\.workbuddy\.workbuddy\saint_george_classifier\data\raw\non_georges\78ba18f51a5e95a54a2dab2327812c78.jpg,0,3192
C:\Users\16610\Desktop\.workbuddy\.workbuddy\saint_george_classifier\data\raw\non_georges\78daec183840c8f9cf5402d41d998380.jpg,0,3193
C:\Users\16610\Desktop\.workbuddy\.workbuddy\saint_george_classifier\data\raw\non_georges\78fec8d9b642a0f67778130f98d97ac9.jpg,0,1852
C:\Users\16610\Desktop\.workbuddy\.workbuddy\saint_george_classifier\data\raw\non_georges\790531a9441a9fde4c4d72238d131157.jpg,0,3194
C:\Users\16610\Desktop\.workbuddy\.workbuddy\saint_george_classifier\data\raw\non_georges\790f77769470a0183fa307828f407a62.jpg,0,3195
C:\Users\16610\Desktop\.workbuddy\.workbuddy\saint_george_classifier\data\raw\non_georges\792c7c6418e124ea546efcd5ef88a422.jpg,0,3197
C:\Users\16610\Desktop\.workbuddy\.workbuddy\saint_george_classifier\data\raw\non_georges\793c5247027508903dcca1af48c8c01b.jpg,0,3198
C:\Users\16610\Desktop\.workbuddy\.workbuddy\saint_george_classifier\data\raw\non_georges\7944dfed04af79185c74e7cf6134dbf7.jpg,0,3199
C:\Users\16610\Desktop\.workbuddy\.workbuddy\saint_george_classifier\data\raw\non_georges\7945f58c0cf752c89c504be95c17e041.jpg,0,3200
C:\Users\16610\Desktop\.workbuddy\.workbuddy\saint_george_classifier\data\raw\non_georges\7956a4d7facdf9fd90e74590f9609070.jpg,0,2539
C:\Users\16610\Desktop\.workbuddy\.workbuddy\saint_george_classifier\data\raw\non_georges\7976f4a522d08e96034364b1ff23c3b8.jpg,0,3202
C:\Users\16610\Desktop\.workbuddy\.workbuddy\saint_george_classifier\data\raw\non_georges\79a8b150ef5f4d7b09f903b644efe4c3.jpg,0,3203
C:\Users\16610\Desktop\.workbuddy\.workbuddy\saint_george_classifier\data\raw\non_georges\79b7e06f2e64e121903375d2052e4942.jpg,0,3204
C:\Users\16610\Desktop\.workbuddy\.workbuddy\saint_george_classifier\data\raw\non_georges\79bc6131b28aa633073c578dfe629965.jpg,0,3205
C:\Users\16610\Desktop\.workbuddy\.workbuddy\saint_george_classifier\data\raw\non_georges\79d0c621979535c7673c4341f16e53e0.jpg,0,3206
C:\Users\16610\Desktop\.workbuddy\.workbuddy\saint_george_classifier\data\raw\non_georges\79def3336d37392cef154167fc272cc0.jpg,0,3207
C:\Users\16610\Desktop\.workbuddy\.workbuddy\saint_george_classifier\data\raw\non_georges\79e7b7431c7d9d3c6ef051b77eecb430.jpg,0,3208
C:\Users\16610\Desktop\.workbuddy\.workbuddy\saint_george_classifier\data\raw\non_georges\79ed08089644809a4f5e6f5af77c9f38.jpg,0,3209
C:\Users\16610\Desktop\.workbuddy\.workbuddy\saint_george_classifier\data\raw\non_georges\7a28ff2ee25bed23db6fd91d7b73fcfb.jpg,0,3210
C:\Users\16610\Desktop\.workbuddy\.workbuddy\saint_george_classifier\data\raw\non_georges\7a40e8ba0a82a6891c3e5fcc6d902033.jpg,0,3211
C:\Users\16610\Desktop\.workbuddy\.workbuddy\saint_george_classifier\data\raw\non_georges\7a86683e5574e595e2768c1c147b1dea.jpg,0,3214
C:\Users\16610\Desktop\.workbuddy\.workbuddy\saint_george_classifier\data\raw\non_georges\7a8844d11820efa8864d960911ec424a.jpg,0,3215
C:\Users\16610\Desktop\.workbuddy\.workbuddy\saint_george_classifier\data\raw\non_georges\7a90acd72ece31fbae996afb2ddeabfe.jpg,0,3216
C:\Users\16610\Desktop\.workbuddy\.workbuddy\saint_george_classifier\data\raw\non_georges\7ab8d61774b2d4d3cc2baae2de3ee0d6.jpg,0,3218
C:\Users\16610\Desktop\.workbuddy\.workbuddy\saint_george_classifier\data\raw\non_georges\7ab90841418d28e6c44454841c4ff624.jpg,0,3219
C:\Users\16610\Desktop\.workbuddy\.workbuddy\saint_george_classifier\data\raw\non_georges\7ac68a365babe3a7d26733e702d3a887.jpg,0,3220
C:\Users\16610\Desktop\.workbuddy\.workbuddy\saint_george_classifier\data\raw\non_georges\7ae3cf426482794f084592c03290459b.jpg,0,3221
C:\Users\16610\Desktop\.workbuddy\.workbuddy\saint_george_classifier\data\raw\non_georges\7aef822bc537fe1fe6580d9064630d3a.jpg,0,3223
C:\Users\16610\Desktop\.workbuddy\.workbuddy\saint_george_classifier\data\raw\non_georges\7b20b3f389d5f1cd8989c70ff312281a.jpg,0,3226
C:\Users\16610\Desktop\.workbuddy\.workbuddy\saint_george_classifier\data\raw\non_georges\7b3200d1f2445cef99e476c4eb5b48e1.jpg,0,3227
C:\Users\16610\Desktop\.workbuddy\.workbuddy\saint_george_classifier\data\raw\non_georges\7b702efaa180944ab6dac8d0cfe82c6f.jpg,0,3228
C:\Users\16610\Desktop\.workbuddy\.workbuddy\saint_george_classifier\data\raw\non_georges\7be96e55f2bb899bdb6603ef1537ec3f.jpg,0,3229
C:\Users\16610\Desktop\.workbuddy\.workbuddy\saint_george_classifier\data\raw\non_georges\7bf3a31e41da2036813ee2a53de69255.jpg,0,3230
C:\Users\16610\Desktop\.workbuddy\.workbuddy\saint_george_classifier\data\raw\non_georges\7c0f1c8920b973ad1e024017c9d91d3f.jpg,0,3231
C:\Users\16610\Desktop\.workbuddy\.workbuddy\saint_george_classifier\data\raw\non_georges\7c16d4288ab7231fc900f45b8eefb908.jpg,0,3232
C:\Users\16610\Desktop\.workbuddy\.workbuddy\saint_george_classifier\data\raw\non_georges\7c285f2b8878ce5cabd9d4b59688721e.jpg,0,3233
C:\Users\16610\Desktop\.workbuddy\.workbuddy\saint_george_classifier\data\raw\non_georges\7c5f291b33504d07586b3dbb4689790a.jpg,0,3234
C:\Users\16610\Desktop\.workbuddy\.workbuddy\saint_george_classifier\data\raw\non_georges\7c6b38e5fec5895437abb7e46f360cbe.jpg,0,2070
C:\Users\16610\Desktop\.workbuddy\.workbuddy\saint_george_classifier\data\raw\non_georges\7c7104be6e96732df1d7b35e61294c46.jpg,0,3235
C:\Users\16610\Desktop\.workbuddy\.workbuddy\saint_george_classifier\data\raw\non_georges\7c7717d9d0059693603cb0e9587b2a15.jpg,0,3236
C:\Users\16610\Desktop\.workbuddy\.workbuddy\saint_george_classifier\data\raw\non_georges\7c88144cce98a351ef75fa5f351bd22d.jpg,0,3237
C:\Users\16610\Desktop\.workbuddy\.workbuddy\saint_george_classifier\data\raw\non_georges\7c95d5e57f1b098417e8e1780077d472.jpg,0,3238
C:\Users\16610\Desktop\.workbuddy\.workbuddy\saint_george_classifier\data\raw\non_georges\7cb548f044b7c65a82c6c13ff7939506.jpg,0,3239
C:\Users\16610\Desktop\.workbuddy\.workbuddy\saint_george_classifier\data\raw\non_georges\7cbe9a00dea7287257df13773df00731.jpg,0,3240
C:\Users\16610\Desktop\.workbuddy\.workbuddy\saint_george_classifier\data\raw\non_georges\7cc0dce7f62c7a4e471fb20480421cf1.jpg,0,3241
C:\Users\16610\Desktop\.workbuddy\.workbuddy\saint_george_classifier\data\raw\non_georges\7cd13ed9bd269773e61815999f24007d.jpg,0,3242
C:\Users\16610\Desktop\.workbuddy\.workbuddy\saint_george_classifier\data\raw\non_georges\7cef1feeeaa70019b9effe174536d7e6.jpg,0,3245
C:\Users\16610\Desktop\.workbuddy\.workbuddy\saint_george_classifier\data\raw\non_georges\7d01c74846cfabfb7b92edcb79e68398.jpg,0,3246
C:\Users\16610\Desktop\.workbuddy\.workbuddy\saint_george_classifier\data\raw\non_georges\7d11648aa3e3f499c50d827d5ef5f77b.jpg,0,3248
C:\Users\16610\Desktop\.workbuddy\.workbuddy\saint_george_classifier\data\raw\non_georges\7d2490bdb11e270126387133aab34927.jpg,0,3249
C:\Users\16610\Desktop\.workbuddy\.workbuddy\saint_george_classifier\data\raw\non_georges\7d6101492b5e4ad34353b51df57cc9ee.jpg,0,3250
C:\Users\16610\Desktop\.workbuddy\.workbuddy\saint_george_classifier\data\raw\non_georges\7d61bc793c24085a98f179b1d86bdad4.jpg,0,3251
C:\Users\16610\Desktop\.workbuddy\.workbuddy\saint_george_classifier\data\raw\non_georges\7d8b7d071723813e341d5e975f5c4838.jpg,0,3252
C:\Users\16610\Desktop\.workbuddy\.workbuddy\saint_george_classifier\data\raw\non_georges\7d93befcf82355840aa5e56c97d26079.jpg,0,3253
C:\Users\16610\Desktop\.workbuddy\.workbuddy\saint_george_classifier\data\raw\non_georges\7da976981fefa32694938fc8234d9531.jpg,0,3254
C:\Users\16610\Desktop\.workbuddy\.workbuddy\saint_george_classifier\data\raw\non_georges\7dc81b34364fa31e42fa42522725881c.jpg,0,3255
C:\Users\16610\Desktop\.workbuddy\.workbuddy\saint_george_classifier\data\raw\non_georges\7dce6c33c70e0d98fce4d7e248e7ac16.jpg,0,3256
C:\Users\16610\Desktop\.workbuddy\.workbuddy\saint_george_classifier\data\raw\non_georges\7dd03902794dcf14293150b70be5c56c.jpg,0,2701
C:\Users\16610\Desktop\.workbuddy\.workbuddy\saint_george_classifier\data\raw\non_georges\7e28c3c9a677dacbb1beddc6e8d9cdee.jpg,0,3257
C:\Users\16610\Desktop\.workbuddy\.workbuddy\saint_george_classifier\data\raw\non_georges\7e3976912e92de3de482565ea872a230.jpg,0,3258
C:\Users\16610\Desktop\.workbuddy\.workbuddy\saint_george_classifier\data\raw\non_georges\7e3cc57bb16ccd5777013e0ad8734280.jpg,0,3259
C:\Users\16610\Desktop\.workbuddy\.workbuddy\saint_george_classifier\data\raw\non_georges\7e62792f1f6b07912f4a025df63638d3.jpg,0,3261
C:\Users\16610\Desktop\.workbuddy\.workbuddy\saint_george_classifier\data\raw\non_georges\7e96cd26352e781ed0e435ecc9c8b2f9.jpg,0,3263
C:\Users\16610\Desktop\.workbuddy\.workbuddy\saint_george_classifier\data\raw\non_georges\7eac8cf15d3cac6d0102d3b5c291b567.jpg,0,3264
C:\Users\16610\Desktop\.workbuddy\.workbuddy\saint_george_classifier\data\raw\non_georges\7eb5b3d5f06b8ac8e347b939ce9238dd.jpg,0,3265
C:\Users\16610\Desktop\.workbuddy\.workbuddy\saint_george_classifier\data\raw\non_georges\7ed06d9e8af3ad75a09471df31acfb7f.jpg,0,3266
C:\Users\16610\Desktop\.workbuddy\.workbuddy\saint_george_classifier\data\raw\non_georges\7ed3fe6026f6370a603f0a8cb6e36936.jpg,0,3267
C:\Users\16610\Desktop\.workbuddy\.workbuddy\saint_george_classifier\data\raw\non_georges\7ed492e3f9c0320cf1f33f46f8cf106a.jpg,0,3268
C:\Users\16610\Desktop\.workbuddy\.workbuddy\saint_george_classifier\data\raw\non_georges\7ed74f013bce7a16e3fbbd9295c9315d.jpg,0,3269
C:\Users\16610\Desktop\.workbuddy\.workbuddy\saint_george_classifier\data\raw\non_georges\7ef51342329cfe4f517260777482c9c8.jpg,0,3270
C:\Users\16610\Desktop\.workbuddy\.workbuddy\saint_george_classifier\data\raw\non_georges\7f1492f95c565ed351d7f9a359a4b1cb.jpg,0,3164
C:\Users\16610\Desktop\.workbuddy\.workbuddy\saint_george_classifier\data\raw\non_georges\7f18a511a7dafe1f233bc153b9a3fb65.jpg,0,3271
C:\Users\16610\Desktop\.workbuddy\.workbuddy\saint_george_classifier\data\raw\non_georges\7f36c320165d5bc7e1939f7c81247711.jpg,0,3272
C:\Users\16610\Desktop\.workbuddy\.workbuddy\saint_george_classifier\data\raw\non_georges\7f4adef5cd8ad40001a5408ea0b1fe51.jpg,0,3273
C:\Users\16610\Desktop\.workbuddy\.workbuddy\saint_george_classifier\data\raw\non_georges\7f50d6390f99308ab8ba1b13cca3f7f8.jpg,0,3274
C:\Users\16610\Desktop\.workbuddy\.workbuddy\saint_george_classifier\data\raw\non_georges\7f77d3ee1fc4acbe9b1f63106e004e4c.jpg,0,3275
C:\Users\16610\Desktop\.workbuddy\.workbuddy\saint_george_classifier\data\raw\non_georges\7f9b2d4318e4b648cdc00fbc80bb3a58.jpg,0,3276
C:\Users\16610\Desktop\.workbuddy\.workbuddy\saint_george_classifier\data\raw\non_georges\7fade6d09d6c82aaa22891b9b2040f42.jpg,0,3277
C:\Users\16610\Desktop\.workbuddy\.workbuddy\saint_george_classifier\data\raw\non_georges\7fb12af46a4212c8fe7e0a36043be85c.jpg,0,2235
C:\Users\16610\Desktop\.workbuddy\.workbuddy\saint_george_classifier\data\raw\non_georges\7fc1b12e53128af6e66f44f472fe57a9.jpg,0,3278
C:\Users\16610\Desktop\.workbuddy\.workbuddy\saint_george_classifier\data\raw\non_georges\7fce62d4c71c1185cb6db04b4142d748.jpg,0,3279
C:\Users\16610\Desktop\.workbuddy\.workbuddy\saint_george_classifier\data\raw\non_georges\7fe94e22d2560e983819162840b2ccb7.jpg,0,3280
C:\Users\16610\Desktop\.workbuddy\.workbuddy\saint_george_classifier\data\raw\non_georges\802b201486367edff6b155858ba2da53.jpg,0,3282
C:\Users\16610\Desktop\.workbuddy\.workbuddy\saint_george_classifier\data\raw\non_georges\807c34333eb51435da54024b8796c1fb.jpg,0,3284
C:\Users\16610\Desktop\.workbuddy\.workbuddy\saint_george_classifier\data\raw\non_georges\80b05434f1d58baee951b5beddeaf9bd.jpg,0,3286
C:\Users\16610\Desktop\.workbuddy\.workbuddy\saint_george_classifier\data\raw\non_georges\80c0d1dccc4f81e1fa1b2d4b79476ca4.jpg,0,3288
C:\Users\16610\Desktop\.workbuddy\.workbuddy\saint_george_classifier\data\raw\non_georges\80c1514e8cccb2becc484d6356f0764c.jpg,0,3289
C:\Users\16610\Desktop\.workbuddy\.workbuddy\saint_george_classifier\data\raw\non_georges\80ea98f1e3bde859a58a219802c3a49b.jpg,0,2240
C:\Users\16610\Desktop\.workbuddy\.workbuddy\saint_george_classifier\data\raw\non_georges\80f79b050e7afd93bc690c325e6454b5.jpg,0,3290
C:\Users\16610\Desktop\.workbuddy\.workbuddy\saint_george_classifier\data\raw\non_georges\80f85eef4f7392ce6d3a2c112043634e.jpg,0,3291
C:\Users\16610\Desktop\.workbuddy\.workbuddy\saint_george_classifier\data\raw\non_georges\810b76972c3dceac2bcc27ec38ee4c95.jpg,0,3292
C:\Users\16610\Desktop\.workbuddy\.workbuddy\saint_george_classifier\data\raw\non_georges\810b9ff91f3f4aa18871154d43077f97.jpg,0,3293
C:\Users\16610\Desktop\.workbuddy\.workbuddy\saint_george_classifier\data\raw\non_georges\811c58e8a778eb6d96f390c3db2b7cc5.jpg,0,3295
C:\Users\16610\Desktop\.workbuddy\.workbuddy\saint_george_classifier\data\raw\non_georges\811dcdbc60a3d3634ac3d60dd2405ac8.jpg,0,3296
C:\Users\16610\Desktop\.workbuddy\.workbuddy\saint_george_classifier\data\raw\non_georges\816150e638d86a0e4d1ff6f7f6305250.jpg,0,3298
C:\Users\16610\Desktop\.workbuddy\.workbuddy\saint_george_classifier\data\raw\non_georges\8165ca9f0de1beb78e3ace808f6983e9.jpg,0,3299
C:\Users\16610\Desktop\.workbuddy\.workbuddy\saint_george_classifier\data\raw\non_georges\81734dd8b605bc8e4fc6c72fe28271b1.jpg,0,3300
C:\Users\16610\Desktop\.workbuddy\.workbuddy\saint_george_classifier\data\raw\non_georges\818323357dcb36a03ab3126d0203cd77.jpg,0,3301
C:\Users\16610\Desktop\.workbuddy\.workbuddy\saint_george_classifier\data\raw\non_georges\81967dc0d9be9dc4015db1a88908d940.jpg,0,3302
C:\Users\16610\Desktop\.workbuddy\.workbuddy\saint_george_classifier\data\raw\non_georges\820643ec9267db9c4b17e44f68d161ea.jpg,0,3304
C:\Users\16610\Desktop\.workbuddy\.workbuddy\saint_george_classifier\data\raw\non_georges\82210c9dbd7e8ab3a817afe96e6e232b.jpg,0,3305
C:\Users\16610\Desktop\.workbuddy\.workbuddy\saint_george_classifier\data\raw\non_georges\822612925dc66dfbe337e5e04c060600.jpg,0,3306
C:\Users\16610\Desktop\.workbuddy\.workbuddy\saint_george_classifier\data\raw\non_georges\8245da087923eb1fd467f164aafcf2dd.jpg,0,3309
C:\Users\16610\Desktop\.workbuddy\.workbuddy\saint_george_classifier\data\raw\non_georges\825c38d635eb8b353df93c3bc8d05194.jpg,0,3310
C:\Users\16610\Desktop\.workbuddy\.workbuddy\saint_george_classifier\data\raw\non_georges\826778844aa126489e8464317a306d19.jpg,0,3311
C:\Users\16610\Desktop\.workbuddy\.workbuddy\saint_george_classifier\data\raw\non_georges\827f3f0f2438fbfb37ebf1aab1a82295.jpg,0,3312
C:\Users\16610\Desktop\.workbuddy\.workbuddy\saint_george_classifier\data\raw\non_georges\829b8fc28fa33c237577a4f8e8ce869d.jpg,0,3313
C:\Users\16610\Desktop\.workbuddy\.workbuddy\saint_george_classifier\data\raw\non_georges\82a135284a44b4e8137587c7a8ae1c88.jpg,0,3314
C:\Users\16610\Desktop\.workbuddy\.workbuddy\saint_george_classifier\data\raw\non_georges\82a8d1b646896819b6792d2acec23b10.jpg,0,3315
C:\Users\16610\Desktop\.workbuddy\.workbuddy\saint_george_classifier\data\raw\non_georges\82bb465deedbd8ed1d9cff190bb537ea.jpg,0,3316
C:\Users\16610\Desktop\.workbuddy\.workbuddy\saint_george_classifier\data\raw\non_georges\82cfd1c4854f0afcf23e7d88b171c53a.jpg,0,3317
C:\Users\16610\Desktop\.workbuddy\.workbuddy\saint_george_classifier\data\raw\non_georges\82f079a08f0abea1ffc5d11ad140ffcc.jpg,0,3318
C:\Users\16610\Desktop\.workbuddy\.workbuddy\saint_george_classifier\data\raw\non_georges\834aa171c40e5a5aa47cd27000716645.jpg,0,3319
C:\Users\16610\Desktop\.workbuddy\.workbuddy\saint_george_classifier\data\raw\non_georges\83755f937499b6ec52987b454252bc96.jpg,0,3320
C:\Users\16610\Desktop\.workbuddy\.workbuddy\saint_george_classifier\data\raw\non_georges\839e48f9adec9bbd04fc2de7ab98e0ba.jpg,0,3321
C:\Users\16610\Desktop\.workbuddy\.workbuddy\saint_george_classifier\data\raw\non_georges\839f9243de08e6588dd9909a0f12490e.jpg,0,3322
C:\Users\16610\Desktop\.workbuddy\.workbuddy\saint_george_classifier\data\raw\non_georges\83be9f3e0d47b324981b0633057862a1.jpg,0,3323
C:\Users\16610\Desktop\.workbuddy\.workbuddy\saint_george_classifier\data\raw\non_georges\83ccaff3645a1d4324f996b78f55ac3d.jpg,0,3324
C:\Users\16610\Desktop\.workbuddy\.workbuddy\saint_george_classifier\data\raw\non_georges\83d0faf885c60f052f31353a2033848b.jpg,0,3325
C:\Users\16610\Desktop\.workbuddy\.workbuddy\saint_george_classifier\data\raw\non_georges\83ee8417526fde7ecec9307d0f0e63e0.jpg,0,3326
C:\Users\16610\Desktop\.workbuddy\.workbuddy\saint_george_classifier\data\raw\non_georges\84182dd5e4cfa90426f19cdb03fe4d7f.jpg,0,3327
C:\Users\16610\Desktop\.workbuddy\.workbuddy\saint_george_classifier\data\raw\non_georges\843207da2dd1e7314cc4b3df16a60983.jpg,0,3328
C:\Users\16610\Desktop\.workbuddy\.workbuddy\saint_george_classifier\data\raw\non_georges\84366083911dc1c9366a5b3eac7d9528.jpg,0,3329
C:\Users\16610\Desktop\.workbuddy\.workbuddy\saint_george_classifier\data\raw\non_georges\8453e50f89506fb01d521ee2aa01584e.jpg,0,3331
C:\Users\16610\Desktop\.workbuddy\.workbuddy\saint_george_classifier\data\raw\non_georges\845bd0ab2a8c84a27a4e1c8a4aaa97c5.jpg,0,3332
C:\Users\16610\Desktop\.workbuddy\.workbuddy\saint_george_classifier\data\raw\non_georges\8470048757b930b45d1e9bfe62d57594.jpg,0,3333
C:\Users\16610\Desktop\.workbuddy\.workbuddy\saint_george_classifier\data\raw\non_georges\8491070bb87101ad93091e1cc97242fb.jpg,0,3334
C:\Users\16610\Desktop\.workbuddy\.workbuddy\saint_george_classifier\data\raw\non_georges\84c7fb8309910447830cc0f932b4f7c7.jpg,0,3335
C:\Users\16610\Desktop\.workbuddy\.workbuddy\saint_george_classifier\data\raw\non_georges\84da5792922472fc82d0ac255197690d.jpg,0,3336
C:\Users\16610\Desktop\.workbuddy\.workbuddy\saint_george_classifier\data\raw\non_georges\84dec41937a3469e6578ef02c4f634cf.jpg,0,3337
C:\Users\16610\Desktop\.workbuddy\.workbuddy\saint_george_classifier\data\raw\non_georges\853408395af9970b030d481f2ca7df44.jpg,0,3338
C:\Users\16610\Desktop\.workbuddy\.workbuddy\saint_george_classifier\data\raw\non_georges\85491a7426a95f1de547504038094333.jpg,0,3339
C:\Users\16610\Desktop\.workbuddy\.workbuddy\saint_george_classifier\data\raw\non_georges\8559076ff698f953561f180a09372ba5.jpg,0,3340
C:\Users\16610\Desktop\.workbuddy\.workbuddy\saint_george_classifier\data\raw\non_georges\856896f9c1f3b017872d7d4ed55f4fb6.jpg,0,3341
C:\Users\16610\Desktop\.workbuddy\.workbuddy\saint_george_classifier\data\raw\non_georges\856a1233dd487ea03c46a298e6abee1f.jpg,0,3342
C:\Users\16610\Desktop\.workbuddy\.workbuddy\saint_george_classifier\data\raw\non_georges\856fc8112233ca6b31ea2ecbd66997e5.jpg,0,3343
C:\Users\16610\Desktop\.workbuddy\.workbuddy\saint_george_classifier\data\raw\non_georges\857bac19de788db33b4d8b7a86388abb.jpg,0,3344
C:\Users\16610\Desktop\.workbuddy\.workbuddy\saint_george_classifier\data\raw\non_georges\857c68a4fb41436b82042ad1325f2502.jpg,0,3345
C:\Users\16610\Desktop\.workbuddy\.workbuddy\saint_george_classifier\data\raw\non_georges\8582e434998add82ba49b3e23732a858.jpg,0,3346
C:\Users\16610\Desktop\.workbuddy\.workbuddy\saint_george_classifier\data\raw\non_georges\85b28b4ce96540f199dd93ff2f287b91.jpg,0,3347
C:\Users\16610\Desktop\.workbuddy\.workbuddy\saint_george_classifier\data\raw\non_georges\85c55bae4284b50381dc429ec77fe4b6.jpg,0,3348
C:\Users\16610\Desktop\.workbuddy\.workbuddy\saint_george_classifier\data\raw\non_georges\85e81d6d43e5a086a9c3df4cc55f108f.jpg,0,3349
C:\Users\16610\Desktop\.workbuddy\.workbuddy\saint_george_classifier\data\raw\non_georges\8650a2c2aa2aac0bf0a2b2c32f7bd5c8.jpg,0,3350
C:\Users\16610\Desktop\.workbuddy\.workbuddy\saint_george_classifier\data\raw\non_georges\86a6dec7d7d8a28cca26f4314b6cb414.jpg,0,3188
C:\Users\16610\Desktop\.workbuddy\.workbuddy\saint_george_classifier\data\raw\non_georges\86b5d551d0703266c6f99545f76e05cc.jpg,0,3353
C:\Users\16610\Desktop\.workbuddy\.workbuddy\saint_george_classifier\data\raw\non_georges\86cd564f6a7c0f0cf9078ea06f94fca4.jpg,0,3354
C:\Users\16610\Desktop\.workbuddy\.workbuddy\saint_george_classifier\data\raw\non_georges\8703400cf96b13dba826b15081754b1f.jpg,0,3355
C:\Users\16610\Desktop\.workbuddy\.workbuddy\saint_george_classifier\data\raw\non_georges\870898ca525c38660573b0963bd1df14.jpg,0,3356
C:\Users\16610\Desktop\.workbuddy\.workbuddy\saint_george_classifier\data\raw\non_georges\871b77a10b6a7e627b3f4c829b53192c.jpg,0,3357
C:\Users\16610\Desktop\.workbuddy\.workbuddy\saint_george_classifier\data\raw\non_georges\873bbc855d4f085a35f415242bf011d0.jpg,0,3358
C:\Users\16610\Desktop\.workbuddy\.workbuddy\saint_george_classifier\data\raw\non_georges\8757af0fc7b715c220c9b27040f5c492.jpg,0,3359
C:\Users\16610\Desktop\.workbuddy\.workbuddy\saint_george_classifier\data\raw\non_georges\875f9661fa60e4cd0c7bba7732313b93.jpg,0,3360
C:\Users\16610\Desktop\.workbuddy\.workbuddy\saint_george_classifier\data\raw\non_georges\8769b7124c5104455f8b33d210c5b0ba.jpg,0,3361
C:\Users\16610\Desktop\.workbuddy\.workbuddy\saint_george_classifier\data\raw\non_georges\876cd3ace77e56c5cdf2356c74cb0337.jpg,0,3362
C:\Users\16610\Desktop\.workbuddy\.workbuddy\saint_george_classifier\data\raw\non_georges\8784d5f1f19d96a2c40f2ac7c083fb43.jpg,0,3364
C:\Users\16610\Desktop\.workbuddy\.workbuddy\saint_george_classifier\data\raw\non_georges\883b2a26ed9dd4f2963f20a9cae4d96e.jpg,0,3369
C:\Users\16610\Desktop\.workbuddy\.workbuddy\saint_george_classifier\data\raw\non_georges\8858cf5a8faf9023b177801ce78aa4ed.jpg,0,3370
C:\Users\16610\Desktop\.workbuddy\.workbuddy\saint_george_classifier\data\raw\non_georges\8866cc208d8c7101b46e09c7ee9aaaa0.jpg,0,3371
C:\Users\16610\Desktop\.workbuddy\.workbuddy\saint_george_classifier\data\raw\non_georges\886f9be4daed620c4bc7f6dd7447e693.jpg,0,3372
C:\Users\16610\Desktop\.workbuddy\.workbuddy\saint_george_classifier\data\raw\non_georges\88bc52832b07d176ca4b3cc82c9ffe51.jpg,0,3375
C:\Users\16610\Desktop\.workbuddy\.workbuddy\saint_george_classifier\data\raw\non_georges\8919dedebdd21a97e44cbdf7c071ada7.jpg,0,3376
C:\Users\16610\Desktop\.workbuddy\.workbuddy\saint_george_classifier\data\raw\non_georges\892fa4d2dc0271998b3430a87ab23f27.jpg,0,3377
C:\Users\16610\Desktop\.workbuddy\.workbuddy\saint_george_classifier\data\raw\non_georges\89464ef48868d73601d675dfd74a6681.jpg,0,3378
C:\Users\16610\Desktop\.workbuddy\.workbuddy\saint_george_classifier\data\raw\non_georges\89586e6ef11514563f24593f4c1a20fb.jpg,0,3381
C:\Users\16610\Desktop\.workbuddy\.workbuddy\saint_george_classifier\data\raw\non_georges\89596f599775c3aba04c0c843be441e4.jpg,0,3382
C:\Users\16610\Desktop\.workbuddy\.workbuddy\saint_george_classifier\data\raw\non_georges\89805a49cd382f97715bc401344e641f.jpg,0,3383
C:\Users\16610\Desktop\.workbuddy\.workbuddy\saint_george_classifier\data\raw\non_georges\89aa7a5183bfd8ae25ffb3f14d2377f5.jpg,0,3385
C:\Users\16610\Desktop\.workbuddy\.workbuddy\saint_george_classifier\data\raw\non_georges\89ae468bb032456efac32adc68dd32d8.jpg,0,3386
C:\Users\16610\Desktop\.workbuddy\.workbuddy\saint_george_classifier\data\raw\non_georges\89b956b125829ab1d82535d8715cf669.jpg,0,3387
C:\Users\16610\Desktop\.workbuddy\.workbuddy\saint_george_classifier\data\raw\non_georges\89ba51fb370869c770f9c991766fafd1.jpg,0,3388
C:\Users\16610\Desktop\.workbuddy\.workbuddy\saint_george_classifier\data\raw\non_georges\89bd6e92f943db847d282fc817a84ca0.jpg,0,3389
C:\Users\16610\Desktop\.workbuddy\.workbuddy\saint_george_classifier\data\raw\non_georges\89c274b243f3e2288bd00f79357963b4.jpg,0,3390
C:\Users\16610\Desktop\.workbuddy\.workbuddy\saint_george_classifier\data\raw\non_georges\89d8ef9eefb92b34b5c93ebc09a114f4.jpg,0,3391
C:\Users\16610\Desktop\.workbuddy\.workbuddy\saint_george_classifier\data\raw\non_georges\89dbb3a741c5e6637b0b80dc1af3c033.jpg,0,3392
C:\Users\16610\Desktop\.workbuddy\.workbuddy\saint_george_classifier\data\raw\non_georges\89dc1d7eb3e22f444262b865a7dc5b3f.jpg,0,3393
C:\Users\16610\Desktop\.workbuddy\.workbuddy\saint_george_classifier\data\raw\non_georges\8a26819c91a7f602c55c19619ed49886.jpg,0,3396
C:\Users\16610\Desktop\.workbuddy\.workbuddy\saint_george_classifier\data\raw\non_georges\8a3f386b055eed9959fbe1b53925ecd3.jpg,0,3397
C:\Users\16610\Desktop\.workbuddy\.workbuddy\saint_george_classifier\data\raw\non_georges\8a699760182f06a054a41d3319f97a69.jpg,0,3399
C:\Users\16610\Desktop\.workbuddy\.workbuddy\saint_george_classifier\data\raw\non_georges\8a86ea78337a63f07a87a74e79c411f7.jpg,0,3400
C:\Users\16610\Desktop\.workbuddy\.workbuddy\saint_george_classifier\data\raw\non_georges\8a92afb9d79d4a9a2c7d500450623078.jpg,0,3401
C:\Users\16610\Desktop\.workbuddy\.workbuddy\saint_george_classifier\data\raw\non_georges\8aac867b5e78e8207af56e1c3704f603.jpg,0,3402
C:\Users\16610\Desktop\.workbuddy\.workbuddy\saint_george_classifier\data\raw\non_georges\8ace55b13123b53a1d9742e351badeff.jpg,0,2894
C:\Users\16610\Desktop\.workbuddy\.workbuddy\saint_george_classifier\data\raw\non_georges\8ad89d322d6e076b6cf286a9652f4d2c.jpg,0,3404
C:\Users\16610\Desktop\.workbuddy\.workbuddy\saint_george_classifier\data\raw\non_georges\8ae86a1fa333511dc6c1c2b9ed7d9fcb.jpg,0,3405
C:\Users\16610\Desktop\.workbuddy\.workbuddy\saint_george_classifier\data\raw\non_georges\8ae9cf33ded718733a8c8ad2b17aaf6f.jpg,0,3406
C:\Users\16610\Desktop\.workbuddy\.workbuddy\saint_george_classifier\data\raw\non_georges\8af19845b1b4e0e60deb666bd75f6065.jpg,0,3407
C:\Users\16610\Desktop\.workbuddy\.workbuddy\saint_george_classifier\data\raw\non_georges\8afad64e679398e047933049d1eab461.jpg,0,3408
C:\Users\16610\Desktop\.workbuddy\.workbuddy\saint_george_classifier\data\raw\non_georges\8b04221dab6d1b33a3e88921b51b6699.jpg,0,3409
C:\Users\16610\Desktop\.workbuddy\.workbuddy\saint_george_classifier\data\raw\non_georges\8b1601b1352db0a0705c774403c63033.jpg,0,3410
C:\Users\16610\Desktop\.workbuddy\.workbuddy\saint_george_classifier\data\raw\non_georges\8b17a578dfdfcea0897b2db0befd70c3.jpg,0,3411
C:\Users\16610\Desktop\.workbuddy\.workbuddy\saint_george_classifier\data\raw\non_georges\8b1d72c4db92ede75d096ed206500ca6.jpg,0,3412
C:\Users\16610\Desktop\.workbuddy\.workbuddy\saint_george_classifier\data\raw\non_georges\8b3d8a73b96ed746f95e797b4ee69455.jpg,0,3413
C:\Users\16610\Desktop\.workbuddy\.workbuddy\saint_george_classifier\data\raw\non_georges\8b5cb1d4901f8585eebfa1c47cd88f09.jpg,0,3415
C:\Users\16610\Desktop\.workbuddy\.workbuddy\saint_george_classifier\data\raw\non_georges\8b5ec7e04eac9496f9b46f209ecfd0d0.jpg,0,3416
C:\Users\16610\Desktop\.workbuddy\.workbuddy\saint_george_classifier\data\raw\non_georges\8b7ba2a95b2e5ad7bdd4862e26b44895.jpg,0,3418
C:\Users\16610\Desktop\.workbuddy\.workbuddy\saint_george_classifier\data\raw\non_georges\8ba4cf9fe7eb0ad7dea1b71da0decf9a.jpg,0,3420
C:\Users\16610\Desktop\.workbuddy\.workbuddy\saint_george_classifier\data\raw\non_georges\8ba896bb417eb85ab36ece5a46608c47.jpg,0,3421
C:\Users\16610\Desktop\.workbuddy\.workbuddy\saint_george_classifier\data\raw\non_georges\8bb69e688f61b8a904a74fdebe33da9b.jpg,0,3422
C:\Users\16610\Desktop\.workbuddy\.workbuddy\saint_george_classifier\data\raw\non_georges\8bc6150689e0058b9556759dbe03d8a1.jpg,0,3423
C:\Users\16610\Desktop\.workbuddy\.workbuddy\saint_george_classifier\data\raw\non_georges\8bfa9f0cc20f613d3fd1bdf56b75ab20.jpg,0,3424
C:\Users\16610\Desktop\.workbuddy\.workbuddy\saint_george_classifier\data\raw\non_georges\8c0ad03d4eda1913f421f45c413e41d5.jpg,0,3425
C:\Users\16610\Desktop\.workbuddy\.workbuddy\saint_george_classifier\data\raw\non_georges\8c511e365204536f1e783f6aba944d71.jpg,0,3426
C:\Users\16610\Desktop\.workbuddy\.workbuddy\saint_george_classifier\data\raw\non_georges\8c5826dc2571d12e25312156cd219009.jpg,0,3427
C:\Users\16610\Desktop\.workbuddy\.workbuddy\saint_george_classifier\data\raw\non_georges\8cd2db182ec24d8e0f4199bb7dce08fa.jpg,0,3429
C:\Users\16610\Desktop\.workbuddy\.workbuddy\saint_george_classifier\data\raw\non_georges\8d3030b248c0870f5eb063acbf11ee58.jpg,0,3430
C:\Users\16610\Desktop\.workbuddy\.workbuddy\saint_george_classifier\data\raw\non_georges\8d51b2c810863b117fdee37cab514e83.jpg,0,3431
C:\Users\16610\Desktop\.workbuddy\.workbuddy\saint_george_classifier\data\raw\non_georges\8d61418a94f8c968ca298ce91463c4e0.jpg,0,2500
C:\Users\16610\Desktop\.workbuddy\.workbuddy\saint_george_classifier\data\raw\non_georges\8d64fafcd38e8409f376eaabc4ded574.jpg,0,3432
C:\Users\16610\Desktop\.workbuddy\.workbuddy\saint_george_classifier\data\raw\non_georges\8d70bf67ba72609a557ecaff6a7c50dc.jpg,0,3433
C:\Users\16610\Desktop\.workbuddy\.workbuddy\saint_george_classifier\data\raw\non_georges\8d7c191c51e5bff0d907dc8b635dd3a7.jpg,0,3434
C:\Users\16610\Desktop\.workbuddy\.workbuddy\saint_george_classifier\data\raw\non_georges\8db2226a5d294f4947656734faf7ee40.jpg,0,3435
C:\Users\16610\Desktop\.workbuddy\.workbuddy\saint_george_classifier\data\raw\non_georges\8dc898234ee5939efeeb2eb35762b442.jpg,0,2288
C:\Users\16610\Desktop\.workbuddy\.workbuddy\saint_george_classifier\data\raw\non_georges\8e16ed5c4000a0f467c472e36e739118.jpg,0,3436
C:\Users\16610\Desktop\.workbuddy\.workbuddy\saint_george_classifier\data\raw\non_georges\8e67892bb4cc0ab5b18a48e2cbb22bb8.jpg,0,3437
C:\Users\16610\Desktop\.workbuddy\.workbuddy\saint_george_classifier\data\raw\non_georges\8e67d248e03cef8ac4f132ad564318c1.jpg,0,3438
C:\Users\16610\Desktop\.workbuddy\.workbuddy\saint_george_classifier\data\raw\non_georges\8e6e60f590e116b24d12352debb24234.jpg,0,3439
C:\Users\16610\Desktop\.workbuddy\.workbuddy\saint_george_classifier\data\raw\non_georges\8e965776ca72079677ab124d21cc2c58.jpg,0,3440
C:\Users\16610\Desktop\.workbuddy\.workbuddy\saint_george_classifier\data\raw\non_georges\8ea325ee570cb0f7c506d2fe2b7e7ed3.jpg,0,3441
C:\Users\16610\Desktop\.workbuddy\.workbuddy\saint_george_classifier\data\raw\non_georges\8ebfe36371295517e8d6fd6a0e289181.jpg,0,3442
C:\Users\16610\Desktop\.workbuddy\.workbuddy\saint_george_classifier\data\raw\non_georges\8ed034ecdf949afa9c7960a7a45c1e57.jpg,0,3443
C:\Users\16610\Desktop\.workbuddy\.workbuddy\saint_george_classifier\data\raw\non_georges\8efb28ba2afc21e03b54ac58d7de3b23.jpg,0,3444
C:\Users\16610\Desktop\.workbuddy\.workbuddy\saint_george_classifier\data\raw\non_georges\8efbfb53609ecc06d62c6c980e4d5cbb.jpg,0,3445
C:\Users\16610\Desktop\.workbuddy\.workbuddy\saint_george_classifier\data\raw\non_georges\8f062ac131df9e548f526152103f9044.jpg,0,3446
C:\Users\16610\Desktop\.workbuddy\.workbuddy\saint_george_classifier\data\raw\non_georges\8f0959011ab8824ec065b2a9a7d83fe4.jpg,0,3447
C:\Users\16610\Desktop\.workbuddy\.workbuddy\saint_george_classifier\data\raw\non_georges\8f4a61209930e651388e2e3cb1a3a02c.jpg,0,3450
C:\Users\16610\Desktop\.workbuddy\.workbuddy\saint_george_classifier\data\raw\non_georges\8f73f5138d53ba61a2c7b1a800817b5f.jpg,0,3451
C:\Users\16610\Desktop\.workbuddy\.workbuddy\saint_george_classifier\data\raw\non_georges\8f969ae0d742723eef04e3a93c49b03b.jpg,0,3452
C:\Users\16610\Desktop\.workbuddy\.workbuddy\saint_george_classifier\data\raw\non_georges\8fa5299d5b0a66b3d6eeaa42c8709890.jpg,0,3454
C:\Users\16610\Desktop\.workbuddy\.workbuddy\saint_george_classifier\data\raw\non_georges\8fc79b09ba8fb08d2d964a02dd4187ea.jpg,0,3455
C:\Users\16610\Desktop\.workbuddy\.workbuddy\saint_george_classifier\data\raw\non_georges\8fd9344183931af03cbef277e02a3278.jpg,0,3456
C:\Users\16610\Desktop\.workbuddy\.workbuddy\saint_george_classifier\data\raw\non_georges\8fe25bf2716f2a4309790725f2ff4227.jpg,0,3322
C:\Users\16610\Desktop\.workbuddy\.workbuddy\saint_george_classifier\data\raw\non_georges\8ff71123ba2f111a6fd7e706adeacd9d.jpg,0,2867
C:\Users\16610\Desktop\.workbuddy\.workbuddy\saint_george_classifier\data\raw\non_georges\90106115fbbf990a4dbe1db80eb2bd11.jpg,0,3457
C:\Users\16610\Desktop\.workbuddy\.workbuddy\saint_george_classifier\data\raw\non_georges\901770d0ec7995718d193baa64cb4655.jpg,0,3458
C:\Users\16610\Desktop\.workbuddy\.workbuddy\saint_george_classifier\data\raw\non_georges\9070d94a26a8131cc95f22a783d18d51.jpg,0,3461
C:\Users\16610\Desktop\.workbuddy\.workbuddy\saint_george_classifier\data\raw\non_georges\911d65168e0a07823f675b65452b6d46.jpg,0,3466
C:\Users\16610\Desktop\.workbuddy\.workbuddy\saint_george_classifier\data\raw\non_georges\9120d0916aa79ea363bfcd4d85bf16d1.jpg,0,3467
C:\Users\16610\Desktop\.workbuddy\.workbuddy\saint_george_classifier\data\raw\non_georges\91234be0d5295b1ad2fb551ca085771a.jpg,0,3468
C:\Users\16610\Desktop\.workbuddy\.workbuddy\saint_george_classifier\data\raw\non_georges\916d00225e40416547a1182d91b94ced.jpg,0,3469
C:\Users\16610\Desktop\.workbuddy\.workbuddy\saint_george_classifier\data\raw\non_georges\917ee0fbe24762f08ae86aaf68c67976.jpg,0,3470
C:\Users\16610\Desktop\.workbuddy\.workbuddy\saint_george_classifier\data\raw\non_georges\91929a9d03728532f7987091407308c1.jpg,0,3471
C:\Users\16610\Desktop\.workbuddy\.workbuddy\saint_george_classifier\data\raw\non_georges\91aa7cdf9414a3545d82ef3730ae70d0.jpg,0,3473
C:\Users\16610\Desktop\.workbuddy\.workbuddy\saint_george_classifier\data\raw\non_georges\91c272711b13d6548f228940988ab2ab.jpg,0,3474
C:\Users\16610\Desktop\.workbuddy\.workbuddy\saint_george_classifier\data\raw\non_georges\91d0eae2f097ad98936692611c8bb380.jpg,0,3475
C:\Users\16610\Desktop\.workbuddy\.workbuddy\saint_george_classifier\data\raw\non_georges\91d9302f35065499779f93cf83bf414d.jpg,0,3476
C:\Users\16610\Desktop\.workbuddy\.workbuddy\saint_george_classifier\data\raw\non_georges\91dc66dee4d4299e9b49d4e1a792c32c.jpg,0,3477
C:\Users\16610\Desktop\.workbuddy\.workbuddy\saint_george_classifier\data\raw\non_georges\92038e116eb6feaebf65498085f436bc.jpg,0,3479
C:\Users\16610\Desktop\.workbuddy\.workbuddy\saint_george_classifier\data\raw\non_georges\9217323936c732ddb4fedf9d8e8aca05.jpg,0,3480
C:\Users\16610\Desktop\.workbuddy\.workbuddy\saint_george_classifier\data\raw\non_georges\922ab96e3227a844d08b67e5d0001eca.jpg,0,3481
C:\Users\16610\Desktop\.workbuddy\.workbuddy\saint_george_classifier\data\raw\non_georges\9292021d73ed1c73a1620c813ac4ca14.jpg,0,3483
C:\Users\16610\Desktop\.workbuddy\.workbuddy\saint_george_classifier\data\raw\non_georges\92934ece110356f24e2caa5eb0dc7f7a.jpg,0,3484
C:\Users\16610\Desktop\.workbuddy\.workbuddy\saint_george_classifier\data\raw\non_georges\929bea74a7395f95f7d8cba303665920.jpg,0,3486
C:\Users\16610\Desktop\.workbuddy\.workbuddy\saint_george_classifier\data\raw\non_georges\929df5aa5f2c9bd790992bbe1a8231a5.jpg,0,3487
C:\Users\16610\Desktop\.workbuddy\.workbuddy\saint_george_classifier\data\raw\non_georges\92aadac53ba51831d5d21dd73f1b944d.jpg,0,3488
C:\Users\16610\Desktop\.workbuddy\.workbuddy\saint_george_classifier\data\raw\non_georges\92b20c00a197614aa89659af400251a0.jpg,0,2286
C:\Users\16610\Desktop\.workbuddy\.workbuddy\saint_george_classifier\data\raw\non_georges\92cb59393f398e602f1975e8232a23ab.jpg,0,3489
C:\Users\16610\Desktop\.workbuddy\.workbuddy\saint_george_classifier\data\raw\non_georges\92cc7a2c0a12f52ed101c7ff1861ec65.jpg,0,3490
C:\Users\16610\Desktop\.workbuddy\.workbuddy\saint_george_classifier\data\raw\non_georges\92ce484537f1d32bf15202589d8886ae.jpg,0,2347
C:\Users\16610\Desktop\.workbuddy\.workbuddy\saint_george_classifier\data\raw\non_georges\933de63cd2b92418f21a9330f3ecd06c.jpg,0,3492
C:\Users\16610\Desktop\.workbuddy\.workbuddy\saint_george_classifier\data\raw\non_georges\934712fdc5f6588381e93222ff702369.jpg,0,3493
C:\Users\16610\Desktop\.workbuddy\.workbuddy\saint_george_classifier\data\raw\non_georges\934f0cfb153f36de2ce1c9a7f9061cf7.jpg,0,3494
C:\Users\16610\Desktop\.workbuddy\.workbuddy\saint_george_classifier\data\raw\non_georges\9360ff9ac4f04b245dd9a1b6c439fa05.jpg,0,3495
C:\Users\16610\Desktop\.workbuddy\.workbuddy\saint_george_classifier\data\raw\non_georges\93b8f23f5cde9876ca135422fd654580.jpg,0,3498
C:\Users\16610\Desktop\.workbuddy\.workbuddy\saint_george_classifier\data\raw\non_georges\93db36ca638497acc996ba9f5ce001a6.jpg,0,3499
C:\Users\16610\Desktop\.workbuddy\.workbuddy\saint_george_classifier\data\raw\non_georges\9400129cde99c61275e29c3a851629bf.jpg,0,3500
C:\Users\16610\Desktop\.workbuddy\.workbuddy\saint_george_classifier\data\raw\non_georges\940d2b51849544eb5738203fdc7a9791.jpg,0,3501
C:\Users\16610\Desktop\.workbuddy\.workbuddy\saint_george_classifier\data\raw\non_georges\9424e0916689738e2fa0771a4d73e112.jpg,0,2785
C:\Users\16610\Desktop\.workbuddy\.workbuddy\saint_george_classifier\data\raw\non_georges\944906e55fe3b373eb4a10f846293744.jpg,0,3502
C:\Users\16610\Desktop\.workbuddy\.workbuddy\saint_george_classifier\data\raw\non_georges\945dbfdb2e0c6c18c39cab8a6ecd593a.jpg,0,3503
C:\Users\16610\Desktop\.workbuddy\.workbuddy\saint_george_classifier\data\raw\non_georges\94767d4e3d788abbef04620bff2b8434.jpg,0,3504
C:\Users\16610\Desktop\.workbuddy\.workbuddy\saint_george_classifier\data\raw\non_georges\94869b45e52cd47fec87acc93d3ef5c6.jpg,0,3505
C:\Users\16610\Desktop\.workbuddy\.workbuddy\saint_george_classifier\data\raw\non_georges\948782b4b4c661c9f7915beb91c7f432.jpg,0,3506
C:\Users\16610\Desktop\.workbuddy\.workbuddy\saint_george_classifier\data\raw\non_georges\949c0247cdd64ce53d84cee7695cd4e7.jpg,0,3507
C:\Users\16610\Desktop\.workbuddy\.workbuddy\saint_george_classifier\data\raw\non_georges\949ec2748a5504ffe957490e09db80b2.jpg,0,3508
C:\Users\16610\Desktop\.workbuddy\.workbuddy\saint_george_classifier\data\raw\non_georges\94d737d8cfd1090c8085274a8e0ce880.jpg,0,3509
C:\Users\16610\Desktop\.workbuddy\.workbuddy\saint_george_classifier\data\raw\non_georges\95296ab482c2ac1f1691469d050d3408.jpg,0,3512
C:\Users\16610\Desktop\.workbuddy\.workbuddy\saint_george_classifier\data\raw\non_georges\952a80da97786ef6329120e626553237.jpg,0,3513
C:\Users\16610\Desktop\.workbuddy\.workbuddy\saint_george_classifier\data\raw\non_georges\9538745db764c2c3283813867c7f344b.jpg,0,3514
C:\Users\16610\Desktop\.workbuddy\.workbuddy\saint_george_classifier\data\raw\non_georges\958e74a5b67cea8f38c25018047d67bc.jpg,0,3515
C:\Users\16610\Desktop\.workbuddy\.workbuddy\saint_george_classifier\data\raw\non_georges\959f66814bce4543fd92b5602bda6575.jpg,0,3516
C:\Users\16610\Desktop\.workbuddy\.workbuddy\saint_george_classifier\data\raw\non_georges\95c554e45913c5a73931a99c20d1e4cf.jpg,0,3519
C:\Users\16610\Desktop\.workbuddy\.workbuddy\saint_george_classifier\data\raw\non_georges\95c64dca4973ada785433a2f13f9ef1a.jpg,0,3520
C:\Users\16610\Desktop\.workbuddy\.workbuddy\saint_george_classifier\data\raw\non_georges\95d9252145223ea00ba6c535c197ac94.jpg,0,3521
C:\Users\16610\Desktop\.workbuddy\.workbuddy\saint_george_classifier\data\raw\non_georges\95ecf8c252103006c27f3ec7c40c701d.jpg,0,3522
C:\Users\16610\Desktop\.workbuddy\.workbuddy\saint_george_classifier\data\raw\non_georges\9613bfd0aac2567d151104b9c59e717c.jpg,0,3523
C:\Users\16610\Desktop\.workbuddy\.workbuddy\saint_george_classifier\data\raw\non_georges\962c44cd7c2e7a1970f4b8868c807b00.jpg,0,3524
C:\Users\16610\Desktop\.workbuddy\.workbuddy\saint_george_classifier\data\raw\non_georges\964da5d2d8f4f5186b323f170c55f17a.jpg,0,3526
C:\Users\16610\Desktop\.workbuddy\.workbuddy\saint_george_classifier\data\raw\non_georges\9677bbbdf5f2e9600b5b2d292e851c32.jpg,0,3527
C:\Users\16610\Desktop\.workbuddy\.workbuddy\saint_george_classifier\data\raw\non_georges\9681305b7df43bc085bfba0f424be555.jpg,0,3528
C:\Users\16610\Desktop\.workbuddy\.workbuddy\saint_george_classifier\data\raw\non_georges\96838568780b71af79c07a84a90e2ebf.jpg,0,3529
C:\Users\16610\Desktop\.workbuddy\.workbuddy\saint_george_classifier\data\raw\non_georges\96b4f88a39abd2409140eb70c5b079fa.jpg,0,3530
C:\Users\16610\Desktop\.workbuddy\.workbuddy\saint_george_classifier\data\raw\non_georges\96df5d4923140ed213bd9afa009cadad.jpg,0,3531
C:\Users\16610\Desktop\.workbuddy\.workbuddy\saint_george_classifier\data\raw\non_georges\97899a60f29ced99c84659355455e592.jpg,0,3533
C:\Users\16610\Desktop\.workbuddy\.workbuddy\saint_george_classifier\data\raw\non_georges\97958297d0a5425b08c7fce530527b03.jpg,0,3534
C:\Users\16610\Desktop\.workbuddy\.workbuddy\saint_george_classifier\data\raw\non_georges\97b3612e162e041f35f1f88bd0f42a2f.jpg,0,2320
C:\Users\16610\Desktop\.workbuddy\.workbuddy\saint_george_classifier\data\raw\non_georges\97cff0ff847e3fe336144007bd40efbd.jpg,0,3535
C:\Users\16610\Desktop\.workbuddy\.workbuddy\saint_george_classifier\data\raw\non_georges\97df1af6506bc64d11f1948d3f8199e6.jpg,0,3536
C:\Users\16610\Desktop\.workbuddy\.workbuddy\saint_george_classifier\data\raw\non_georges\97e34ce19408dd0fce4d6df4d47d2299.jpg,0,3537
C:\Users\16610\Desktop\.workbuddy\.workbuddy\saint_george_classifier\data\raw\non_georges\97e865e89ab23e620e4225115f06eda7.jpg,0,3538
C:\Users\16610\Desktop\.workbuddy\.workbuddy\saint_george_classifier\data\raw\non_georges\97ea29d32f15b24e036938655bc9ea29.jpg,0,3539
C:\Users\16610\Desktop\.workbuddy\.workbuddy\saint_george_classifier\data\raw\non_georges\9805373306143b17521b18489aec8d0e.jpg,0,3541
C:\Users\16610\Desktop\.workbuddy\.workbuddy\saint_george_classifier\data\raw\non_georges\98362f6046b5a9db259dd5c7d4924936.jpg,0,2270
C:\Users\16610\Desktop\.workbuddy\.workbuddy\saint_george_classifier\data\raw\non_georges\98696b8de4c2cf39dac5eb00bc4deb8c.jpg,0,2303
C:\Users\16610\Desktop\.workbuddy\.workbuddy\saint_george_classifier\data\raw\non_georges\98b5bc3c86884407dc5cbbcea6248d89.jpg,0,3544
C:\Users\16610\Desktop\.workbuddy\.workbuddy\saint_george_classifier\data\raw\non_georges\98c18e79e162921e3a047e4a4477d3c6.jpg,0,3545
C:\Users\16610\Desktop\.workbuddy\.workbuddy\saint_george_classifier\data\raw\non_georges\98f06beb6df4bb8f376af793e24846dd.jpg,0,3547
C:\Users\16610\Desktop\.workbuddy\.workbuddy\saint_george_classifier\data\raw\non_georges\9900c98e1780b0e67dd6bc4d9c0f4ca5.jpg,0,3548
C:\Users\16610\Desktop\.workbuddy\.workbuddy\saint_george_classifier\data\raw\non_georges\990b1e5854583b41e19fb5f0c05e6863.jpg,0,3549
C:\Users\16610\Desktop\.workbuddy\.workbuddy\saint_george_classifier\data\raw\non_georges\994274dc0d628fc2ef977932cf6895db.jpg,0,3550
C:\Users\16610\Desktop\.workbuddy\.workbuddy\saint_george_classifier\data\raw\non_georges\9942a576efa581b6add6b90cd648a82a.jpg,0,1882
C:\Users\16610\Desktop\.workbuddy\.workbuddy\saint_george_classifier\data\raw\non_georges\994a2943fd14e903c9d02bc132fcfa7f.jpg,0,3551
C:\Users\16610\Desktop\.workbuddy\.workbuddy\saint_george_classifier\data\raw\non_georges\9951243bd3bca83491d505816c6ed252.jpg,0,3552
C:\Users\16610\Desktop\.workbuddy\.workbuddy\saint_george_classifier\data\raw\non_georges\9965bcb9df069d464964a12c1d733a50.jpg,0,3553
C:\Users\16610\Desktop\.workbuddy\.workbuddy\saint_george_classifier\data\raw\non_georges\9970747d1e31d1fdfad3f883c5e5f47f.jpg,0,3554
C:\Users\16610\Desktop\.workbuddy\.workbuddy\saint_george_classifier\data\raw\non_georges\9989df11657cf0eed110438da18603a8.jpg,0,3555
C:\Users\16610\Desktop\.workbuddy\.workbuddy\saint_george_classifier\data\raw\non_georges\998c89d9bb6baab8c9210089993af824.jpg,0,3556
C:\Users\16610\Desktop\.workbuddy\.workbuddy\saint_george_classifier\data\raw\non_georges\99ad201b5f843e816c8128ca87a72e8b.jpg,0,3558
C:\Users\16610\Desktop\.workbuddy\.workbuddy\saint_george_classifier\data\raw\non_georges\99b7dc66d3fea7ebf962148314566162.jpg,0,3559
C:\Users\16610\Desktop\.workbuddy\.workbuddy\saint_george_classifier\data\raw\non_georges\99bdba0adb6eafbbf3a1f864ac0a395f.jpg,0,3370
C:\Users\16610\Desktop\.workbuddy\.workbuddy\saint_george_classifier\data\raw\non_georges\99c6db4f0be71f20d89e2ebab60f39d7.jpg,0,3560
C:\Users\16610\Desktop\.workbuddy\.workbuddy\saint_george_classifier\data\raw\non_georges\99cb95ca3b81ca842ccb17d5bc66ecad.jpg,0,3561
C:\Users\16610\Desktop\.workbuddy\.workbuddy\saint_george_classifier\data\raw\non_georges\99e11f9a50afce8205b1a9af1cc65fbf.jpg,0,3562
C:\Users\16610\Desktop\.workbuddy\.workbuddy\saint_george_classifier\data\raw\non_georges\99eae2390d76fe1e44a00e40ede1aa78.jpg,0,3563
C:\Users\16610\Desktop\.workbuddy\.workbuddy\saint_george_classifier\data\raw\non_georges\99f3cf318e24a265ec38fb82e42ee9e2.jpg,0,3269
C:\Users\16610\Desktop\.workbuddy\.workbuddy\saint_george_classifier\data\raw\non_georges\99fd663ef2d48a436dba419a9d25f80e.jpg,0,3564
C:\Users\16610\Desktop\.workbuddy\.workbuddy\saint_george_classifier\data\raw\non_georges\9a09d60088e9ddacd6982437cea12621.jpg,0,3565
C:\Users\16610\Desktop\.workbuddy\.workbuddy\saint_george_classifier\data\raw\non_georges\9a1006e4ec0b98c4ab6dd6600a9909c2.jpg,0,3566
C:\Users\16610\Desktop\.workbuddy\.workbuddy\saint_george_classifier\data\raw\non_georges\9a47b5d5f46fbbf41ad7db21a42d7990.jpg,0,2745
C:\Users\16610\Desktop\.workbuddy\.workbuddy\saint_george_classifier\data\raw\non_georges\9a60ec7f970c6a85fe6965c6305638f4.jpg,0,3567
C:\Users\16610\Desktop\.workbuddy\.workbuddy\saint_george_classifier\data\raw\non_georges\9a6d5142245e9ae9a157d9f18297833b.jpg,0,3127
C:\Users\16610\Desktop\.workbuddy\.workbuddy\saint_george_classifier\data\raw\non_georges\9a856ed2f128c8f156d61c91cf602bd9.jpg,0,3569
C:\Users\16610\Desktop\.workbuddy\.workbuddy\saint_george_classifier\data\raw\non_georges\9af83d9446f347618a51646bfd72cdc3.jpg,0,3571
C:\Users\16610\Desktop\.workbuddy\.workbuddy\saint_george_classifier\data\raw\non_georges\9b1888fd64aa7a90b3030982b7bb169b.jpg,0,3572
C:\Users\16610\Desktop\.workbuddy\.workbuddy\saint_george_classifier\data\raw\non_georges\9b297154d887feea37adf6e59fdf138d.jpg,0,3573
C:\Users\16610\Desktop\.workbuddy\.workbuddy\saint_george_classifier\data\raw\non_georges\9b5bcfd8fbed2d8a316b94bd458b45ed.jpg,0,3575
C:\Users\16610\Desktop\.workbuddy\.workbuddy\saint_george_classifier\data\raw\non_georges\9b6b4326e021a27889957cf356ecc17f.jpg,0,3576
C:\Users\16610\Desktop\.workbuddy\.workbuddy\saint_george_classifier\data\raw\non_georges\9b7390f55932bc56c5fe13ed652b09da.jpg,0,3577
C:\Users\16610\Desktop\.workbuddy\.workbuddy\saint_george_classifier\data\raw\non_georges\9b8f1eb3d8f4e05c0d6b33802b7a9d43.jpg,0,3578
C:\Users\16610\Desktop\.workbuddy\.workbuddy\saint_george_classifier\data\raw\non_georges\9ba30bc47d1a2c6ce599978f2b19509e.jpg,0,3579
C:\Users\16610\Desktop\.workbuddy\.workbuddy\saint_george_classifier\data\raw\non_georges\9c04717e71b48ed92dcf2f456f1bc798.jpg,0,3581
C:\Users\16610\Desktop\.workbuddy\.workbuddy\saint_george_classifier\data\raw\non_georges\9c2cb117cadfb7bc8b91d332705effc4.jpg,0,3582
C:\Users\16610\Desktop\.workbuddy\.workbuddy\saint_george_classifier\data\raw\non_georges\9c3a48341bfe14129bc6baed7efd40da.jpg,0,3583
C:\Users\16610\Desktop\.workbuddy\.workbuddy\saint_george_classifier\data\raw\non_georges\9c66033a24bb1922d862bd6ba94946b5.jpg,0,3584
C:\Users\16610\Desktop\.workbuddy\.workbuddy\saint_george_classifier\data\raw\non_georges\9c7205915523f84728eae189ca5bf415.jpg,0,3585
C:\Users\16610\Desktop\.workbuddy\.workbuddy\saint_george_classifier\data\raw\non_georges\9c794078c2ae2b18a13cd1fa2305bad9.jpg,0,3586
C:\Users\16610\Desktop\.workbuddy\.workbuddy\saint_george_classifier\data\raw\non_georges\9c97d22b4f9b00cc97dc76eeeb7a220e.jpg,0,3587
C:\Users\16610\Desktop\.workbuddy\.workbuddy\saint_george_classifier\data\raw\non_georges\9cad83b674e935d6c318630b6381b09f.jpg,0,3590
C:\Users\16610\Desktop\.workbuddy\.workbuddy\saint_george_classifier\data\raw\non_georges\9cb80298ab78b4c4405322a8f0aba8e5.jpg,0,3591
C:\Users\16610\Desktop\.workbuddy\.workbuddy\saint_george_classifier\data\raw\non_georges\9cdcf30465bcb04cbcd3a99412576145.jpg,0,3592
C:\Users\16610\Desktop\.workbuddy\.workbuddy\saint_george_classifier\data\raw\non_georges\9ce4147682f24a74608206cc917e0836.jpg,0,3593
C:\Users\16610\Desktop\.workbuddy\.workbuddy\saint_george_classifier\data\raw\non_georges\9cf8d77ad939902b69cd1c63352638d6.jpg,0,3595
C:\Users\16610\Desktop\.workbuddy\.workbuddy\saint_george_classifier\data\raw\non_georges\9d6e8dda3189b73e088d10c2dc2a6680.jpg,0,3597
C:\Users\16610\Desktop\.workbuddy\.workbuddy\saint_george_classifier\data\raw\non_georges\9d8045c607e21b78c60e3f14009356a2.jpg,0,3598
C:\Users\16610\Desktop\.workbuddy\.workbuddy\saint_george_classifier\data\raw\non_georges\9d8af29864474647956caef14377ac42.jpg,0,3599
C:\Users\16610\Desktop\.workbuddy\.workbuddy\saint_george_classifier\data\raw\non_georges\9d9de0e4593d5e7f54d4c349363838de.jpg,0,3601
C:\Users\16610\Desktop\.workbuddy\.workbuddy\saint_george_classifier\data\raw\non_georges\9dbb533673885b02ecda405894f3ba51.jpg,0,3602
C:\Users\16610\Desktop\.workbuddy\.workbuddy\saint_george_classifier\data\raw\non_georges\9def8d2a9b4edb23c493382c6535554e.jpg,0,3604
C:\Users\16610\Desktop\.workbuddy\.workbuddy\saint_george_classifier\data\raw\non_georges\9df516d8d676b691c86b98a38fa20b6e.jpg,0,3605
C:\Users\16610\Desktop\.workbuddy\.workbuddy\saint_george_classifier\data\raw\non_georges\9e0515f2fabf3cb4e65a31763e0f9d4b.jpg,0,3606
C:\Users\16610\Desktop\.workbuddy\.workbuddy\saint_george_classifier\data\raw\non_georges\9e2280052cfcafbec86af9a434f64200.jpg,0,3607
C:\Users\16610\Desktop\.workbuddy\.workbuddy\saint_george_classifier\data\raw\non_georges\9e72e7f888366e359deb7951f2174f42.jpg,0,3609
C:\Users\16610\Desktop\.workbuddy\.workbuddy\saint_george_classifier\data\raw\non_georges\9ec7c917ae2a61c80b2da5e4c1c916fc.jpg,0,3611
C:\Users\16610\Desktop\.workbuddy\.workbuddy\saint_george_classifier\data\raw\non_georges\9efa4ffb45d168b89ccae8632c41525e.jpg,0,3613
C:\Users\16610\Desktop\.workbuddy\.workbuddy\saint_george_classifier\data\raw\non_georges\9f36732dc3ff923e9b7ba634fb37c99d.jpg,0,3614
C:\Users\16610\Desktop\.workbuddy\.workbuddy\saint_george_classifier\data\raw\non_georges\9f384acabe3f3cdb0ecaa0778b073b62.jpg,0,3615
C:\Users\16610\Desktop\.workbuddy\.workbuddy\saint_george_classifier\data\raw\non_georges\9f55cf2bfe778f0b14e590f0272de012.jpg,0,3617
C:\Users\16610\Desktop\.workbuddy\.workbuddy\saint_george_classifier\data\raw\non_georges\9f55f34df1534da4621dce6d100fdbab.jpg,0,3618
C:\Users\16610\Desktop\.workbuddy\.workbuddy\saint_george_classifier\data\raw\non_georges\9f627144e7772b5b22226ee6bc1ef1b5.jpg,0,3619
C:\Users\16610\Desktop\.workbuddy\.workbuddy\saint_george_classifier\data\raw\non_georges\9f9d4e5944bdd069a0ea077c14527f83.jpg,0,3620
C:\Users\16610\Desktop\.workbuddy\.workbuddy\saint_george_classifier\data\raw\non_georges\9f9f6c23341c84c595e84ba2c6e8fbec.jpg,0,3621
C:\Users\16610\Desktop\.workbuddy\.workbuddy\saint_george_classifier\data\raw\non_georges\9fa72f84ec91d9723a843af272148edf.jpg,0,1860
C:\Users\16610\Desktop\.workbuddy\.workbuddy\saint_george_classifier\data\raw\non_georges\9fb26ae302f5c4a9eb236ac25a614fc5.jpg,0,3622
C:\Users\16610\Desktop\.workbuddy\.workbuddy\saint_george_classifier\data\raw\non_georges\9fb8d8857f8cf1a3a876b13231f7cb29.jpg,0,3623
C:\Users\16610\Desktop\.workbuddy\.workbuddy\saint_george_classifier\data\raw\non_georges\9ff9618f2e1f8cd86542677b2c9a3b5b.jpg,0,3626
C:\Users\16610\Desktop\.workbuddy\.workbuddy\saint_george_classifier\data\raw\non_georges\9ffbcb820dab03a05cd74183d162b26d.jpg,0,3627
C:\Users\16610\Desktop\.workbuddy\.workbuddy\saint_george_classifier\data\raw\non_georges\a010168356d15694077454af3e5e46a4.jpg,0,3628
C:\Users\16610\Desktop\.workbuddy\.workbuddy\saint_george_classifier\data\raw\non_georges\a0303744ddb2a11cfa27d7019e683361.jpg,0,3629
C:\Users\16610\Desktop\.workbuddy\.workbuddy\saint_george_classifier\data\raw\non_georges\a0366b6f020415959a5e40fd272aaeee.jpg,0,3630
C:\Users\16610\Desktop\.workbuddy\.workbuddy\saint_george_classifier\data\raw\non_georges\a046fe14486321d2614ae8f5b5ab86aa.jpg,0,3631
C:\Users\16610\Desktop\.workbuddy\.workbuddy\saint_george_classifier\data\raw\non_georges\a05ba516a59efc33870266e8d4ae3219.jpg,0,3632
C:\Users\16610\Desktop\.workbuddy\.workbuddy\saint_george_classifier\data\raw\non_georges\a0c055147b9267b892c0b53c2719cd8a.jpg,0,3636
C:\Users\16610\Desktop\.workbuddy\.workbuddy\saint_george_classifier\data\raw\non_georges\a0e525615432930f00b7c30057e54a12.jpg,0,3637
C:\Users\16610\Desktop\.workbuddy\.workbuddy\saint_george_classifier\data\raw\non_georges\a0f74fca8b0399252aa162e894aa5072.jpg,0,3638
C:\Users\16610\Desktop\.workbuddy\.workbuddy\saint_george_classifier\data\raw\non_georges\a12e0c8769095514a4993f66b9b0be4c.jpg,0,3639
C:\Users\16610\Desktop\.workbuddy\.workbuddy\saint_george_classifier\data\raw\non_georges\a143ce72366c5ebd7b07964d3a2a102f.jpg,0,3640
C:\Users\16610\Desktop\.workbuddy\.workbuddy\saint_george_classifier\data\raw\non_georges\a145c20b659f2a8147a07364a43d94d0.jpg,0,3641
C:\Users\16610\Desktop\.workbuddy\.workbuddy\saint_george_classifier\data\raw\non_georges\a1960cd802dde7aadb01f0b0b2e67789.jpg,0,3642
C:\Users\16610\Desktop\.workbuddy\.workbuddy\saint_george_classifier\data\raw\non_georges\a1acc73a11f3f2cf5760a3adca0ba01a.jpg,0,3644
C:\Users\16610\Desktop\.workbuddy\.workbuddy\saint_george_classifier\data\raw\non_georges\a1ba7bc92d32ee60c28d6545b81faaea.jpg,0,3645
C:\Users\16610\Desktop\.workbuddy\.workbuddy\saint_george_classifier\data\raw\non_georges\a1bb33873e5192baa3ea7102754e8c29.jpg,0,3646
C:\Users\16610\Desktop\.workbuddy\.workbuddy\saint_george_classifier\data\raw\non_georges\a1c27787cd08d5c6c922f9b42d27472d.jpg,0,3647
C:\Users\16610\Desktop\.workbuddy\.workbuddy\saint_george_classifier\data\raw\non_georges\a1d8ae04f94fcd5d7cfae07a216beab0.jpg,0,3649
C:\Users\16610\Desktop\.workbuddy\.workbuddy\saint_george_classifier\data\raw\non_georges\a1e0f3efebba31cc7a851e77be8bae45.jpg,0,3650
C:\Users\16610\Desktop\.workbuddy\.workbuddy\saint_george_classifier\data\raw\non_georges\a1f60f65ca61f9eb380af1a472b57ba4.jpg,0,3651
C:\Users\16610\Desktop\.workbuddy\.workbuddy\saint_george_classifier\data\raw\non_georges\a2026641afa3b66af7a1094c3ba24412.jpg,0,3652
C:\Users\16610\Desktop\.workbuddy\.workbuddy\saint_george_classifier\data\raw\non_georges\a21458a9b6fb28853ab092419b53e4ef.jpg,0,3653
C:\Users\16610\Desktop\.workbuddy\.workbuddy\saint_george_classifier\data\raw\non_georges\a257cf2a359edacfdc08e6075e2f6973.jpg,0,3654
C:\Users\16610\Desktop\.workbuddy\.workbuddy\saint_george_classifier\data\raw\non_georges\a27dc8c3c00bcc4df07f1bb748677cfd.jpg,0,3655
C:\Users\16610\Desktop\.workbuddy\.workbuddy\saint_george_classifier\data\raw\non_georges\a28829d84b982371a29a937d6d0a6dab.jpg,0,2937
C:\Users\16610\Desktop\.workbuddy\.workbuddy\saint_george_classifier\data\raw\non_georges\a28f4b4884b3dd898e626ff98c6aa5c5.jpg,0,3656
C:\Users\16610\Desktop\.workbuddy\.workbuddy\saint_george_classifier\data\raw\non_georges\a2a6752083dfc85fc6c06acd6426c976.jpg,0,3657
C:\Users\16610\Desktop\.workbuddy\.workbuddy\saint_george_classifier\data\raw\non_georges\a2ca9172a903e5312f4212da39b766cb.jpg,0,3659
C:\Users\16610\Desktop\.workbuddy\.workbuddy\saint_george_classifier\data\raw\non_georges\a2e6aeda17da25199113819fb2547082.jpg,0,3660
C:\Users\16610\Desktop\.workbuddy\.workbuddy\saint_george_classifier\data\raw\non_georges\a2eaeafa3b101d3172cd23c5a671c184.jpg,0,3661
C:\Users\16610\Desktop\.workbuddy\.workbuddy\saint_george_classifier\data\raw\non_georges\a30dd797adefe80bd8f985206ea125d7.jpg,0,3662
C:\Users\16610\Desktop\.workbuddy\.workbuddy\saint_george_classifier\data\raw\non_georges\a315f7d2a61c235468592cc5d24729cb.jpg,0,3663
C:\Users\16610\Desktop\.workbuddy\.workbuddy\saint_george_classifier\data\raw\non_georges\a31ed046ac3e37de66f4db15a16a76be.jpg,0,3664
C:\Users\16610\Desktop\.workbuddy\.workbuddy\saint_george_classifier\data\raw\non_georges\a32a44187beb66041376a54935366257.jpg,0,3665
C:\Users\16610\Desktop\.workbuddy\.workbuddy\saint_george_classifier\data\raw\non_georges\a374f1a43fe6f0e00bbc775354e7312e.jpg,0,3666
C:\Users\16610\Desktop\.workbuddy\.workbuddy\saint_george_classifier\data\raw\non_georges\a3b08d325074f323b4d90d2e431880ac.jpg,0,3670
C:\Users\16610\Desktop\.workbuddy\.workbuddy\saint_george_classifier\data\raw\non_georges\a3b1ebbdba78d6fe5f7a5028a59fb5a1.jpg,0,3671
C:\Users\16610\Desktop\.workbuddy\.workbuddy\saint_george_classifier\data\raw\non_georges\a3b55f203b9d852f7ef1399a2d09bcf7.jpg,0,3672
C:\Users\16610\Desktop\.workbuddy\.workbuddy\saint_george_classifier\data\raw\non_georges\a3bc0fb428126f7cc80111561fac31b3.jpg,0,3673
C:\Users\16610\Desktop\.workbuddy\.workbuddy\saint_george_classifier\data\raw\non_georges\a3c6da9b7297125950fa6c63699974ee.jpg,0,3674
C:\Users\16610\Desktop\.workbuddy\.workbuddy\saint_george_classifier\data\raw\non_georges\a3dfd1a3fb80477666e3f3ba852f2f8e.jpg,0,3676
C:\Users\16610\Desktop\.workbuddy\.workbuddy\saint_george_classifier\data\raw\non_georges\a3efe6286bef337cedd9ce7816bc72e3.jpg,0,3678
C:\Users\16610\Desktop\.workbuddy\.workbuddy\saint_george_classifier\data\raw\non_georges\a3f82dcbc73f4767d7a82fb7e45f2462.jpg,0,3679
C:\Users\16610\Desktop\.workbuddy\.workbuddy\saint_george_classifier\data\raw\non_georges\a40d50810aab2f31d8a4633bf1cddbea.jpg,0,2614
C:\Users\16610\Desktop\.workbuddy\.workbuddy\saint_george_classifier\data\raw\non_georges\a40dbeadd52f17bb2b6dce4ac701a380.jpg,0,3680
C:\Users\16610\Desktop\.workbuddy\.workbuddy\saint_george_classifier\data\raw\non_georges\a41162da126e8d2e38a41e6ef94ba3c1.jpg,0,3681
C:\Users\16610\Desktop\.workbuddy\.workbuddy\saint_george_classifier\data\raw\non_georges\a415f836b9bb4864300ee5d0d819327b.jpg,0,3682
C:\Users\16610\Desktop\.workbuddy\.workbuddy\saint_george_classifier\data\raw\non_georges\a41814977a9294f7affca8dfbe993a57.jpg,0,3684
C:\Users\16610\Desktop\.workbuddy\.workbuddy\saint_george_classifier\data\raw\non_georges\a43a5a54df1cb00527838deed6313f33.jpg,0,3685
C:\Users\16610\Desktop\.workbuddy\.workbuddy\saint_george_classifier\data\raw\non_georges\a44160044fa621e2bd9fad0f8475243c.jpg,0,3490
C:\Users\16610\Desktop\.workbuddy\.workbuddy\saint_george_classifier\data\raw\non_georges\a441616a5057c08afe16064d9c18fbc4.jpg,0,3686
C:\Users\16610\Desktop\.workbuddy\.workbuddy\saint_george_classifier\data\raw\non_georges\a45632d880e394cc2854174004eb41f8.jpg,0,3687
C:\Users\16610\Desktop\.workbuddy\.workbuddy\saint_george_classifier\data\raw\non_georges\a46ca8e6140c82a0d01a9e933634eb6a.jpg,0,3688
C:\Users\16610\Desktop\.workbuddy\.workbuddy\saint_george_classifier\data\raw\non_georges\a48cc51b4d6e36fe6c8fe4102a56352f.jpg,0,3689
C:\Users\16610\Desktop\.workbuddy\.workbuddy\saint_george_classifier\data\raw\non_georges\a4c262a1feb046e5b3f44bccf48503c1.jpg,0,3690
C:\Users\16610\Desktop\.workbuddy\.workbuddy\saint_george_classifier\data\raw\non_georges\a4d40bb02353d584cbba699498b4991e.jpg,0,3691
C:\Users\16610\Desktop\.workbuddy\.workbuddy\saint_george_classifier\data\raw\non_georges\a4e5a648e56da9bd6ebfd2818a561e88.jpg,0,3692
C:\Users\16610\Desktop\.workbuddy\.workbuddy\saint_george_classifier\data\raw\non_georges\a4ee2633b4086a2b3d99ef8dca1522f4.jpg,0,3693
C:\Users\16610\Desktop\.workbuddy\.workbuddy\saint_george_classifier\data\raw\non_georges\a514986e7e3039d279cf57ec67065560.jpg,0,3694
C:\Users\16610\Desktop\.workbuddy\.workbuddy\saint_george_classifier\data\raw\non_georges\a5221094d93964b9991c85950662736a.jpg,0,3695
C:\Users\16610\Desktop\.workbuddy\.workbuddy\saint_george_classifier\data\raw\non_georges\a53e93ad202ee288c96aaf9eda2b4a3a.jpg,0,2440
C:\Users\16610\Desktop\.workbuddy\.workbuddy\saint_george_classifier\data\raw\non_georges\a54baab7021e2a3221533df070d8a463.jpg,0,3696
C:\Users\16610\Desktop\.workbuddy\.workbuddy\saint_george_classifier\data\raw\non_georges\a551cfb8522f8551bd68f5acb0321272.jpg,0,3697
C:\Users\16610\Desktop\.workbuddy\.workbuddy\saint_george_classifier\data\raw\non_georges\a5529da1dc9de03107071eb4b6b14af4.jpg,0,3698
C:\Users\16610\Desktop\.workbuddy\.workbuddy\saint_george_classifier\data\raw\non_georges\a55a8dc05c5b54713f50896422423378.jpg,0,1919
C:\Users\16610\Desktop\.workbuddy\.workbuddy\saint_george_classifier\data\raw\non_georges\a583a89afddbc9c97d4d73bfda52f942.jpg,0,3699
C:\Users\16610\Desktop\.workbuddy\.workbuddy\saint_george_classifier\data\raw\non_georges\a5853266dde80c95a5606eccfac10716.jpg,0,3700
C:\Users\16610\Desktop\.workbuddy\.workbuddy\saint_george_classifier\data\raw\non_georges\a5891b127313ee9c438f523b5e8b3f74.jpg,0,3701
C:\Users\16610\Desktop\.workbuddy\.workbuddy\saint_george_classifier\data\raw\non_georges\a5adac83cc1bfa93e68eefa3549da8d8.jpg,0,3703
C:\Users\16610\Desktop\.workbuddy\.workbuddy\saint_george_classifier\data\raw\non_georges\a5d39f30064fd4e6a65f1c21ad7a2187.jpg,0,3704
C:\Users\16610\Desktop\.workbuddy\.workbuddy\saint_george_classifier\data\raw\non_georges\a5dca60ceb06cd8ca34521fa76d82bfe.jpg,0,3705
C:\Users\16610\Desktop\.workbuddy\.workbuddy\saint_george_classifier\data\raw\non_georges\a5ef690fda2e973b9327540bba2df4e7.jpg,0,3706
C:\Users\16610\Desktop\.workbuddy\.workbuddy\saint_george_classifier\data\raw\non_georges\a5f6cf58717ef5dc854282267e52e673.jpg,0,3707
C:\Users\16610\Desktop\.workbuddy\.workbuddy\saint_george_classifier\data\raw\non_georges\a635529fe7487441345c81fc57d9d927.jpg,0,3708
C:\Users\16610\Desktop\.workbuddy\.workbuddy\saint_george_classifier\data\raw\non_georges\a66223f32f6f957f3ce49d44e08179f4.jpg,0,3709
C:\Users\16610\Desktop\.workbuddy\.workbuddy\saint_george_classifier\data\raw\non_georges\a67dab5cf950635fff684714ce6799fb.jpg,0,3710
C:\Users\16610\Desktop\.workbuddy\.workbuddy\saint_george_classifier\data\raw\non_georges\a68d223fa86a578f36fa0c98e554ef83.jpg,0,3711
C:\Users\16610\Desktop\.workbuddy\.workbuddy\saint_george_classifier\data\raw\non_georges\a6a5341e130c8f9e5fcc6b553c25f925.jpg,0,3712
C:\Users\16610\Desktop\.workbuddy\.workbuddy\saint_george_classifier\data\raw\non_georges\a6b8d80e1098783b138da11d89afe4e5.jpg,0,3713
C:\Users\16610\Desktop\.workbuddy\.workbuddy\saint_george_classifier\data\raw\non_georges\a6cced65bf78675746bb560baaf196f8.jpg,0,3118
C:\Users\16610\Desktop\.workbuddy\.workbuddy\saint_george_classifier\data\raw\non_georges\a6f9a0c1e1b4a52153bc7e1e8706d8e0.jpg,0,3714
C:\Users\16610\Desktop\.workbuddy\.workbuddy\saint_george_classifier\data\raw\non_georges\a70f36c7dc2292326ec762529788a946.jpg,0,3716
C:\Users\16610\Desktop\.workbuddy\.workbuddy\saint_george_classifier\data\raw\non_georges\a70f55417567c1845c3d92af6875f7e8.jpg,0,3717
C:\Users\16610\Desktop\.workbuddy\.workbuddy\saint_george_classifier\data\raw\non_georges\a716e2b3f79d764bde88d88c8c9a7b45.jpg,0,2420
C:\Users\16610\Desktop\.workbuddy\.workbuddy\saint_george_classifier\data\raw\non_georges\a71d4ca516166e3b16c990dc7a3201e5.jpg,0,3718
C:\Users\16610\Desktop\.workbuddy\.workbuddy\saint_george_classifier\data\raw\non_georges\a76b28e1063c418e9f4d3da865d39982.jpg,0,3722
C:\Users\16610\Desktop\.workbuddy\.workbuddy\saint_george_classifier\data\raw\non_georges\a781a4e7d6cf50637fd07da9dd13c4f1.jpg,0,3723
C:\Users\16610\Desktop\.workbuddy\.workbuddy\saint_george_classifier\data\raw\non_georges\a7bc0d39783e74dd191ce0ecf2cf873f.jpg,0,3725
C:\Users\16610\Desktop\.workbuddy\.workbuddy\saint_george_classifier\data\raw\non_georges\a7ce6d01276f631e2199285c6d48c7f9.jpg,0,3726
C:\Users\16610\Desktop\.workbuddy\.workbuddy\saint_george_classifier\data\raw\non_georges\a7d1531384b07319d9eb3f617d24fe36.jpg,0,3727
C:\Users\16610\Desktop\.workbuddy\.workbuddy\saint_george_classifier\data\raw\non_georges\a7d16fb497cdc526eb6e79c5c2d6104d.jpg,0,3728
C:\Users\16610\Desktop\.workbuddy\.workbuddy\saint_george_classifier\data\raw\non_georges\a7e9676755e2de2012f22803c792b4ea.jpg,0,3729
C:\Users\16610\Desktop\.workbuddy\.workbuddy\saint_george_classifier\data\raw\non_georges\a7ef6f5ad32964642eed3c67dd3321fe.jpg,0,3730
C:\Users\16610\Desktop\.workbuddy\.workbuddy\saint_george_classifier\data\raw\non_georges\a7f4c03f0efcdc766624de7afccb533a.jpg,0,3731
C:\Users\16610\Desktop\.workbuddy\.workbuddy\saint_george_classifier\data\raw\non_georges\a808cb935ac46c7e289b452f90c86f86.jpg,0,3733
C:\Users\16610\Desktop\.workbuddy\.workbuddy\saint_george_classifier\data\raw\non_georges\a834beaafbe5bd56ebe93a27391ae0ce.jpg,0,3734
C:\Users\16610\Desktop\.workbuddy\.workbuddy\saint_george_classifier\data\raw\non_georges\a84e60df00f71492f50a0913fc573942.jpg,0,3735
C:\Users\16610\Desktop\.workbuddy\.workbuddy\saint_george_classifier\data\raw\non_georges\a85735514123a418a2510006dddf8a23.jpg,0,3736
C:\Users\16610\Desktop\.workbuddy\.workbuddy\saint_george_classifier\data\raw\non_georges\a86ae3c8e952f32536d8a25bc2f0b2ef.jpg,0,3737
C:\Users\16610\Desktop\.workbuddy\.workbuddy\saint_george_classifier\data\raw\non_georges\a895948cf5311c3b02637bb6d875c905.jpg,0,3738
C:\Users\16610\Desktop\.workbuddy\.workbuddy\saint_george_classifier\data\raw\non_georges\a899a8cbf7f9d67dcc149dc6a72675fc.jpg,0,3739
C:\Users\16610\Desktop\.workbuddy\.workbuddy\saint_george_classifier\data\raw\non_georges\a8dc5a04e022d138de42edb1e1d721d2.jpg,0,3740
C:\Users\16610\Desktop\.workbuddy\.workbuddy\saint_george_classifier\data\raw\non_georges\a8e6540902884b38cd3477195d4eb86b.jpg,0,3741
C:\Users\16610\Desktop\.workbuddy\.workbuddy\saint_george_classifier\data\raw\non_georges\a91199916170786d986f39bc0fae380a.jpg,0,3742
C:\Users\16610\Desktop\.workbuddy\.workbuddy\saint_george_classifier\data\raw\non_georges\a92d85728700125672e7b4f4e49765b8.jpg,0,1996
C:\Users\16610\Desktop\.workbuddy\.workbuddy\saint_george_classifier\data\raw\non_georges\a92f7ca410c27ce0d3efbb65bba22f5a.jpg,0,3743
C:\Users\16610\Desktop\.workbuddy\.workbuddy\saint_george_classifier\data\raw\non_georges\a9380b885d51ea06c289f8b12a7c3438.jpg,0,3744
C:\Users\16610\Desktop\.workbuddy\.workbuddy\saint_george_classifier\data\raw\non_georges\a94ab79162d8946292e303f07910ecce.jpg,0,3745
C:\Users\16610\Desktop\.workbuddy\.workbuddy\saint_george_classifier\data\raw\non_georges\a98191c9778272a6a06b154332ba4c2c.jpg,0,3746
C:\Users\16610\Desktop\.workbuddy\.workbuddy\saint_george_classifier\data\raw\non_georges\a9901fe23b85b0c33a23ef09be08e80f.jpg,0,3747
C:\Users\16610\Desktop\.workbuddy\.workbuddy\saint_george_classifier\data\raw\non_georges\a9ac702d58f5c57c180a57083ee2bc31.jpg,0,3748
C:\Users\16610\Desktop\.workbuddy\.workbuddy\saint_george_classifier\data\raw\non_georges\a9d497fbe83d03e4a3351871aebc4fa2.jpg,0,3749
C:\Users\16610\Desktop\.workbuddy\.workbuddy\saint_george_classifier\data\raw\non_georges\aa0f4672653b7f9660d747058af8e79b.jpg,0,3750
C:\Users\16610\Desktop\.workbuddy\.workbuddy\saint_george_classifier\data\raw\non_georges\aa1c8d6115f9c1ede9dcf3547bfde918.jpg,0,3751
C:\Users\16610\Desktop\.workbuddy\.workbuddy\saint_george_classifier\data\raw\non_georges\aa24f1caae0313fd66b858411e3e8fb6.jpg,0,3753
C:\Users\16610\Desktop\.workbuddy\.workbuddy\saint_george_classifier\data\raw\non_georges\aa25a9390f97e5f2d6bc4e011ac0fea5.jpg,0,3754
C:\Users\16610\Desktop\.workbuddy\.workbuddy\saint_george_classifier\data\raw\non_georges\aa4854efb9995c112cbed06e02f1b3da.jpg,0,3756
C:\Users\16610\Desktop\.workbuddy\.workbuddy\saint_george_classifier\data\raw\non_georges\aa7f78f2cbdfc5187859a82caa97c7d0.jpg,0,3757
C:\Users\16610\Desktop\.workbuddy\.workbuddy\saint_george_classifier\data\raw\non_georges\aa95609525a9127b0383a88dfbff9e1b.jpg,0,3758
C:\Users\16610\Desktop\.workbuddy\.workbuddy\saint_george_classifier\data\raw\non_georges\aaaba3a137c65adbf00d4cef391c3ade.jpg,0,3759
C:\Users\16610\Desktop\.workbuddy\.workbuddy\saint_george_classifier\data\raw\non_georges\aad0d0d643f9d34e7cadedb134a6a61f.jpg,0,3760
C:\Users\16610\Desktop\.workbuddy\.workbuddy\saint_george_classifier\data\raw\non_georges\aad3b1f18c87a09bff633f415195f186.jpg,0,3614
C:\Users\16610\Desktop\.workbuddy\.workbuddy\saint_george_classifier\data\raw\non_georges\aadea7d0610ea3a625124fca31a73506.jpg,0,3761
C:\Users\16610\Desktop\.workbuddy\.workbuddy\saint_george_classifier\data\raw\non_georges\ab09dedaee12fa329b0825c3fba0ba4d.jpg,0,3762
C:\Users\16610\Desktop\.workbuddy\.workbuddy\saint_george_classifier\data\raw\non_georges\ab0c7a7872a67474c16a22389d6615e8.jpg,0,3763
C:\Users\16610\Desktop\.workbuddy\.workbuddy\saint_george_classifier\data\raw\non_georges\ab41b3e4a8a8128584339738918074ae.jpg,0,3764
C:\Users\16610\Desktop\.workbuddy\.workbuddy\saint_george_classifier\data\raw\non_georges\ab4e1a69f98e94cfee170668afab42af.jpg,0,3765
C:\Users\16610\Desktop\.workbuddy\.workbuddy\saint_george_classifier\data\raw\non_georges\ab4e1fe2be529cf6994cb0074b3aa1d8.jpg,0,3766
C:\Users\16610\Desktop\.workbuddy\.workbuddy\saint_george_classifier\data\raw\non_georges\ab662852238a230715078f981fe4acf8.jpg,0,3767
C:\Users\16610\Desktop\.workbuddy\.workbuddy\saint_george_classifier\data\raw\non_georges\ab71d5ec40d4978efd76fd77b6e14762.jpg,0,3768
C:\Users\16610\Desktop\.workbuddy\.workbuddy\saint_george_classifier\data\raw\non_georges\ab86a605688d7fbf66240d7900f2894b.jpg,0,3769
C:\Users\16610\Desktop\.workbuddy\.workbuddy\saint_george_classifier\data\raw\non_georges\ab9e5270effcf99146ef4bbd83487fed.jpg,0,3770
C:\Users\16610\Desktop\.workbuddy\.workbuddy\saint_george_classifier\data\raw\non_georges\abab310beb44531dc027f0baba690f94.jpg,0,3771
C:\Users\16610\Desktop\.workbuddy\.workbuddy\saint_george_classifier\data\raw\non_georges\abb387ea712ee0a8910f372099be9097.jpg,0,3772
C:\Users\16610\Desktop\.workbuddy\.workbuddy\saint_george_classifier\data\raw\non_georges\abb6b6a7029152d738385fab850e98ab.jpg,0,3347
C:\Users\16610\Desktop\.workbuddy\.workbuddy\saint_george_classifier\data\raw\non_georges\abba3b027c0569e42a1193ba336ce01b.jpg,0,3773
C:\Users\16610\Desktop\.workbuddy\.workbuddy\saint_george_classifier\data\raw\non_georges\abf818bd762752d2aa3cf27f696a8e39.jpg,0,3774
C:\Users\16610\Desktop\.workbuddy\.workbuddy\saint_george_classifier\data\raw\non_georges\ac06e6fb124b71b1380b18b0ff32478c.jpg,0,3776
C:\Users\16610\Desktop\.workbuddy\.workbuddy\saint_george_classifier\data\raw\non_georges\ac185dad69348f226674c20e93e958c8.jpg,0,2414
C:\Users\16610\Desktop\.workbuddy\.workbuddy\saint_george_classifier\data\raw\non_georges\ac4fe43a0e46e0648769028c4b7850b1.jpg,0,3777
C:\Users\16610\Desktop\.workbuddy\.workbuddy\saint_george_classifier\data\raw\non_georges\ac54eb6e68520828d12cfebde87336a4.jpg,0,3778
C:\Users\16610\Desktop\.workbuddy\.workbuddy\saint_george_classifier\data\raw\non_georges\ac73ecd5d938967abfeb46d445ce5d04.jpg,0,3779
C:\Users\16610\Desktop\.workbuddy\.workbuddy\saint_george_classifier\data\raw\non_georges\ac75a5d0b10d6eae126f9098e2c8c77d.jpg,0,3780
C:\Users\16610\Desktop\.workbuddy\.workbuddy\saint_george_classifier\data\raw\non_georges\acb13ad71e480944d93c46880d366dd9.jpg,0,3782
C:\Users\16610\Desktop\.workbuddy\.workbuddy\saint_george_classifier\data\raw\non_georges\acc9ee6fefe441e5628bfb55711f292c.jpg,0,3783
C:\Users\16610\Desktop\.workbuddy\.workbuddy\saint_george_classifier\data\raw\non_georges\acd778121e44870754680f4a090174b5.jpg,0,3784
C:\Users\16610\Desktop\.workbuddy\.workbuddy\saint_george_classifier\data\raw\non_georges\ace92e98bd14c3a94a570af791a80906.jpg,0,3785
C:\Users\16610\Desktop\.workbuddy\.workbuddy\saint_george_classifier\data\raw\non_georges\acea9c95fe3c0e17784e172334c36ea5.jpg,0,3786
C:\Users\16610\Desktop\.workbuddy\.workbuddy\saint_george_classifier\data\raw\non_georges\acefbaa999aeff1d54c3da6e6cd3716a.jpg,0,3787
C:\Users\16610\Desktop\.workbuddy\.workbuddy\saint_george_classifier\data\raw\non_georges\ad1162443fabc69114978f96df2c88df.jpg,0,3788
C:\Users\16610\Desktop\.workbuddy\.workbuddy\saint_george_classifier\data\raw\non_georges\ad25ca30beca8ee0aac5b92acdab60e8.jpg,0,3789
C:\Users\16610\Desktop\.workbuddy\.workbuddy\saint_george_classifier\data\raw\non_georges\ad7662a3d4694bfd1ef0bfd9123a9be8.jpg,0,3791
C:\Users\16610\Desktop\.workbuddy\.workbuddy\saint_george_classifier\data\raw\non_georges\ad77359efaaf8fc5ab3861a702e15ad9.jpg,0,3792
C:\Users\16610\Desktop\.workbuddy\.workbuddy\saint_george_classifier\data\raw\non_georges\ad8d7e595decbd0908ccd89ba72d7173.jpg,0,3793
C:\Users\16610\Desktop\.workbuddy\.workbuddy\saint_george_classifier\data\raw\non_georges\adaf96833754c040e0dd3d56c2855e31.jpg,0,3794
C:\Users\16610\Desktop\.workbuddy\.workbuddy\saint_george_classifier\data\raw\non_georges\adce0cd587102f51be4b4232fd3144e2.jpg,0,3795
C:\Users\16610\Desktop\.workbuddy\.workbuddy\saint_george_classifier\data\raw\non_georges\adfe1b1975cad5c5bf8c9cc30ff4da66.jpg,0,3796
C:\Users\16610\Desktop\.workbuddy\.workbuddy\saint_george_classifier\data\raw\non_georges\ae27380cf8ad7334b12bac2f06d80c5a.jpg,0,3797
C:\Users\16610\Desktop\.workbuddy\.workbuddy\saint_george_classifier\data\raw\non_georges\ae3fd7251a6980adf07c92e6cc36dcc7.jpg,0,3799
C:\Users\16610\Desktop\.workbuddy\.workbuddy\saint_george_classifier\data\raw\non_georges\ae47f899361d82043f912b0190ea7abd.jpg,0,1786
C:\Users\16610\Desktop\.workbuddy\.workbuddy\saint_george_classifier\data\raw\non_georges\aeb7dc2e96354e0d3b84a6228a46da6d.jpg,0,3802
C:\Users\16610\Desktop\.workbuddy\.workbuddy\saint_george_classifier\data\raw\non_georges\aec30ca30bb59b434b1c003aae059821.jpg,0,3804
C:\Users\16610\Desktop\.workbuddy\.workbuddy\saint_george_classifier\data\raw\non_georges\af09adea91aef7eabf48dc3526afd5b6.jpg,0,3805
C:\Users\16610\Desktop\.workbuddy\.workbuddy\saint_george_classifier\data\raw\non_georges\af27d3b191dccb7c898f8c22e72cc9dd.jpg,0,3806
C:\Users\16610\Desktop\.workbuddy\.workbuddy\saint_george_classifier\data\raw\non_georges\af4e6719a184a4dd78d33509e88562e8.jpg,0,3807
C:\Users\16610\Desktop\.workbuddy\.workbuddy\saint_george_classifier\data\raw\non_georges\af7d6a05eb74f7665ca304dcc0f66b62.jpg,0,3809
C:\Users\16610\Desktop\.workbuddy\.workbuddy\saint_george_classifier\data\raw\non_georges\af8122fabd1132ec73cd619510ebfe7b.jpg,0,1870
C:\Users\16610\Desktop\.workbuddy\.workbuddy\saint_george_classifier\data\raw\non_georges\afb01d718b1a36a22f13e2038f5f901d.jpg,0,3812
C:\Users\16610\Desktop\.workbuddy\.workbuddy\saint_george_classifier\data\raw\non_georges\affde907ec3b078897b305216aa94937.jpg,0,3813
C:\Users\16610\Desktop\.workbuddy\.workbuddy\saint_george_classifier\data\raw\non_georges\b00ed78a8907b72e29bbc58031db824c.jpg,0,3814
C:\Users\16610\Desktop\.workbuddy\.workbuddy\saint_george_classifier\data\raw\non_georges\b050a08c3316ade4e6faf5c4cf1f2674.jpg,0,3815
C:\Users\16610\Desktop\.workbuddy\.workbuddy\saint_george_classifier\data\raw\non_georges\b06e68d9176bdba66a6700653cac735d.jpg,0,3816
C:\Users\16610\Desktop\.workbuddy\.workbuddy\saint_george_classifier\data\raw\non_georges\b0d48152146c7e0a4a10a45d23b10997.jpg,0,3819
C:\Users\16610\Desktop\.workbuddy\.workbuddy\saint_george_classifier\data\raw\non_georges\b0e448add6b99746daf117bf592cf164.jpg,0,3820
C:\Users\16610\Desktop\.workbuddy\.workbuddy\saint_george_classifier\data\raw\non_georges\b0f09cc6baffc34d7205fcccc5d62f6b.jpg,0,3821
C:\Users\16610\Desktop\.workbuddy\.workbuddy\saint_george_classifier\data\raw\non_georges\b107b4290bd7bfea71decd476fec6c0b.jpg,0,3822
C:\Users\16610\Desktop\.workbuddy\.workbuddy\saint_george_classifier\data\raw\non_georges\b13165a1d5c90b5c1e1a10051987797e.jpg,0,3823
C:\Users\16610\Desktop\.workbuddy\.workbuddy\saint_george_classifier\data\raw\non_georges\b13f9746289b128f28500582d68eda48.jpg,0,3826
C:\Users\16610\Desktop\.workbuddy\.workbuddy\saint_george_classifier\data\raw\non_georges\b14575b1d365af01e3aafdb108801237.jpg,0,3827
C:\Users\16610\Desktop\.workbuddy\.workbuddy\saint_george_classifier\data\raw\non_georges\b146c1e82363f3c3cf711e7f316c9df4.jpg,0,3828
C:\Users\16610\Desktop\.workbuddy\.workbuddy\saint_george_classifier\data\raw\non_georges\b1580f111e6818c781f6a9db80a8513f.jpg,0,3829
C:\Users\16610\Desktop\.workbuddy\.workbuddy\saint_george_classifier\data\raw\non_georges\b1711f0cf9c8cb461b035c306cd91043.jpg,0,3830
C:\Users\16610\Desktop\.workbuddy\.workbuddy\saint_george_classifier\data\raw\non_georges\b171fa85a4fc869924124c9cb03ce948.jpg,0,3831
C:\Users\16610\Desktop\.workbuddy\.workbuddy\saint_george_classifier\data\raw\non_georges\b177bfb0e8f294a696dcb8b22a8f0f64.jpg,0,3832
C:\Users\16610\Desktop\.workbuddy\.workbuddy\saint_george_classifier\data\raw\non_georges\b199165aae0b28677070c8569af414b5.jpg,0,2448
C:\Users\16610\Desktop\.workbuddy\.workbuddy\saint_george_classifier\data\raw\non_georges\b1a04cf51e2c064b1b42626b759c77da.jpg,0,3833
C:\Users\16610\Desktop\.workbuddy\.workbuddy\saint_george_classifier\data\raw\non_georges\b1aa257aec832b0433cdf36acd8640e7.jpg,0,3834
C:\Users\16610\Desktop\.workbuddy\.workbuddy\saint_george_classifier\data\raw\non_georges\b1b28306776dfe1db6387c12d7073155.jpg,0,3835
C:\Users\16610\Desktop\.workbuddy\.workbuddy\saint_george_classifier\data\raw\non_georges\b2104395c6277c9967b0c97404acb20a.jpg,0,3837
C:\Users\16610\Desktop\.workbuddy\.workbuddy\saint_george_classifier\data\raw\non_georges\b216f0e729d21ca001c010b754156e7e.jpg,0,3838
C:\Users\16610\Desktop\.workbuddy\.workbuddy\saint_george_classifier\data\raw\non_georges\b217ebbc3d0c292a12d23c9cae56924f.jpg,0,3839
C:\Users\16610\Desktop\.workbuddy\.workbuddy\saint_george_classifier\data\raw\non_georges\b218a896fa808caf90d3079ad0ad1283.jpg,0,2310
C:\Users\16610\Desktop\.workbuddy\.workbuddy\saint_george_classifier\data\raw\non_georges\b22829f43530a37b94d0dfc17d03410e.jpg,0,3840
C:\Users\16610\Desktop\.workbuddy\.workbuddy\saint_george_classifier\data\raw\non_georges\b26cb7562904a887272cdf5466afbb82.jpg,0,3841
C:\Users\16610\Desktop\.workbuddy\.workbuddy\saint_george_classifier\data\raw\non_georges\b27ce274ffc35ce16b37444fc3ada6cd.jpg,0,3843
C:\Users\16610\Desktop\.workbuddy\.workbuddy\saint_george_classifier\data\raw\non_georges\b27eaa7690efb69f58f6b31ef569caac.jpg,0,3844
C:\Users\16610\Desktop\.workbuddy\.workbuddy\saint_george_classifier\data\raw\non_georges\b2816875e91613c3ce4b33a4ee22c7ce.jpg,0,3845
C:\Users\16610\Desktop\.workbuddy\.workbuddy\saint_george_classifier\data\raw\non_georges\b286d4830d8dddc55dbe3924bb242cd0.jpg,0,3846
C:\Users\16610\Desktop\.workbuddy\.workbuddy\saint_george_classifier\data\raw\non_georges\b294522b813fde0d8a37ad993d49c879.jpg,0,3847
C:\Users\16610\Desktop\.workbuddy\.workbuddy\saint_george_classifier\data\raw\non_georges\b2a673650e163af502f6897d9b231e3c.jpg,0,3848
C:\Users\16610\Desktop\.workbuddy\.workbuddy\saint_george_classifier\data\raw\non_georges\b2df04534647e22e8e8480526aa861d3.jpg,0,3849
C:\Users\16610\Desktop\.workbuddy\.workbuddy\saint_george_classifier\data\raw\non_georges\b352d9cfdac2554b92d44ed02d0760b2.jpg,0,3851
C:\Users\16610\Desktop\.workbuddy\.workbuddy\saint_george_classifier\data\raw\non_georges\b361efbeaf18ca6384040a6537881a03.jpg,0,3758
C:\Users\16610\Desktop\.workbuddy\.workbuddy\saint_george_classifier\data\raw\non_georges\b362a01f658553d22703702423fbd28a.jpg,0,3853
C:\Users\16610\Desktop\.workbuddy\.workbuddy\saint_george_classifier\data\raw\non_georges\b387cf3bcb5cd1177c459faceec60a04.jpg,0,3854
C:\Users\16610\Desktop\.workbuddy\.workbuddy\saint_george_classifier\data\raw\non_georges\b38981f6a51c97e43209b194282d5d4c.jpg,0,3855
C:\Users\16610\Desktop\.workbuddy\.workbuddy\saint_george_classifier\data\raw\non_georges\b3b496cc3f84dc55ddaf8c29db6eb636.jpg,0,2966
C:\Users\16610\Desktop\.workbuddy\.workbuddy\saint_george_classifier\data\raw\non_georges\b3bb625c51f389e01fcabce83c2fa536.jpg,0,2270
C:\Users\16610\Desktop\.workbuddy\.workbuddy\saint_george_classifier\data\raw\non_georges\b3c9b39c0bb597f30c1aef9adae39a46.jpg,0,3856
C:\Users\16610\Desktop\.workbuddy\.workbuddy\saint_george_classifier\data\raw\non_georges\b3cf84372f7c313b8d72c25fcb244bdb.jpg,0,3857
C:\Users\16610\Desktop\.workbuddy\.workbuddy\saint_george_classifier\data\raw\non_georges\b427f683a110182e17de923ea768b112.jpg,0,3858
C:\Users\16610\Desktop\.workbuddy\.workbuddy\saint_george_classifier\data\raw\non_georges\b443561b70f311f0ebbc912ed359e285.jpg,0,3859
C:\Users\16610\Desktop\.workbuddy\.workbuddy\saint_george_classifier\data\raw\non_georges\b448d7f86da2cdd80a535097cf4b1aaa.jpg,0,3861
C:\Users\16610\Desktop\.workbuddy\.workbuddy\saint_george_classifier\data\raw\non_georges\b45edf71bb70b721ab3fe1baa960e757.jpg,0,3862
C:\Users\16610\Desktop\.workbuddy\.workbuddy\saint_george_classifier\data\raw\non_georges\b46485d691f644775ec81550bf65e685.jpg,0,3863
C:\Users\16610\Desktop\.workbuddy\.workbuddy\saint_george_classifier\data\raw\non_georges\b476afe683d67fd3bb419f815539c627.jpg,0,3749
C:\Users\16610\Desktop\.workbuddy\.workbuddy\saint_george_classifier\data\raw\non_georges\b4841ddd48783beee15e192f23afad4c.jpg,0,3864
C:\Users\16610\Desktop\.workbuddy\.workbuddy\saint_george_classifier\data\raw\non_georges\b484cd158224f6a2f4af5524eaa3b976.jpg,0,3865
C:\Users\16610\Desktop\.workbuddy\.workbuddy\saint_george_classifier\data\raw\non_georges\b4a21ae2b57045d8c510890d78f2803e.jpg,0,3867
C:\Users\16610\Desktop\.workbuddy\.workbuddy\saint_george_classifier\data\raw\non_georges\b4a3d4166e94902f7ea28825b8ee8eb6.jpg,0,3868
C:\Users\16610\Desktop\.workbuddy\.workbuddy\saint_george_classifier\data\raw\non_georges\b4b4161ed16d03f4fbd1fb5d5975d11c.jpg,0,3869
C:\Users\16610\Desktop\.workbuddy\.workbuddy\saint_george_classifier\data\raw\non_georges\b4c3b66d3a91c8493ee3a0dd8f6c6a54.jpg,0,3870
C:\Users\16610\Desktop\.workbuddy\.workbuddy\saint_george_classifier\data\raw\non_georges\b4cf30d54f94b3e7ff8ce0ddcc6c8534.jpg,0,3871
C:\Users\16610\Desktop\.workbuddy\.workbuddy\saint_george_classifier\data\raw\non_georges\b4e7820acecdbecbd08d05b58290232f.jpg,0,3873
C:\Users\16610\Desktop\.workbuddy\.workbuddy\saint_george_classifier\data\raw\non_georges\b50b1231df0b397db001c30e958d8ce2.jpg,0,3874
C:\Users\16610\Desktop\.workbuddy\.workbuddy\saint_george_classifier\data\raw\non_georges\b5136ce7e5f265ee58329a3602e99c21.jpg,0,3875
C:\Users\16610\Desktop\.workbuddy\.workbuddy\saint_george_classifier\data\raw\non_georges\b51d2bcef8bac4bbb8b0dede97971927.jpg,0,3876
C:\Users\16610\Desktop\.workbuddy\.workbuddy\saint_george_classifier\data\raw\non_georges\b530e843131093c0503318201a300d4a.jpg,0,3877
C:\Users\16610\Desktop\.workbuddy\.workbuddy\saint_george_classifier\data\raw\non_georges\b55e1f41c71ac810d9389ef363be0b44.jpg,0,3878
C:\Users\16610\Desktop\.workbuddy\.workbuddy\saint_george_classifier\data\raw\non_georges\b566236807e9cebcec60623f1c78f8d6.jpg,0,3879
C:\Users\16610\Desktop\.workbuddy\.workbuddy\saint_george_classifier\data\raw\non_georges\b5921647f0c94778d145601d9735ccbb.jpg,0,3880
C:\Users\16610\Desktop\.workbuddy\.workbuddy\saint_george_classifier\data\raw\non_georges\b5dbcb6776d95252c8051561bd768716.jpg,0,3881
C:\Users\16610\Desktop\.workbuddy\.workbuddy\saint_george_classifier\data\raw\non_georges\b5e1bafe1b727129bd41303295e89522.jpg,0,3882
C:\Users\16610\Desktop\.workbuddy\.workbuddy\saint_george_classifier\data\raw\non_georges\b60c7cce6f7d0aa3f106bf07784444b4.jpg,0,3883
C:\Users\16610\Desktop\.workbuddy\.workbuddy\saint_george_classifier\data\raw\non_georges\b6151368713621250b142b63dbadb4b7.jpg,0,2568
C:\Users\16610\Desktop\.workbuddy\.workbuddy\saint_george_classifier\data\raw\non_georges\b61effaf060e91a9751f7146d5091046.jpg,0,3884
C:\Users\16610\Desktop\.workbuddy\.workbuddy\saint_george_classifier\data\raw\non_georges\b621ab8562293cb18a5065a72e554eae.jpg,0,3885
C:\Users\16610\Desktop\.workbuddy\.workbuddy\saint_george_classifier\data\raw\non_georges\b624932d75518b5331084e56e4a03b03.jpg,0,3886
C:\Users\16610\Desktop\.workbuddy\.workbuddy\saint_george_classifier\data\raw\non_georges\b6360796a93c4d03f2f927163f85b5b8.jpg,0,3887
C:\Users\16610\Desktop\.workbuddy\.workbuddy\saint_george_classifier\data\raw\non_georges\b63c960f3265871bc180ac78bba794f4.jpg,0,3888
C:\Users\16610\Desktop\.workbuddy\.workbuddy\saint_george_classifier\data\raw\non_georges\b6625a9d2ddece6b556593aeda622231.jpg,0,3889
C:\Users\16610\Desktop\.workbuddy\.workbuddy\saint_george_classifier\data\raw\non_georges\b67be76c2435d5415af48fc779d20c1a.jpg,0,3890
C:\Users\16610\Desktop\.workbuddy\.workbuddy\saint_george_classifier\data\raw\non_georges\b69c6e1cffc44799658dc7aa1659c7ca.jpg,0,1850
C:\Users\16610\Desktop\.workbuddy\.workbuddy\saint_george_classifier\data\raw\non_georges\b6c72782298ed05e02df15a250c378ea.jpg,0,3891
C:\Users\16610\Desktop\.workbuddy\.workbuddy\saint_george_classifier\data\raw\non_georges\b7483bb613c0398fdd96d55499e1b843.jpg,0,3893
C:\Users\16610\Desktop\.workbuddy\.workbuddy\saint_george_classifier\data\raw\non_georges\b76f3b1839e1ecc5a474c5425bd3029d.jpg,0,3894
C:\Users\16610\Desktop\.workbuddy\.workbuddy\saint_george_classifier\data\raw\non_georges\b77d5c16ee8a181cfa8b6595e9ba22f1.jpg,0,3895
C:\Users\16610\Desktop\.workbuddy\.workbuddy\saint_george_classifier\data\raw\non_georges\b7a51728f094ec8ad4325f201e0041a3.jpg,0,3896
C:\Users\16610\Desktop\.workbuddy\.workbuddy\saint_george_classifier\data\raw\non_georges\b7cc9470991eeca6d0a1eb3c67586f03.jpg,0,3899
C:\Users\16610\Desktop\.workbuddy\.workbuddy\saint_george_classifier\data\raw\non_georges\b7ce4a1644e2a503052addb5ceceb9cf.jpg,0,3900
C:\Users\16610\Desktop\.workbuddy\.workbuddy\saint_george_classifier\data\raw\non_georges\b7d6e5108b64d5bebc075bc2d2912378.jpg,0,3901
C:\Users\16610\Desktop\.workbuddy\.workbuddy\saint_george_classifier\data\raw\non_georges\b7e90817814ae88770e9fced201337b8.jpg,0,3902
C:\Users\16610\Desktop\.workbuddy\.workbuddy\saint_george_classifier\data\raw\non_georges\b8781b7bd238cee0914b0b2fea2c9780.jpg,0,3904
C:\Users\16610\Desktop\.workbuddy\.workbuddy\saint_george_classifier\data\raw\non_georges\b88fbd375744b5c6f9cb3c376f7cc1f8.jpg,0,3905
C:\Users\16610\Desktop\.workbuddy\.workbuddy\saint_george_classifier\data\raw\non_georges\b8a0aab5ba445a4ac29ad4ab4ee4fff1.jpg,0,3009
C:\Users\16610\Desktop\.workbuddy\.workbuddy\saint_george_classifier\data\raw\non_georges\b8b050fc45d6bc41392ef0217f713934.jpg,0,3907
C:\Users\16610\Desktop\.workbuddy\.workbuddy\saint_george_classifier\data\raw\non_georges\b8b0aafeec8159052f26fe2cc0c555ec.jpg,0,3282
C:\Users\16610\Desktop\.workbuddy\.workbuddy\saint_george_classifier\data\raw\non_georges\b8b5b52ba2f036ba9f3ba6dd6b7567d0.jpg,0,3908
C:\Users\16610\Desktop\.workbuddy\.workbuddy\saint_george_classifier\data\raw\non_georges\b8bce399bacb15ef8040e12bca6fd165.jpg,0,3909
C:\Users\16610\Desktop\.workbuddy\.workbuddy\saint_george_classifier\data\raw\non_georges\b8c3349e338ad10d8f22f0c46dbb4d95.jpg,0,3910
C:\Users\16610\Desktop\.workbuddy\.workbuddy\saint_george_classifier\data\raw\non_georges\b8ddb77eb0c0d2d863c121c6911542d8.jpg,0,3911
C:\Users\16610\Desktop\.workbuddy\.workbuddy\saint_george_classifier\data\raw\non_georges\b93576ee9432e76d6753a76200702ac3.jpg,0,3913
C:\Users\16610\Desktop\.workbuddy\.workbuddy\saint_george_classifier\data\raw\non_georges\b93ffd622c05c18401556898d3748a56.jpg,0,3914
C:\Users\16610\Desktop\.workbuddy\.workbuddy\saint_george_classifier\data\raw\non_georges\b94464773b776f5ca1472616d5f2b31d.jpg,0,3915
C:\Users\16610\Desktop\.workbuddy\.workbuddy\saint_george_classifier\data\raw\non_georges\b9731a6324eb0b6c22815289c9e4e7f9.jpg,0,3916
C:\Users\16610\Desktop\.workbuddy\.workbuddy\saint_george_classifier\data\raw\non_georges\b99d7f3920ff5cb119e6fa53c24f8377.jpg,0,3917
C:\Users\16610\Desktop\.workbuddy\.workbuddy\saint_george_classifier\data\raw\non_georges\b9e1989437eb733cfc80d121c313b3a9.jpg,0,3919
C:\Users\16610\Desktop\.workbuddy\.workbuddy\saint_george_classifier\data\raw\non_georges\ba13aee35113c1bfc697bf64653278e6.jpg,0,3920
C:\Users\16610\Desktop\.workbuddy\.workbuddy\saint_george_classifier\data\raw\non_georges\ba52d7886fedb002c8491c5f68fc3f6c.jpg,0,3921
C:\Users\16610\Desktop\.workbuddy\.workbuddy\saint_george_classifier\data\raw\non_georges\ba604d444f611d8e4604cdb9089c84f5.jpg,0,3922
C:\Users\16610\Desktop\.workbuddy\.workbuddy\saint_george_classifier\data\raw\non_georges\ba8500c6f38019ec38a0bd0634f7af27.jpg,0,3923
C:\Users\16610\Desktop\.workbuddy\.workbuddy\saint_george_classifier\data\raw\non_georges\ba87626bf211ddffe746ea640b810be7.jpg,0,3924
C:\Users\16610\Desktop\.workbuddy\.workbuddy\saint_george_classifier\data\raw\non_georges\bab0208e06ad272c9beb5068ca14464d.jpg,0,3925
C:\Users\16610\Desktop\.workbuddy\.workbuddy\saint_george_classifier\data\raw\non_georges\babdf89dcac935bf30a9d2a77867cda9.jpg,0,3926
C:\Users\16610\Desktop\.workbuddy\.workbuddy\saint_george_classifier\data\raw\non_georges\bae971d414f2d60236ed1abb5bad95bb.jpg,0,3928
C:\Users\16610\Desktop\.workbuddy\.workbuddy\saint_george_classifier\data\raw\non_georges\bb2abc4553437ce1014c3ed86a4716db.jpg,0,3929
C:\Users\16610\Desktop\.workbuddy\.workbuddy\saint_george_classifier\data\raw\non_georges\bb42b546418aad7440d6b7cce8da9f53.jpg,0,3931
C:\Users\16610\Desktop\.workbuddy\.workbuddy\saint_george_classifier\data\raw\non_georges\bb4b24f726634fe85508908e7d2d1f07.jpg,0,2368
C:\Users\16610\Desktop\.workbuddy\.workbuddy\saint_george_classifier\data\raw\non_georges\bb57c9fd252aa0d5443f32233a291af6.jpg,0,3932
C:\Users\16610\Desktop\.workbuddy\.workbuddy\saint_george_classifier\data\raw\non_georges\bbb3ee6541027d0b375af9361e7d02fa.jpg,0,3934
C:\Users\16610\Desktop\.workbuddy\.workbuddy\saint_george_classifier\data\raw\non_georges\bbc4fd7634586ec9f7dc5732c7f356ab.jpg,0,3935
C:\Users\16610\Desktop\.workbuddy\.workbuddy\saint_george_classifier\data\raw\non_georges\bbe1f04179f915f2956303389970cb38.jpg,0,3937
C:\Users\16610\Desktop\.workbuddy\.workbuddy\saint_george_classifier\data\raw\non_georges\bbeb06853284d1f2b64ee27d896460fe.jpg,0,2201
C:\Users\16610\Desktop\.workbuddy\.workbuddy\saint_george_classifier\data\raw\non_georges\bbf2f589cf3814f78bda8084dc67478f.jpg,0,3941
C:\Users\16610\Desktop\.workbuddy\.workbuddy\saint_george_classifier\data\raw\non_georges\bbfffcf782c1292830058fa6c3d71459.jpg,0,3942
C:\Users\16610\Desktop\.workbuddy\.workbuddy\saint_george_classifier\data\raw\non_georges\bc00b25f33f3c67b3c2e211cbfe07620.jpg,0,3943
C:\Users\16610\Desktop\.workbuddy\.workbuddy\saint_george_classifier\data\raw\non_georges\bc0949c148225a93d3262f0f1b158eb7.jpg,0,3944
C:\Users\16610\Desktop\.workbuddy\.workbuddy\saint_george_classifier\data\raw\non_georges\bc23d690e90faf8af85a80173f5c7377.jpg,0,3946
C:\Users\16610\Desktop\.workbuddy\.workbuddy\saint_george_classifier\data\raw\non_georges\bc5cc97018a0c5d10d41a92c3baac007.jpg,0,3947
C:\Users\16610\Desktop\.workbuddy\.workbuddy\saint_george_classifier\data\raw\non_georges\bc717547454b2d859964b1825464c32a.jpg,0,3749
C:\Users\16610\Desktop\.workbuddy\.workbuddy\saint_george_classifier\data\raw\non_georges\bc7bcd71131a1d07e62d04badc36eed0.jpg,0,3948
C:\Users\16610\Desktop\.workbuddy\.workbuddy\saint_george_classifier\data\raw\non_georges\bc87e80476528384b60e6d93de0f53f1.jpg,0,3949
C:\Users\16610\Desktop\.workbuddy\.workbuddy\saint_george_classifier\data\raw\non_georges\bc8802ae5b8350177cb9081409073242.jpg,0,3018
C:\Users\16610\Desktop\.workbuddy\.workbuddy\saint_george_classifier\data\raw\non_georges\bc92d124024d2736ffeec1b0d09c359b.jpg,0,3950
C:\Users\16610\Desktop\.workbuddy\.workbuddy\saint_george_classifier\data\raw\non_georges\bc98e6155bd2313c120dc37b9d83d3cc.jpg,0,2394
C:\Users\16610\Desktop\.workbuddy\.workbuddy\saint_george_classifier\data\raw\non_georges\bceefb3a75175fe92b4a643f6dbb23d5.jpg,0,3952
C:\Users\16610\Desktop\.workbuddy\.workbuddy\saint_george_classifier\data\raw\non_georges\bcef961b5585c4e8d596f10821d3c4cb.jpg,0,3953
C:\Users\16610\Desktop\.workbuddy\.workbuddy\saint_george_classifier\data\raw\non_georges\bcf88fbdeb58b13de370fd3b5c79fd25.jpg,0,3954
C:\Users\16610\Desktop\.workbuddy\.workbuddy\saint_george_classifier\data\raw\non_georges\bcfc13cad063ea723961abb853fa64de.jpg,0,3955
C:\Users\16610\Desktop\.workbuddy\.workbuddy\saint_george_classifier\data\raw\non_georges\bd10ddcfc815a7cf9e17237de2e8f04a.jpg,0,3957
C:\Users\16610\Desktop\.workbuddy\.workbuddy\saint_george_classifier\data\raw\non_georges\bd1b03d06039f9a68e3a6b3460941bed.jpg,0,3958
C:\Users\16610\Desktop\.workbuddy\.workbuddy\saint_george_classifier\data\raw\non_georges\bd33e42aaa0fd5be5ec634470803cd0c.jpg,0,3959
C:\Users\16610\Desktop\.workbuddy\.workbuddy\saint_george_classifier\data\raw\non_georges\bd367d7817bb82b24d274dddfdf44645.jpg,0,3501
C:\Users\16610\Desktop\.workbuddy\.workbuddy\saint_george_classifier\data\raw\non_georges\bd3e24fc31c94e26f936c4a39a89204a.jpg,0,3960
C:\Users\16610\Desktop\.workbuddy\.workbuddy\saint_george_classifier\data\raw\non_georges\bd80c88d8268257e9cbf349fcfaa5630.jpg,0,3961
C:\Users\16610\Desktop\.workbuddy\.workbuddy\saint_george_classifier\data\raw\non_georges\bd81a83892bf39cbe37bd9c88d2cdb71.jpg,0,3962
C:\Users\16610\Desktop\.workbuddy\.workbuddy\saint_george_classifier\data\raw\non_georges\bdcafc2f497ae7adf0520c3eadc17354.jpg,0,3966
C:\Users\16610\Desktop\.workbuddy\.workbuddy\saint_george_classifier\data\raw\non_georges\bde34528036c4f99b0069c249aae57f2.jpg,0,3967
C:\Users\16610\Desktop\.workbuddy\.workbuddy\saint_george_classifier\data\raw\non_georges\bdf484f7b63a1e754c5cf91f2ab6f2b9.jpg,0,3968
C:\Users\16610\Desktop\.workbuddy\.workbuddy\saint_george_classifier\data\raw\non_georges\be0816490bb4cfef3859385cc09f8548.jpg,0,3969
C:\Users\16610\Desktop\.workbuddy\.workbuddy\saint_george_classifier\data\raw\non_georges\be12029a73dee31e07ac1ad076c08ff9.jpg,0,3970
C:\Users\16610\Desktop\.workbuddy\.workbuddy\saint_george_classifier\data\raw\non_georges\be3e8e6dcd4c37e297b204cfe8d6493d.jpg,0,3971
C:\Users\16610\Desktop\.workbuddy\.workbuddy\saint_george_classifier\data\raw\non_georges\be43aa26e77a02c6aed77d3a909b8f16.jpg,0,3972
C:\Users\16610\Desktop\.workbuddy\.workbuddy\saint_george_classifier\data\raw\non_georges\be4d653d46d28bc68786f9570fff7735.jpg,0,3973
C:\Users\16610\Desktop\.workbuddy\.workbuddy\saint_george_classifier\data\raw\non_georges\be630da5a796b8f7402881ebcc60b657.jpg,0,3974
C:\Users\16610\Desktop\.workbuddy\.workbuddy\saint_george_classifier\data\raw\non_georges\be740002d3b130f6cc3e88d0f4692e41.jpg,0,3976
C:\Users\16610\Desktop\.workbuddy\.workbuddy\saint_george_classifier\data\raw\non_georges\be809c57ad3ba34d7ae4f693f65a8b99.jpg,0,3977
C:\Users\16610\Desktop\.workbuddy\.workbuddy\saint_george_classifier\data\raw\non_georges\be91cf84d9a8faac4a0a818c09a331fb.jpg,0,3978
C:\Users\16610\Desktop\.workbuddy\.workbuddy\saint_george_classifier\data\raw\non_georges\be9276d84c0dac4c65d437802fc7011c.jpg,0,3979
C:\Users\16610\Desktop\.workbuddy\.workbuddy\saint_george_classifier\data\raw\non_georges\be9658f538b39e5551bcbf6d258135f3.jpg,0,3980
C:\Users\16610\Desktop\.workbuddy\.workbuddy\saint_george_classifier\data\raw\non_georges\bea156c985f42defae9af375e1dabc0f.jpg,0,3981
C:\Users\16610\Desktop\.workbuddy\.workbuddy\saint_george_classifier\data\raw\non_georges\bed293adcd46017926eeda9f39db41c6.jpg,0,3983
C:\Users\16610\Desktop\.workbuddy\.workbuddy\saint_george_classifier\data\raw\non_georges\beda42457458f46342a8b10e87e3cf88.jpg,0,3984
C:\Users\16610\Desktop\.workbuddy\.workbuddy\saint_george_classifier\data\raw\non_georges\bee77f20161c80b2061cce105b89a000.jpg,0,3986
C:\Users\16610\Desktop\.workbuddy\.workbuddy\saint_george_classifier\data\raw\non_georges\bee7fb776e8c9b8ac18074b01b304783.jpg,0,3987
C:\Users\16610\Desktop\.workbuddy\.workbuddy\saint_george_classifier\data\raw\non_georges\bf093201933a97bd1f2bd8876e023e5a.jpg,0,3988
C:\Users\16610\Desktop\.workbuddy\.workbuddy\saint_george_classifier\data\raw\non_georges\bf1007719b7e947be10c2b1f55a10b85.jpg,0,3989
C:\Users\16610\Desktop\.workbuddy\.workbuddy\saint_george_classifier\data\raw\non_georges\bf227f8319e9d8fd10d09dad338c7d46.jpg,0,3991
C:\Users\16610\Desktop\.workbuddy\.workbuddy\saint_george_classifier\data\raw\non_georges\bf26f1ae3ffe0e7b066b60159d8b5766.jpg,0,3993
C:\Users\16610\Desktop\.workbuddy\.workbuddy\saint_george_classifier\data\raw\non_georges\bf39ec0e14003d61767967981b84dd18.jpg,0,3995
C:\Users\16610\Desktop\.workbuddy\.workbuddy\saint_george_classifier\data\raw\non_georges\bf4d8ca613789ef48dc15820d0310c88.jpg,0,3996
C:\Users\16610\Desktop\.workbuddy\.workbuddy\saint_george_classifier\data\raw\non_georges\bf7f2c697af9f3cf97d528ffe74b3518.jpg,0,3998
C:\Users\16610\Desktop\.workbuddy\.workbuddy\saint_george_classifier\data\raw\non_georges\bfd4afba9e9cdf507fb3e938ee3b7155.jpg,0,4000
C:\Users\16610\Desktop\.workbuddy\.workbuddy\saint_george_classifier\data\raw\non_georges\c03ebe57c4ddfeb877c22c4301774dd4.jpg,0,4003
C:\Users\16610\Desktop\.workbuddy\.workbuddy\saint_george_classifier\data\raw\non_georges\c04099e702c58cc26788a65944191f66.jpg,0,4004
C:\Users\16610\Desktop\.workbuddy\.workbuddy\saint_george_classifier\data\raw\non_georges\c04d08684d15fcda622ad08786b2ae18.jpg,0,4005
C:\Users\16610\Desktop\.workbuddy\.workbuddy\saint_george_classifier\data\raw\non_georges\c04e68f3fe772e359c646acfafe96988.jpg,0,4006
C:\Users\16610\Desktop\.workbuddy\.workbuddy\saint_george_classifier\data\raw\non_georges\c06ee2d983ecbf07188f2bee914ae0f3.jpg,0,4008
C:\Users\16610\Desktop\.workbuddy\.workbuddy\saint_george_classifier\data\raw\non_georges\c06ef43e476fa9a2264b49bc5da459b0.jpg,0,4009
C:\Users\16610\Desktop\.workbuddy\.workbuddy\saint_george_classifier\data\raw\non_georges\c09a31a3bdd818c5b35bfa895ed6da53.jpg,0,4010
C:\Users\16610\Desktop\.workbuddy\.workbuddy\saint_george_classifier\data\raw\non_georges\c0b32b6a1015069af8ce0e4d69086d20.jpg,0,4011
C:\Users\16610\Desktop\.workbuddy\.workbuddy\saint_george_classifier\data\raw\non_georges\c0e3021734e2bebf5840ee13706ce8bb.jpg,0,4013
C:\Users\16610\Desktop\.workbuddy\.workbuddy\saint_george_classifier\data\raw\non_georges\c1349456de5ecbc6b70e11e3b3ab9f54.jpg,0,4015
C:\Users\16610\Desktop\.workbuddy\.workbuddy\saint_george_classifier\data\raw\non_georges\c1898fa8febcbc2cad22cfeed4bf6298.jpg,0,4016
C:\Users\16610\Desktop\.workbuddy\.workbuddy\saint_george_classifier\data\raw\non_georges\c1a01989a83ede05ca29751413a842f4.jpg,0,4017
C:\Users\16610\Desktop\.workbuddy\.workbuddy\saint_george_classifier\data\raw\non_georges\c1d46577dd6a8a846d84fd0e48da4f65.jpg,0,4018
C:\Users\16610\Desktop\.workbuddy\.workbuddy\saint_george_classifier\data\raw\non_georges\c1e925ef151277bcb8241b1780a1bef0.jpg,0,4019
C:\Users\16610\Desktop\.workbuddy\.workbuddy\saint_george_classifier\data\raw\non_georges\c22f922f332a5e8e061a705ab854cd34.jpg,0,4021
C:\Users\16610\Desktop\.workbuddy\.workbuddy\saint_george_classifier\data\raw\non_georges\c2341e210b8d1b0c03443db3e628b586.jpg,0,4022
C:\Users\16610\Desktop\.workbuddy\.workbuddy\saint_george_classifier\data\raw\non_georges\c24b1c96d22875a74ec7b1ea18a5eff5.jpg,0,4023
C:\Users\16610\Desktop\.workbuddy\.workbuddy\saint_george_classifier\data\raw\non_georges\c2783fbd83947872679005b90bee82d0.jpg,0,4025
C:\Users\16610\Desktop\.workbuddy\.workbuddy\saint_george_classifier\data\raw\non_georges\c293969a58b44eb5f2d3f560995a0589.jpg,0,2921
C:\Users\16610\Desktop\.workbuddy\.workbuddy\saint_george_classifier\data\raw\non_georges\c2ba597f136254fec0e840d9cd250659.jpg,0,4026
C:\Users\16610\Desktop\.workbuddy\.workbuddy\saint_george_classifier\data\raw\non_georges\c2d2c980fa44ed49f09b72e981f7f41f.jpg,0,4027
C:\Users\16610\Desktop\.workbuddy\.workbuddy\saint_george_classifier\data\raw\non_georges\c2eedc2159e31e8deaf341da5149afd3.jpg,0,4031
C:\Users\16610\Desktop\.workbuddy\.workbuddy\saint_george_classifier\data\raw\non_georges\c33d3fd181cb114831ea0e5522f34909.jpg,0,4032
C:\Users\16610\Desktop\.workbuddy\.workbuddy\saint_george_classifier\data\raw\non_georges\c342360dccf80d1a277389fcffd5fbf7.jpg,0,4033
C:\Users\16610\Desktop\.workbuddy\.workbuddy\saint_george_classifier\data\raw\non_georges\c345002c7b47f394da7ae7b613ac37b8.jpg,0,4034
C:\Users\16610\Desktop\.workbuddy\.workbuddy\saint_george_classifier\data\raw\non_georges\c361414f19087608baea858583b54ae2.jpg,0,4035
C:\Users\16610\Desktop\.workbuddy\.workbuddy\saint_george_classifier\data\raw\non_georges\c36d54d23a2439d517f7ac94e6354e4e.jpg,0,4036
C:\Users\16610\Desktop\.workbuddy\.workbuddy\saint_george_classifier\data\raw\non_georges\c38ed1c837039200b8931a8af44aa35c.jpg,0,4038
C:\Users\16610\Desktop\.workbuddy\.workbuddy\saint_george_classifier\data\raw\non_georges\c39429c2061b3761989acf905ac4d84e.jpg,0,4039
C:\Users\16610\Desktop\.workbuddy\.workbuddy\saint_george_classifier\data\raw\non_georges\c3c6b2b986d6fd1b024e23f73f54b29e.jpg,0,4040
C:\Users\16610\Desktop\.workbuddy\.workbuddy\saint_george_classifier\data\raw\non_georges\c3ed7beacb012b9b93a6d488d2734686.jpg,0,4041
C:\Users\16610\Desktop\.workbuddy\.workbuddy\saint_george_classifier\data\raw\non_georges\c40552ee48c99bdd1d53498afe860b3f.jpg,0,4042
C:\Users\16610\Desktop\.workbuddy\.workbuddy\saint_george_classifier\data\raw\non_georges\c4585bf499b860da576b4918c52186f3.jpg,0,4043
C:\Users\16610\Desktop\.workbuddy\.workbuddy\saint_george_classifier\data\raw\non_georges\c48b20e246dfe41e28e5987db38b9dfa.jpg,0,4044
C:\Users\16610\Desktop\.workbuddy\.workbuddy\saint_george_classifier\data\raw\non_georges\c493d352c19f3335f6a3d0084d1f1689.jpg,0,4045
C:\Users\16610\Desktop\.workbuddy\.workbuddy\saint_george_classifier\data\raw\non_georges\c4c552293f9445eda4aac7c35837a6bb.jpg,0,4047
C:\Users\16610\Desktop\.workbuddy\.workbuddy\saint_george_classifier\data\raw\non_georges\c4eebc5a9f0c599a95a3973374d7e637.jpg,0,4048
C:\Users\16610\Desktop\.workbuddy\.workbuddy\saint_george_classifier\data\raw\non_georges\c4fd7561727190e82973b57d5902d8b8.jpg,0,4049
C:\Users\16610\Desktop\.workbuddy\.workbuddy\saint_george_classifier\data\raw\non_georges\c5019f5a2ac5ea03def2ea8f3c955d02.jpg,0,4050
C:\Users\16610\Desktop\.workbuddy\.workbuddy\saint_george_classifier\data\raw\non_georges\c5052ee2294e401dc48443f923c13d2c.jpg,0,4051
C:\Users\16610\Desktop\.workbuddy\.workbuddy\saint_george_classifier\data\raw\non_georges\c53a02b4d37b8eb05e1d95031e511db1.jpg,0,4052
C:\Users\16610\Desktop\.workbuddy\.workbuddy\saint_george_classifier\data\raw\non_georges\c551ac5dd7a07cf0fb28e15d684d1d6f.jpg,0,4053
C:\Users\16610\Desktop\.workbuddy\.workbuddy\saint_george_classifier\data\raw\non_georges\c5736cf99fae6e110a1562376aa2ece8.jpg,0,4055
C:\Users\16610\Desktop\.workbuddy\.workbuddy\saint_george_classifier\data\raw\non_georges\c577d6b59c4f94c3c4fa852462014664.jpg,0,4056
C:\Users\16610\Desktop\.workbuddy\.workbuddy\saint_george_classifier\data\raw\non_georges\c58fca554afd75f7871250ae7467fbf3.jpg,0,4057
C:\Users\16610\Desktop\.workbuddy\.workbuddy\saint_george_classifier\data\raw\non_georges\c5a517a211dc11b493a535677fccf6d9.jpg,0,4058
C:\Users\16610\Desktop\.workbuddy\.workbuddy\saint_george_classifier\data\raw\non_georges\c5e21d7eab0bdc3fb781b2cf8e173695.jpg,0,4059
C:\Users\16610\Desktop\.workbuddy\.workbuddy\saint_george_classifier\data\raw\non_georges\c5ebf03722256e03eaaa10ffe42f191b.jpg,0,4060
C:\Users\16610\Desktop\.workbuddy\.workbuddy\saint_george_classifier\data\raw\non_georges\c613c384823db6d5cc5baee155af9fc3.jpg,0,3615
C:\Users\16610\Desktop\.workbuddy\.workbuddy\saint_george_classifier\data\raw\non_georges\c620528197219f75755714c3b2f15b09.jpg,0,4061
C:\Users\16610\Desktop\.workbuddy\.workbuddy\saint_george_classifier\data\raw\non_georges\c64949253c3cf6c012d90bbe9f3e056c.jpg,0,4063
C:\Users\16610\Desktop\.workbuddy\.workbuddy\saint_george_classifier\data\raw\non_georges\c6625a632e8d3b026aef6e41c11c4a2d.jpg,0,4065
C:\Users\16610\Desktop\.workbuddy\.workbuddy\saint_george_classifier\data\raw\non_georges\c67530e4c23c7ff239a4b314291f6920.jpg,0,4066
C:\Users\16610\Desktop\.workbuddy\.workbuddy\saint_george_classifier\data\raw\non_georges\c683084bf5720741e18904c16f6220c2.jpg,0,4067
C:\Users\16610\Desktop\.workbuddy\.workbuddy\saint_george_classifier\data\raw\non_georges\c6a1c5f3eac46d14ddc6492447933bf2.jpg,0,4068
C:\Users\16610\Desktop\.workbuddy\.workbuddy\saint_george_classifier\data\raw\non_georges\c6dee4636c0892e5a3eab8ae0ea4b051.jpg,0,4070
C:\Users\16610\Desktop\.workbuddy\.workbuddy\saint_george_classifier\data\raw\non_georges\c703bb7b3f4fcb17be43f25afc6a0e22.jpg,0,4071
C:\Users\16610\Desktop\.workbuddy\.workbuddy\saint_george_classifier\data\raw\non_georges\c73b3bc79426ac8cc91787ccbce6de67.jpg,0,4072
C:\Users\16610\Desktop\.workbuddy\.workbuddy\saint_george_classifier\data\raw\non_georges\c73c5a6e2229e87bc357ff961aefe8c5.jpg,0,4073
C:\Users\16610\Desktop\.workbuddy\.workbuddy\saint_george_classifier\data\raw\non_georges\c75accecffec3139f24a27340d237b63.jpg,0,4074
C:\Users\16610\Desktop\.workbuddy\.workbuddy\saint_george_classifier\data\raw\non_georges\c7752cf5f3dbd4ef658c946d2d82386a.jpg,0,4075
C:\Users\16610\Desktop\.workbuddy\.workbuddy\saint_george_classifier\data\raw\non_georges\c779a23be487cfc1ee248d7012789021.jpg,0,4076
C:\Users\16610\Desktop\.workbuddy\.workbuddy\saint_george_classifier\data\raw\non_georges\c785e7098bfa5aa8a15931b432a73499.jpg,0,4077
C:\Users\16610\Desktop\.workbuddy\.workbuddy\saint_george_classifier\data\raw\non_georges\c791cb325a7677d21b1bd51bb42f575e.jpg,0,4078
C:\Users\16610\Desktop\.workbuddy\.workbuddy\saint_george_classifier\data\raw\non_georges\c7aa06cc1829ba1cc985d9c9f3ea8ca4.jpg,0,4079
C:\Users\16610\Desktop\.workbuddy\.workbuddy\saint_george_classifier\data\raw\non_georges\c825233f39eb764f7ec43afb8873fb89.jpg,0,4080
C:\Users\16610\Desktop\.workbuddy\.workbuddy\saint_george_classifier\data\raw\non_georges\c827a0aec390ea403f02c1d27eb26a9e.jpg,0,4081
C:\Users\16610\Desktop\.workbuddy\.workbuddy\saint_george_classifier\data\raw\non_georges\c83393ac2325d62c0ed5e529f0402e62.jpg,0,4082
C:\Users\16610\Desktop\.workbuddy\.workbuddy\saint_george_classifier\data\raw\non_georges\c8470b1a1b9f89c9da1dd62e52e68aee.jpg,0,4083
C:\Users\16610\Desktop\.workbuddy\.workbuddy\saint_george_classifier\data\raw\non_georges\c84cc76d3a89474206eea90c2316e891.jpg,0,4084
C:\Users\16610\Desktop\.workbuddy\.workbuddy\saint_george_classifier\data\raw\non_georges\c8588b71900830cd94656ae17d903ad2.jpg,0,4085
C:\Users\16610\Desktop\.workbuddy\.workbuddy\saint_george_classifier\data\raw\non_georges\c866d71b4cc7af1b822d810ce521f5dc.jpg,0,2090
C:\Users\16610\Desktop\.workbuddy\.workbuddy\saint_george_classifier\data\raw\non_georges\c88b82dec0678281f737710d76ae4bd9.jpg,0,1882
C:\Users\16610\Desktop\.workbuddy\.workbuddy\saint_george_classifier\data\raw\non_georges\c8c5a1ed580a52fd706f132e3f7637ce.jpg,0,4086
C:\Users\16610\Desktop\.workbuddy\.workbuddy\saint_george_classifier\data\raw\non_georges\c90e611de6040de48f189dbc009414f8.jpg,0,4087
C:\Users\16610\Desktop\.workbuddy\.workbuddy\saint_george_classifier\data\raw\non_georges\c97b25be5c1a8e8099fa49c762f02a44.jpg,0,4089
C:\Users\16610\Desktop\.workbuddy\.workbuddy\saint_george_classifier\data\raw\non_georges\c998a27867373d63a5685a0b427b9d89.jpg,0,4090
C:\Users\16610\Desktop\.workbuddy\.workbuddy\saint_george_classifier\data\raw\non_georges\ca177a8db9d49e1102064004026a0873.jpg,0,4093
C:\Users\16610\Desktop\.workbuddy\.workbuddy\saint_george_classifier\data\raw\non_georges\ca4150d9e58502e74d566ad898731f79.jpg,0,1882
C:\Users\16610\Desktop\.workbuddy\.workbuddy\saint_george_classifier\data\raw\non_georges\ca44dca061e3a15c48d33844172bf19a.jpg,0,4094
C:\Users\16610\Desktop\.workbuddy\.workbuddy\saint_george_classifier\data\raw\non_georges\ca535097fe02efdec8b343be09d5df8d.jpg,0,2274
C:\Users\16610\Desktop\.workbuddy\.workbuddy\saint_george_classifier\data\raw\non_georges\ca73b8e716772472ea674caf6265e5b8.jpg,0,4096
C:\Users\16610\Desktop\.workbuddy\.workbuddy\saint_george_classifier\data\raw\non_georges\ca8d36b2d00ec7e337c7b62bb38f48c9.jpg,0,4097
C:\Users\16610\Desktop\.workbuddy\.workbuddy\saint_george_classifier\data\raw\non_georges\ca8db2965e67b6c921e8b541a7d2193a.jpg,0,4098
C:\Users\16610\Desktop\.workbuddy\.workbuddy\saint_george_classifier\data\raw\non_georges\ca9609794fa710cf970f7b8a9e7fa217.jpg,0,4099
C:\Users\16610\Desktop\.workbuddy\.workbuddy\saint_george_classifier\data\raw\non_georges\ca96d5ca049da715d2af1ff770622223.jpg,0,4100
C:\Users\16610\Desktop\.workbuddy\.workbuddy\saint_george_classifier\data\raw\non_georges\ca9740b5c9cc94919082644d40c5522e.jpg,0,4101
C:\Users\16610\Desktop\.workbuddy\.workbuddy\saint_george_classifier\data\raw\non_georges\caf3aece033e67843590f679e36b80d7.jpg,0,4104
C:\Users\16610\Desktop\.workbuddy\.workbuddy\saint_george_classifier\data\raw\non_georges\caf431a2e515116704ad48c3598e72d2.jpg,0,4105
C:\Users\16610\Desktop\.workbuddy\.workbuddy\saint_george_classifier\data\raw\non_georges\cb152a9553e8b40d32cccd05108fc124.jpg,0,2468
C:\Users\16610\Desktop\.workbuddy\.workbuddy\saint_george_classifier\data\raw\non_georges\cb178fba05127f605b649f3924949559.jpg,0,4107
C:\Users\16610\Desktop\.workbuddy\.workbuddy\saint_george_classifier\data\raw\non_georges\cb1e1103da486ef4f5f562679f9a7b67.jpg,0,4108
C:\Users\16610\Desktop\.workbuddy\.workbuddy\saint_george_classifier\data\raw\non_georges\cb47d2f6f12d7fd519f871a9dbf744b6.jpg,0,4110
C:\Users\16610\Desktop\.workbuddy\.workbuddy\saint_george_classifier\data\raw\non_georges\cb5ab869489eedc92e85b513059d98a4.jpg,0,4111
C:\Users\16610\Desktop\.workbuddy\.workbuddy\saint_george_classifier\data\raw\non_georges\cb8e042a2b29a24a22233f8bad5419d7.jpg,0,4112
C:\Users\16610\Desktop\.workbuddy\.workbuddy\saint_george_classifier\data\raw\non_georges\cb96381a6d6df874488a3a92d01fde6e.jpg,0,4113
C:\Users\16610\Desktop\.workbuddy\.workbuddy\saint_george_classifier\data\raw\non_georges\cb96d62baff647f1be6d3ed349f78dfd.jpg,0,4114
C:\Users\16610\Desktop\.workbuddy\.workbuddy\saint_george_classifier\data\raw\non_georges\cb9fbca2e42273c31d7e28725da32a4f.jpg,0,3436
C:\Users\16610\Desktop\.workbuddy\.workbuddy\saint_george_classifier\data\raw\non_georges\cba3a5cc9fd8786bbf303c92003ef2c7.jpg,0,4115
C:\Users\16610\Desktop\.workbuddy\.workbuddy\saint_george_classifier\data\raw\non_georges\cbb86bcfe44f0248e17c560aa30a2b04.jpg,0,4117
C:\Users\16610\Desktop\.workbuddy\.workbuddy\saint_george_classifier\data\raw\non_georges\cbda6c49d1b20d94e408a0bb56993c1e.jpg,0,4118
C:\Users\16610\Desktop\.workbuddy\.workbuddy\saint_george_classifier\data\raw\non_georges\cbdf00d77467ff1677520cf6600c2d39.jpg,0,3311
C:\Users\16610\Desktop\.workbuddy\.workbuddy\saint_george_classifier\data\raw\non_georges\cc030184daa06b0d8722de9eff7779f4.jpg,0,4119
C:\Users\16610\Desktop\.workbuddy\.workbuddy\saint_george_classifier\data\raw\non_georges\cc23c8d2f44209706ae6008045394402.jpg,0,4120
C:\Users\16610\Desktop\.workbuddy\.workbuddy\saint_george_classifier\data\raw\non_georges\cc657e04b56e6848bbe533146987a06d.jpg,0,4122
C:\Users\16610\Desktop\.workbuddy\.workbuddy\saint_george_classifier\data\raw\non_georges\cca3b6db86a77bd41c6c3bf32d67f5f5.jpg,0,4124
C:\Users\16610\Desktop\.workbuddy\.workbuddy\saint_george_classifier\data\raw\non_georges\ccc53ddb7898218e215bd36a109844e6.jpg,0,4126
C:\Users\16610\Desktop\.workbuddy\.workbuddy\saint_george_classifier\data\raw\non_georges\ccdcb9d2c8df85eea8d848a0db68c9a0.jpg,0,4127
C:\Users\16610\Desktop\.workbuddy\.workbuddy\saint_george_classifier\data\raw\non_georges\ccec355c85dc62a187121ab8fe769398.jpg,0,4128
C:\Users\16610\Desktop\.workbuddy\.workbuddy\saint_george_classifier\data\raw\non_georges\cd12948ae7cce46c25a156749bae22fe.jpg,0,4129
C:\Users\16610\Desktop\.workbuddy\.workbuddy\saint_george_classifier\data\raw\non_georges\cd2c0972046f74eec7ae6d983598b831.jpg,0,4130
C:\Users\16610\Desktop\.workbuddy\.workbuddy\saint_george_classifier\data\raw\non_georges\cd4cbda69aa79a5bd4db2c2680c7443a.jpg,0,4131
C:\Users\16610\Desktop\.workbuddy\.workbuddy\saint_george_classifier\data\raw\non_georges\cd6243d367a38896ba561bfac3df68ae.jpg,0,4132
C:\Users\16610\Desktop\.workbuddy\.workbuddy\saint_george_classifier\data\raw\non_georges\cd6ef8629eca792a77fdda1785b9899a.jpg,0,3155
C:\Users\16610\Desktop\.workbuddy\.workbuddy\saint_george_classifier\data\raw\non_georges\cd865c677ac4262312b99a5ab6aa6565.jpg,0,4133
C:\Users\16610\Desktop\.workbuddy\.workbuddy\saint_george_classifier\data\raw\non_georges\cd88b75cf88b0169d52579656b52586a.jpg,0,4134
C:\Users\16610\Desktop\.workbuddy\.workbuddy\saint_george_classifier\data\raw\non_georges\cdfae0d96e0f130c16b52775d152faab.jpg,0,4135
C:\Users\16610\Desktop\.workbuddy\.workbuddy\saint_george_classifier\data\raw\non_georges\ce01c1a2b0c8ee7831f96d02453111a0.jpg,0,4136
C:\Users\16610\Desktop\.workbuddy\.workbuddy\saint_george_classifier\data\raw\non_georges\ce037f236d08ce8804da83dd7ad23b3e.jpg,0,4137
C:\Users\16610\Desktop\.workbuddy\.workbuddy\saint_george_classifier\data\raw\non_georges\ce3b54edfffdfd38f0057aa8be77998c.jpg,0,4138
C:\Users\16610\Desktop\.workbuddy\.workbuddy\saint_george_classifier\data\raw\non_georges\ce47b222e07c25e09681e49e6dcedcbe.jpg,0,4139
C:\Users\16610\Desktop\.workbuddy\.workbuddy\saint_george_classifier\data\raw\non_georges\ce807787ff66b50af1f9d2841321eba1.jpg,0,4142
C:\Users\16610\Desktop\.workbuddy\.workbuddy\saint_george_classifier\data\raw\non_georges\ce89631fcd371e4cb05c609ea65f6520.jpg,0,4143
C:\Users\16610\Desktop\.workbuddy\.workbuddy\saint_george_classifier\data\raw\non_georges\ceacba03e8b0e1568cc31a9516ba7dc0.jpg,0,4145
C:\Users\16610\Desktop\.workbuddy\.workbuddy\saint_george_classifier\data\raw\non_georges\cec2e92d2a89f4e9a88f06b118ee95d4.jpg,0,4146
C:\Users\16610\Desktop\.workbuddy\.workbuddy\saint_george_classifier\data\raw\non_georges\cedba403833119518799faf8570f96d1.jpg,0,4147
C:\Users\16610\Desktop\.workbuddy\.workbuddy\saint_george_classifier\data\raw\non_georges\cefe834e6f3d3f9691e89488487a0304.jpg,0,4148
C:\Users\16610\Desktop\.workbuddy\.workbuddy\saint_george_classifier\data\raw\non_georges\cf02a4571a984a3cb09921dbdf690adc.jpg,0,3694
C:\Users\16610\Desktop\.workbuddy\.workbuddy\saint_george_classifier\data\raw\non_georges\cf080aad71c0cf3a5e6f309ae6376ac1.jpg,0,4150
C:\Users\16610\Desktop\.workbuddy\.workbuddy\saint_george_classifier\data\raw\non_georges\cf0abb3fe84184b56cf9a71e7a1045de.jpg,0,4151
C:\Users\16610\Desktop\.workbuddy\.workbuddy\saint_george_classifier\data\raw\non_georges\cf16ab4d2f793a7537f71399e0a56c01.jpg,0,4152
C:\Users\16610\Desktop\.workbuddy\.workbuddy\saint_george_classifier\data\raw\non_georges\cf2cfe7993d9a45d90ef576f93beba08.jpg,0,4153
C:\Users\16610\Desktop\.workbuddy\.workbuddy\saint_george_classifier\data\raw\non_georges\cf30b535235d1b25365b01ed33c895f9.jpg,0,4154
C:\Users\16610\Desktop\.workbuddy\.workbuddy\saint_george_classifier\data\raw\non_georges\cf5abafa153f6f2372ec6b4f4576d9ff.jpg,0,4155
C:\Users\16610\Desktop\.workbuddy\.workbuddy\saint_george_classifier\data\raw\non_georges\cf7e598c1235dad1181180ac5a8eab3c.jpg,0,4156
C:\Users\16610\Desktop\.workbuddy\.workbuddy\saint_george_classifier\data\raw\non_georges\cfb948fe87f77572f9bc6c5dbfaf47e7.jpg,0,4157
C:\Users\16610\Desktop\.workbuddy\.workbuddy\saint_george_classifier\data\raw\non_georges\cfcaef69c2e9fa9e2a05738abcbd7055.jpg,0,4158
C:\Users\16610\Desktop\.workbuddy\.workbuddy\saint_george_classifier\data\raw\non_georges\cff48533d1d183d9095a2336a29410c6.jpg,0,4159
C:\Users\16610\Desktop\.workbuddy\.workbuddy\saint_george_classifier\data\raw\non_georges\cffd283cde463640d8929f7d060752e8.jpg,0,4160
C:\Users\16610\Desktop\.workbuddy\.workbuddy\saint_george_classifier\data\raw\non_georges\d018cd8514ad7f746f23f5dd8942d837.jpg,0,4161
C:\Users\16610\Desktop\.workbuddy\.workbuddy\saint_george_classifier\data\raw\non_georges\d01f506b0b38eb667b4041166a3e5ca7.jpg,0,4162
C:\Users\16610\Desktop\.workbuddy\.workbuddy\saint_george_classifier\data\raw\non_georges\d02cd26a99645a6f6ba812b962b5e6f3.jpg,0,3844
C:\Users\16610\Desktop\.workbuddy\.workbuddy\saint_george_classifier\data\raw\non_georges\d030d2dbe21ab0552f620bd39e632c03.jpg,0,4163
C:\Users\16610\Desktop\.workbuddy\.workbuddy\saint_george_classifier\data\raw\non_georges\d056717fe14d8d3ecb550db71c02daed.jpg,0,4164
C:\Users\16610\Desktop\.workbuddy\.workbuddy\saint_george_classifier\data\raw\non_georges\d0621a808df7553cf4a91bbd1f272875.jpg,0,4165
C:\Users\16610\Desktop\.workbuddy\.workbuddy\saint_george_classifier\data\raw\non_georges\d0664645fb1d7419da04d271c6beccbf.jpg,0,4167
C:\Users\16610\Desktop\.workbuddy\.workbuddy\saint_george_classifier\data\raw\non_georges\d07ba0aff2c46e3277383da3bdb4fc5d.jpg,0,4169
C:\Users\16610\Desktop\.workbuddy\.workbuddy\saint_george_classifier\data\raw\non_georges\d091e16a784a48e9e5c64546f20eb21d.jpg,0,4170
C:\Users\16610\Desktop\.workbuddy\.workbuddy\saint_george_classifier\data\raw\non_georges\d0ae4fc08cd88cea3f0f40303cab396a.jpg,0,4172
C:\Users\16610\Desktop\.workbuddy\.workbuddy\saint_george_classifier\data\raw\non_georges\d0eb1904a499dc5cd2e3adcf5c19ad0f.jpg,0,4175
C:\Users\16610\Desktop\.workbuddy\.workbuddy\saint_george_classifier\data\raw\non_georges\d0ece15d5f737ad5ff206ca5e732b89f.jpg,0,4131
C:\Users\16610\Desktop\.workbuddy\.workbuddy\saint_george_classifier\data\raw\non_georges\d0ed4ece3dab8db7c3e0c294768aa625.jpg,0,4176
C:\Users\16610\Desktop\.workbuddy\.workbuddy\saint_george_classifier\data\raw\non_georges\d0f05ff467874beadd7690203e8ec8a1.jpg,0,4177
C:\Users\16610\Desktop\.workbuddy\.workbuddy\saint_george_classifier\data\raw\non_georges\d110620bfbd3a9bc5283ff3987f2d36a.jpg,0,4178
C:\Users\16610\Desktop\.workbuddy\.workbuddy\saint_george_classifier\data\raw\non_georges\d1136a71144c0c4f710cf9aec2740975.jpg,0,4179
C:\Users\16610\Desktop\.workbuddy\.workbuddy\saint_george_classifier\data\raw\non_georges\d11b52ff977a10647b7982e05d6f7b62.jpg,0,4180
C:\Users\16610\Desktop\.workbuddy\.workbuddy\saint_george_classifier\data\raw\non_georges\d11b8dc9c75d73d2d2b7dbeab46a3134.jpg,0,4181
C:\Users\16610\Desktop\.workbuddy\.workbuddy\saint_george_classifier\data\raw\non_georges\d11cbfb3da6a22292ac113dfbe9ecdef.jpg,0,4182
C:\Users\16610\Desktop\.workbuddy\.workbuddy\saint_george_classifier\data\raw\non_georges\d123d8f4869e4785c24a90eef20fda9c.jpg,0,4183
C:\Users\16610\Desktop\.workbuddy\.workbuddy\saint_george_classifier\data\raw\non_georges\d12c3193150862e1e5c61ec9f0294584.jpg,0,4185
C:\Users\16610\Desktop\.workbuddy\.workbuddy\saint_george_classifier\data\raw\non_georges\d12e1666ad0de04f7ded1510f5364e05.jpg,0,3606
C:\Users\16610\Desktop\.workbuddy\.workbuddy\saint_george_classifier\data\raw\non_georges\d144381711ce4818b1ea287c8cec496c.jpg,0,4186
C:\Users\16610\Desktop\.workbuddy\.workbuddy\saint_george_classifier\data\raw\non_georges\d146951658ad4bd3bc3d0f6a960becb9.jpg,0,4187
C:\Users\16610\Desktop\.workbuddy\.workbuddy\saint_george_classifier\data\raw\non_georges\d14ec59cbd8d17cec8c4ed2bec3f7c21.jpg,0,4188
C:\Users\16610\Desktop\.workbuddy\.workbuddy\saint_george_classifier\data\raw\non_georges\d14ed073354ac1fcb8189bcf3532c1d1.jpg,0,4189
C:\Users\16610\Desktop\.workbuddy\.workbuddy\saint_george_classifier\data\raw\non_georges\d152d0d77e81cd64e2a8d0858d687749.jpg,0,2937
C:\Users\16610\Desktop\.workbuddy\.workbuddy\saint_george_classifier\data\raw\non_georges\d15b49c7fed5a995fee673ac18d263fc.jpg,0,4190
C:\Users\16610\Desktop\.workbuddy\.workbuddy\saint_george_classifier\data\raw\non_georges\d15cfa43b9f7e8f307469d5813dd9f41.jpg,0,4191
C:\Users\16610\Desktop\.workbuddy\.workbuddy\saint_george_classifier\data\raw\non_georges\d15d3dcc2c96a69b85afda2101038d95.jpg,0,4192
C:\Users\16610\Desktop\.workbuddy\.workbuddy\saint_george_classifier\data\raw\non_georges\d167791fc254400a0eff0974dd553de7.jpg,0,4193
C:\Users\16610\Desktop\.workbuddy\.workbuddy\saint_george_classifier\data\raw\non_georges\d174621d4c2b153e5a186dc788b23435.jpg,0,4194
C:\Users\16610\Desktop\.workbuddy\.workbuddy\saint_george_classifier\data\raw\non_georges\d1ace9b7fe7e8fc475d8a985b1992b0b.jpg,0,4197
C:\Users\16610\Desktop\.workbuddy\.workbuddy\saint_george_classifier\data\raw\non_georges\d1b5979ed7af5eb81bead034507a0275.jpg,0,4198
C:\Users\16610\Desktop\.workbuddy\.workbuddy\saint_george_classifier\data\raw\non_georges\d1b65c21bfa09072e6ac19aa495ecd57.jpg,0,4199
C:\Users\16610\Desktop\.workbuddy\.workbuddy\saint_george_classifier\data\raw\non_georges\d1bbbb1319829d2acd53a0c687a983fe.jpg,0,4200
C:\Users\16610\Desktop\.workbuddy\.workbuddy\saint_george_classifier\data\raw\non_georges\d1bef2fcd845a569badace8acc4d052d.jpg,0,4201
C:\Users\16610\Desktop\.workbuddy\.workbuddy\saint_george_classifier\data\raw\non_georges\d1c29415d2a038a58f98e89fd371bc8b.jpg,0,4202
C:\Users\16610\Desktop\.workbuddy\.workbuddy\saint_george_classifier\data\raw\non_georges\d223f398eeff60a64f982346191148ad.jpg,0,4204
C:\Users\16610\Desktop\.workbuddy\.workbuddy\saint_george_classifier\data\raw\non_georges\d235e75e0e3bc70ed221a669bebe5fda.jpg,0,4205
C:\Users\16610\Desktop\.workbuddy\.workbuddy\saint_george_classifier\data\raw\non_georges\d236f55af0e608bb45207575e6856502.jpg,0,4206
C:\Users\16610\Desktop\.workbuddy\.workbuddy\saint_george_classifier\data\raw\non_georges\d23e007803b86c81624e6b8c703398b4.jpg,0,4207
C:\Users\16610\Desktop\.workbuddy\.workbuddy\saint_george_classifier\data\raw\non_georges\d2ad62df7b7d5d3ee3cb668f98d60b89.jpg,0,4209
C:\Users\16610\Desktop\.workbuddy\.workbuddy\saint_george_classifier\data\raw\non_georges\d2c42fcc8c17fce46098b2e0b681263b.jpg,0,4210
C:\Users\16610\Desktop\.workbuddy\.workbuddy\saint_george_classifier\data\raw\non_georges\d2c936c5abc9906e00a1feb0dca72dd3.jpg,0,4211
C:\Users\16610\Desktop\.workbuddy\.workbuddy\saint_george_classifier\data\raw\non_georges\d2cd567fc5853b142b18136ba1a0c7f0.jpg,0,4212
C:\Users\16610\Desktop\.workbuddy\.workbuddy\saint_george_classifier\data\raw\non_georges\d2d3e3cf06621137b4ad2491787d9203.jpg,0,4213
C:\Users\16610\Desktop\.workbuddy\.workbuddy\saint_george_classifier\data\raw\non_georges\d3213f954fc2e137c2569f60750373c2.jpg,0,4216
C:\Users\16610\Desktop\.workbuddy\.workbuddy\saint_george_classifier\data\raw\non_georges\d36901d49e08f5199588af1e637c6809.jpg,0,3662
C:\Users\16610\Desktop\.workbuddy\.workbuddy\saint_george_classifier\data\raw\non_georges\d36ad475330935f7c100550e69229f96.jpg,0,4217
C:\Users\16610\Desktop\.workbuddy\.workbuddy\saint_george_classifier\data\raw\non_georges\d3b74c963091193016487400d12bbf8a.jpg,0,4218
C:\Users\16610\Desktop\.workbuddy\.workbuddy\saint_george_classifier\data\raw\non_georges\d3bc2f5766f5b899f129aff7d3d8a8f1.jpg,0,4219
C:\Users\16610\Desktop\.workbuddy\.workbuddy\saint_george_classifier\data\raw\non_georges\d3ea2b6cb3cf49b2bffbaa9a17820d3d.jpg,0,4220
C:\Users\16610\Desktop\.workbuddy\.workbuddy\saint_george_classifier\data\raw\non_georges\d3ee8ab7ced204420ce5c0c7455ee1dd.jpg,0,4221
C:\Users\16610\Desktop\.workbuddy\.workbuddy\saint_george_classifier\data\raw\non_georges\d3f9e2934b142b40792429177190be96.jpg,0,1919
C:\Users\16610\Desktop\.workbuddy\.workbuddy\saint_george_classifier\data\raw\non_georges\d411adeb285e680841a15da22e8f0c94.jpg,0,4222
C:\Users\16610\Desktop\.workbuddy\.workbuddy\saint_george_classifier\data\raw\non_georges\d41c401530d1c82dc76da521027c05f3.jpg,0,4223
C:\Users\16610\Desktop\.workbuddy\.workbuddy\saint_george_classifier\data\raw\non_georges\d4586c6f75057886cb3ffef834b6a760.jpg,0,4224
C:\Users\16610\Desktop\.workbuddy\.workbuddy\saint_george_classifier\data\raw\non_georges\d48bd87a72cb23bdae8e63f71a310e9a.jpg,0,4227
C:\Users\16610\Desktop\.workbuddy\.workbuddy\saint_george_classifier\data\raw\non_georges\d4b4689c32f70d5dd275325b19e418f6.jpg,0,2070
C:\Users\16610\Desktop\.workbuddy\.workbuddy\saint_george_classifier\data\raw\non_georges\d4c4369802e4eb29a88afb29ab8fbc98.jpg,0,4228
C:\Users\16610\Desktop\.workbuddy\.workbuddy\saint_george_classifier\data\raw\non_georges\d4d7fef67367985b0ef534e15f3c6f9e.jpg,0,4027
C:\Users\16610\Desktop\.workbuddy\.workbuddy\saint_george_classifier\data\raw\non_georges\d50620491615a0b6aaefd9b39e96f4bf.jpg,0,4229
C:\Users\16610\Desktop\.workbuddy\.workbuddy\saint_george_classifier\data\raw\non_georges\d50f3c0c9aaaa5f9072368d4c73ba8d6.jpg,0,3794
C:\Users\16610\Desktop\.workbuddy\.workbuddy\saint_george_classifier\data\raw\non_georges\d53856805b6ae8ae752d21c6a19e5251.jpg,0,4230
C:\Users\16610\Desktop\.workbuddy\.workbuddy\saint_george_classifier\data\raw\non_georges\d55100f7053242129f7c670db9f10f55.jpg,0,4231
C:\Users\16610\Desktop\.workbuddy\.workbuddy\saint_george_classifier\data\raw\non_georges\d571ecef767fe91d4d2694b423f35447.jpg,0,4232
C:\Users\16610\Desktop\.workbuddy\.workbuddy\saint_george_classifier\data\raw\non_georges\d579add0e43c1226239a8a1cb7eee8f8.jpg,0,4233
C:\Users\16610\Desktop\.workbuddy\.workbuddy\saint_george_classifier\data\raw\non_georges\d57fc641f27e69c51b1bd5347abcea1f.jpg,0,4234
C:\Users\16610\Desktop\.workbuddy\.workbuddy\saint_george_classifier\data\raw\non_georges\d5978986194e1216d4d262ff26c17de2.jpg,0,4235
C:\Users\16610\Desktop\.workbuddy\.workbuddy\saint_george_classifier\data\raw\non_georges\d5d0af0cf169f4fa1aa5ae9b5ca7e691.jpg,0,4237
C:\Users\16610\Desktop\.workbuddy\.workbuddy\saint_george_classifier\data\raw\non_georges\d5d6cb7c66201ae9e1a3786e3040882d.jpg,0,4238
C:\Users\16610\Desktop\.workbuddy\.workbuddy\saint_george_classifier\data\raw\non_georges\d5f6bd6ccfadbe4b044e31bead7c65e1.jpg,0,4239
C:\Users\16610\Desktop\.workbuddy\.workbuddy\saint_george_classifier\data\raw\non_georges\d65fe14c2773136b2e7420c77e2d9834.jpg,0,4240
C:\Users\16610\Desktop\.workbuddy\.workbuddy\saint_george_classifier\data\raw\non_georges\d661ad0e0d0232ad25db21755f5ee410.jpg,0,4241
C:\Users\16610\Desktop\.workbuddy\.workbuddy\saint_george_classifier\data\raw\non_georges\d66d5660b5988ead8571eb5ba0176d95.jpg,0,4242
C:\Users\16610\Desktop\.workbuddy\.workbuddy\saint_george_classifier\data\raw\non_georges\d67e7a029d8320d9904c0fced732062f.jpg,0,4243
C:\Users\16610\Desktop\.workbuddy\.workbuddy\saint_george_classifier\data\raw\non_georges\d6989846aa58ad52d29653b91d2460a4.jpg,0,4244
C:\Users\16610\Desktop\.workbuddy\.workbuddy\saint_george_classifier\data\raw\non_georges\d69d40ec75af91ad2969571f7bf98a84.jpg,0,4245
C:\Users\16610\Desktop\.workbuddy\.workbuddy\saint_george_classifier\data\raw\non_georges\d6b5ff0a2182696867db52f91ac48325.jpg,0,4246
C:\Users\16610\Desktop\.workbuddy\.workbuddy\saint_george_classifier\data\raw\non_georges\d6c8d656e893572b7f5ae440a45d2e7b.jpg,0,4247
C:\Users\16610\Desktop\.workbuddy\.workbuddy\saint_george_classifier\data\raw\non_georges\d6cd193a6d5c8dbd08bae0c655ce912d.jpg,0,4248
C:\Users\16610\Desktop\.workbuddy\.workbuddy\saint_george_classifier\data\raw\non_georges\d6fc78d0f91b2f2adb7d1fea87f7029c.jpg,0,4249
C:\Users\16610\Desktop\.workbuddy\.workbuddy\saint_george_classifier\data\raw\non_georges\d7218ab5fa764822ea90c4b9ea97df1a.jpg,0,1935
C:\Users\16610\Desktop\.workbuddy\.workbuddy\saint_george_classifier\data\raw\non_georges\d7271d513a476459d8c4040193743198.jpg,0,4250
C:\Users\16610\Desktop\.workbuddy\.workbuddy\saint_george_classifier\data\raw\non_georges\d74659300e8e3f41fb52a67e2982ddbb.jpg,0,4251
C:\Users\16610\Desktop\.workbuddy\.workbuddy\saint_george_classifier\data\raw\non_georges\d74e9fb3db2edf8483d282dff60ad6f4.jpg,0,4252
C:\Users\16610\Desktop\.workbuddy\.workbuddy\saint_george_classifier\data\raw\non_georges\d754cdc35b2ae272ff625d8eeeed9f53.jpg,0,4253
C:\Users\16610\Desktop\.workbuddy\.workbuddy\saint_george_classifier\data\raw\non_georges\d76f7b8892ace707d4bf7d16393b03a8.jpg,0,4254
C:\Users\16610\Desktop\.workbuddy\.workbuddy\saint_george_classifier\data\raw\non_georges\d7a06be183e12efa3ed7883c2e29c149.jpg,0,4255
C:\Users\16610\Desktop\.workbuddy\.workbuddy\saint_george_classifier\data\raw\non_georges\d7a2c21caf332fcaa9bed4cf88190eb6.jpg,0,4256
C:\Users\16610\Desktop\.workbuddy\.workbuddy\saint_george_classifier\data\raw\non_georges\d7b5c2acdc5d12a3035d8317656ceaed.jpg,0,4257
C:\Users\16610\Desktop\.workbuddy\.workbuddy\saint_george_classifier\data\raw\non_georges\d7b5e6081e665681b6b6f10780e106bb.jpg,0,4258
C:\Users\16610\Desktop\.workbuddy\.workbuddy\saint_george_classifier\data\raw\non_georges\d7c3b354a12d72aa608db82a0c501fa6.jpg,0,4259
C:\Users\16610\Desktop\.workbuddy\.workbuddy\saint_george_classifier\data\raw\non_georges\d7ca7a50bd216cbd094cdf674c480627.jpg,0,4260
C:\Users\16610\Desktop\.workbuddy\.workbuddy\saint_george_classifier\data\raw\non_georges\d7e3e6cd766a690ae458ebdf723535b4.jpg,0,4261
C:\Users\16610\Desktop\.workbuddy\.workbuddy\saint_george_classifier\data\raw\non_georges\d7f01e2cff5e92265611a6c213a0fa67.jpg,0,4262
C:\Users\16610\Desktop\.workbuddy\.workbuddy\saint_george_classifier\data\raw\non_georges\d7f5f341bc84e4ef697ee8ad527f1705.jpg,0,4263
C:\Users\16610\Desktop\.workbuddy\.workbuddy\saint_george_classifier\data\raw\non_georges\d845a913042e4ad85acc3110fb997db9.jpg,0,4265
C:\Users\16610\Desktop\.workbuddy\.workbuddy\saint_george_classifier\data\raw\non_georges\d86700389ead312804c1793c560784fe.jpg,0,4266
C:\Users\16610\Desktop\.workbuddy\.workbuddy\saint_george_classifier\data\raw\non_georges\d88b17df1129a13bd10255307d9f77c8.jpg,0,4268
C:\Users\16610\Desktop\.workbuddy\.workbuddy\saint_george_classifier\data\raw\non_georges\d8a7cb0e2a26c5a2a00d73bd81617425.jpg,0,4269
C:\Users\16610\Desktop\.workbuddy\.workbuddy\saint_george_classifier\data\raw\non_georges\d8bee05c131126743912dc7e5706363b.jpg,0,4270
C:\Users\16610\Desktop\.workbuddy\.workbuddy\saint_george_classifier\data\raw\non_georges\d8d9af993779fa9d3682b9ffe2cbe20d.jpg,0,4271
C:\Users\16610\Desktop\.workbuddy\.workbuddy\saint_george_classifier\data\raw\non_georges\d8fd35f1ea2381e466879f48d95ccd63.jpg,0,4272
C:\Users\16610\Desktop\.workbuddy\.workbuddy\saint_george_classifier\data\raw\non_georges\d92f83d94557fd2905e8fa854be04a09.jpg,0,2982
C:\Users\16610\Desktop\.workbuddy\.workbuddy\saint_george_classifier\data\raw\non_georges\d943ed7f19705610f2f9f3f1eb336df8.jpg,0,4274
C:\Users\16610\Desktop\.workbuddy\.workbuddy\saint_george_classifier\data\raw\non_georges\d967cc57dfa332d4bd0a045100656375.jpg,0,4276
C:\Users\16610\Desktop\.workbuddy\.workbuddy\saint_george_classifier\data\raw\non_georges\d98468327a64b9b655fe18645e4346b3.jpg,0,4277
C:\Users\16610\Desktop\.workbuddy\.workbuddy\saint_george_classifier\data\raw\non_georges\d9907844720e7d710a0d8d885fc8e211.jpg,0,4278
C:\Users\16610\Desktop\.workbuddy\.workbuddy\saint_george_classifier\data\raw\non_georges\d9e287a800120dba9b6d7522d30a4296.jpg,0,4279
C:\Users\16610\Desktop\.workbuddy\.workbuddy\saint_george_classifier\data\raw\non_georges\da0de3835b21b1ea9a0063e6e9a08097.jpg,0,4280
C:\Users\16610\Desktop\.workbuddy\.workbuddy\saint_george_classifier\data\raw\non_georges\da1f62d5b3c182d1835302a56caceacd.jpg,0,4281
C:\Users\16610\Desktop\.workbuddy\.workbuddy\saint_george_classifier\data\raw\non_georges\da3168f2f96278cc055dd7fbae83b2d6.jpg,0,4282
C:\Users\16610\Desktop\.workbuddy\.workbuddy\saint_george_classifier\data\raw\non_georges\da7414578d2cdd19af76c29340aee887.jpg,0,4283
C:\Users\16610\Desktop\.workbuddy\.workbuddy\saint_george_classifier\data\raw\non_georges\da9423d88c5208c1ddf531e512414ce6.jpg,0,3246
C:\Users\16610\Desktop\.workbuddy\.workbuddy\saint_george_classifier\data\raw\non_georges\da957130046150dcae8b52210761fe51.jpg,0,4284
C:\Users\16610\Desktop\.workbuddy\.workbuddy\saint_george_classifier\data\raw\non_georges\daa3aae9bac5fb3bcf165629b22bdaac.jpg,0,4286
C:\Users\16610\Desktop\.workbuddy\.workbuddy\saint_george_classifier\data\raw\non_georges\daa65578657f151e39cd48e95da6692e.jpg,0,4287
C:\Users\16610\Desktop\.workbuddy\.workbuddy\saint_george_classifier\data\raw\non_georges\daeb929b3f23bfbbc4f63642000dc0e2.jpg,0,3389
C:\Users\16610\Desktop\.workbuddy\.workbuddy\saint_george_classifier\data\raw\non_georges\daf21980642bf05c0c248ad511f7ed62.jpg,0,4288
C:\Users\16610\Desktop\.workbuddy\.workbuddy\saint_george_classifier\data\raw\non_georges\dafd47aef931f0692001e247495c46a4.jpg,0,4289
C:\Users\16610\Desktop\.workbuddy\.workbuddy\saint_george_classifier\data\raw\non_georges\db09bb1dca3f8a8c215c6aed92ddc648.jpg,0,4290
C:\Users\16610\Desktop\.workbuddy\.workbuddy\saint_george_classifier\data\raw\non_georges\db1d72c89a2408acdab7b06e6c1b70db.jpg,0,2982
C:\Users\16610\Desktop\.workbuddy\.workbuddy\saint_george_classifier\data\raw\non_georges\db28344fd393febb062b23e4f4e4e003.jpg,0,4291
C:\Users\16610\Desktop\.workbuddy\.workbuddy\saint_george_classifier\data\raw\non_georges\db33e9b2bd290e26b13aee6f9eae7d26.jpg,0,4293
C:\Users\16610\Desktop\.workbuddy\.workbuddy\saint_george_classifier\data\raw\non_georges\db3b4f687b37636edcc5aa6d61f15328.jpg,0,4294
C:\Users\16610\Desktop\.workbuddy\.workbuddy\saint_george_classifier\data\raw\non_georges\db4eb8fc6ecb992da2ffb636449eeea9.jpg,0,4295
C:\Users\16610\Desktop\.workbuddy\.workbuddy\saint_george_classifier\data\raw\non_georges\db704ae03f5d4b036b1864f1c2e9a5a8.jpg,0,4296
C:\Users\16610\Desktop\.workbuddy\.workbuddy\saint_george_classifier\data\raw\non_georges\db7552e375003f368dbc303de39e6489.jpg,0,4132
C:\Users\16610\Desktop\.workbuddy\.workbuddy\saint_george_classifier\data\raw\non_georges\db7d90293f127be09a491c948856fd09.jpg,0,4297
C:\Users\16610\Desktop\.workbuddy\.workbuddy\saint_george_classifier\data\raw\non_georges\dbc49710e351e927b0e169d1a35b3fe3.jpg,0,4298
C:\Users\16610\Desktop\.workbuddy\.workbuddy\saint_george_classifier\data\raw\non_georges\dc211bd07d0a35ac88a560253e9de76b.jpg,0,4299
C:\Users\16610\Desktop\.workbuddy\.workbuddy\saint_george_classifier\data\raw\non_georges\dc38706e7ab4861f810d06436fc98e0e.jpg,0,4300
C:\Users\16610\Desktop\.workbuddy\.workbuddy\saint_george_classifier\data\raw\non_georges\dc5d5cb536179ccce8114fbb5fb0c25b.jpg,0,3503
C:\Users\16610\Desktop\.workbuddy\.workbuddy\saint_george_classifier\data\raw\non_georges\dc9c2a54571d65d3723d98fa786aa24c.jpg,0,4302
C:\Users\16610\Desktop\.workbuddy\.workbuddy\saint_george_classifier\data\raw\non_georges\dcdccaac0b4c108b4f0493c2b4dad313.jpg,0,4303
C:\Users\16610\Desktop\.workbuddy\.workbuddy\saint_george_classifier\data\raw\non_georges\dd071d5f4b39fb1d9289d23ec86acaa8.jpg,0,2770
C:\Users\16610\Desktop\.workbuddy\.workbuddy\saint_george_classifier\data\raw\non_georges\dd0aaaaa03c4769203762df1a553d18f.jpg,0,4304
C:\Users\16610\Desktop\.workbuddy\.workbuddy\saint_george_classifier\data\raw\non_georges\dd29c0f598b6cafb36d980efb5d8f9f4.jpg,0,4307
C:\Users\16610\Desktop\.workbuddy\.workbuddy\saint_george_classifier\data\raw\non_georges\dd37bc16b56267be49cd92d56619452a.jpg,0,4308
C:\Users\16610\Desktop\.workbuddy\.workbuddy\saint_george_classifier\data\raw\non_georges\dd661fc15c1ceecf01c05fe4ced849bc.jpg,0,4309
C:\Users\16610\Desktop\.workbuddy\.workbuddy\saint_george_classifier\data\raw\non_georges\dd7a537ca1059e1925f5f877978719d5.jpg,0,2625
C:\Users\16610\Desktop\.workbuddy\.workbuddy\saint_george_classifier\data\raw\non_georges\dd7b341f12e3f2509815d9849cf66385.jpg,0,4310
C:\Users\16610\Desktop\.workbuddy\.workbuddy\saint_george_classifier\data\raw\non_georges\dd9f63125cbf1ff14a9a09b9f9def1e7.jpg,0,4311
C:\Users\16610\Desktop\.workbuddy\.workbuddy\saint_george_classifier\data\raw\non_georges\ddb1c604c055dc318ae4d0fb37c657e3.jpg,0,4312
C:\Users\16610\Desktop\.workbuddy\.workbuddy\saint_george_classifier\data\raw\non_georges\ddbcff467ff474d9ef1a1a2d08f75417.jpg,0,4313
C:\Users\16610\Desktop\.workbuddy\.workbuddy\saint_george_classifier\data\raw\non_georges\ddbe2d82d8ded2d2eaa94f3250f12ce5.jpg,0,4314
C:\Users\16610\Desktop\.workbuddy\.workbuddy\saint_george_classifier\data\raw\non_georges\ddd5bb38e5118ffeee7352dc623b7768.jpg,0,4316
C:\Users\16610\Desktop\.workbuddy\.workbuddy\saint_george_classifier\data\raw\non_georges\dde0ca5e699bfc1c12a73b5f8bdcc52e.jpg,0,4317
C:\Users\16610\Desktop\.workbuddy\.workbuddy\saint_george_classifier\data\raw\non_georges\ddeabf013b616fa07e2fe996b59f8a67.jpg,0,4318
C:\Users\16610\Desktop\.workbuddy\.workbuddy\saint_george_classifier\data\raw\non_georges\de36ce84c369572b5ad2e77b4edbbf2a.jpg,0,4319
C:\Users\16610\Desktop\.workbuddy\.workbuddy\saint_george_classifier\data\raw\non_georges\de600627a01594865c5113deeca034b1.jpg,0,4320
C:\Users\16610\Desktop\.workbuddy\.workbuddy\saint_george_classifier\data\raw\non_georges\de619ab2b6fc1226d10e70e20801d4d8.jpg,0,4321
C:\Users\16610\Desktop\.workbuddy\.workbuddy\saint_george_classifier\data\raw\non_georges\de7336598c2813d75fea6d0b816416ae.jpg,0,2876
C:\Users\16610\Desktop\.workbuddy\.workbuddy\saint_george_classifier\data\raw\non_georges\de919dd10f006bd6ea5bf36ae8250c4d.jpg,0,4322
C:\Users\16610\Desktop\.workbuddy\.workbuddy\saint_george_classifier\data\raw\non_georges\de93c205bfc3e2acb928f6eccbf4420f.jpg,0,4323
C:\Users\16610\Desktop\.workbuddy\.workbuddy\saint_george_classifier\data\raw\non_georges\de98f386a0c977e24a18141382956bb1.jpg,0,4324
C:\Users\16610\Desktop\.workbuddy\.workbuddy\saint_george_classifier\data\raw\non_georges\dea4c651a98456cf69da97ce8adc539c.jpg,0,4325
C:\Users\16610\Desktop\.workbuddy\.workbuddy\saint_george_classifier\data\raw\non_georges\dea89f32507763df9f1ae4ab3fe2c0ee.jpg,0,4326
C:\Users\16610\Desktop\.workbuddy\.workbuddy\saint_george_classifier\data\raw\non_georges\ded266fe19dc45087d9d66aa6c1159bf.jpg,0,4327
C:\Users\16610\Desktop\.workbuddy\.workbuddy\saint_george_classifier\data\raw\non_georges\dedd2dddc6df165567fb3adf36c54f22.jpg,0,4328
C:\Users\16610\Desktop\.workbuddy\.workbuddy\saint_george_classifier\data\raw\non_georges\dee389d70e6bdfcf7f5836bf3e5f08d5.jpg,0,4329
C:\Users\16610\Desktop\.workbuddy\.workbuddy\saint_george_classifier\data\raw\non_georges\df173ad8b85ab3bac21f555e3e03cd4c.jpg,0,4332
C:\Users\16610\Desktop\.workbuddy\.workbuddy\saint_george_classifier\data\raw\non_georges\df1e22ccff02439fcc7c639564804f28.jpg,0,4333
C:\Users\16610\Desktop\.workbuddy\.workbuddy\saint_george_classifier\data\raw\non_georges\df22de50abb11c587a635288bacdebf1.jpg,0,4335
C:\Users\16610\Desktop\.workbuddy\.workbuddy\saint_george_classifier\data\raw\non_georges\df731e2c4af928041859900a0e460d2c.jpg,0,4336
C:\Users\16610\Desktop\.workbuddy\.workbuddy\saint_george_classifier\data\raw\non_georges\dfc74ac3c5d2f378e0edc6a41d8ce73b.jpg,0,4337
C:\Users\16610\Desktop\.workbuddy\.workbuddy\saint_george_classifier\data\raw\non_georges\dfc88a471d2b9ee8fed97a130e4310da.jpg,0,4338
C:\Users\16610\Desktop\.workbuddy\.workbuddy\saint_george_classifier\data\raw\non_georges\dfe8cea1cc4055f205e8fd32b2e0e5a2.jpg,0,4339
C:\Users\16610\Desktop\.workbuddy\.workbuddy\saint_george_classifier\data\raw\non_georges\dff52a02111c01445bf8499251382ac5.jpg,0,4340
C:\Users\16610\Desktop\.workbuddy\.workbuddy\saint_george_classifier\data\raw\non_georges\e0001db09c76ab5ed8dcd1349ab1d4f2.jpg,0,4341
C:\Users\16610\Desktop\.workbuddy\.workbuddy\saint_george_classifier\data\raw\non_georges\e001f64b936d8305a821173dbf2017c1.jpg,0,4342
C:\Users\16610\Desktop\.workbuddy\.workbuddy\saint_george_classifier\data\raw\non_georges\e007d576ad09e37df675fbcd329ecac0.jpg,0,4343
C:\Users\16610\Desktop\.workbuddy\.workbuddy\saint_george_classifier\data\raw\non_georges\e00a52ba84d1716c6342f5b3b72f611a.jpg,0,4344
C:\Users\16610\Desktop\.workbuddy\.workbuddy\saint_george_classifier\data\raw\non_georges\e01906356c9f2868d180436109a363e9.jpg,0,4345
C:\Users\16610\Desktop\.workbuddy\.workbuddy\saint_george_classifier\data\raw\non_georges\e0225da1797c01df3a0f858048280f27.jpg,0,4346
C:\Users\16610\Desktop\.workbuddy\.workbuddy\saint_george_classifier\data\raw\non_georges\e06608c937f1fcb9ee5b013a50cb9d55.jpg,0,4347
C:\Users\16610\Desktop\.workbuddy\.workbuddy\saint_george_classifier\data\raw\non_georges\e0674bf811a9052ecb88a4380017d0d1.jpg,0,3288
C:\Users\16610\Desktop\.workbuddy\.workbuddy\saint_george_classifier\data\raw\non_georges\e0bc420040a0181192680f0a6179f787.jpg,0,4349
C:\Users\16610\Desktop\.workbuddy\.workbuddy\saint_george_classifier\data\raw\non_georges\e0e4888daf80b8b915a0f197a0344951.jpg,0,4351
C:\Users\16610\Desktop\.workbuddy\.workbuddy\saint_george_classifier\data\raw\non_georges\e0fa86ae7822f2720e04fe3ecc785bb7.jpg,0,4353
C:\Users\16610\Desktop\.workbuddy\.workbuddy\saint_george_classifier\data\raw\non_georges\e1014134cb45e2b11916a081e34ad337.jpg,0,4354
C:\Users\16610\Desktop\.workbuddy\.workbuddy\saint_george_classifier\data\raw\non_georges\e107ee707dc21418aa07bceac7986116.jpg,0,4355
C:\Users\16610\Desktop\.workbuddy\.workbuddy\saint_george_classifier\data\raw\non_georges\e1347351629c87ae4e521af83f039992.jpg,0,4357
C:\Users\16610\Desktop\.workbuddy\.workbuddy\saint_george_classifier\data\raw\non_georges\e150bc78174dd37c649241c7a0c932e3.jpg,0,4358
C:\Users\16610\Desktop\.workbuddy\.workbuddy\saint_george_classifier\data\raw\non_georges\e152de5af03667fd37cdd99fd8a984f2.jpg,0,4359
C:\Users\16610\Desktop\.workbuddy\.workbuddy\saint_george_classifier\data\raw\non_georges\e18548e19959fc01bb009ff790cb53bd.jpg,0,4360
C:\Users\16610\Desktop\.workbuddy\.workbuddy\saint_george_classifier\data\raw\non_georges\e1881e7fdc5c0dac1c950d0a4407ca66.jpg,0,4361
C:\Users\16610\Desktop\.workbuddy\.workbuddy\saint_george_classifier\data\raw\non_georges\e1951d79b02e6a5cd15ce59ae4898df0.jpg,0,4362
C:\Users\16610\Desktop\.workbuddy\.workbuddy\saint_george_classifier\data\raw\non_georges\e1be3bf04148cd7a850f493fc4864fbb.jpg,0,4363
C:\Users\16610\Desktop\.workbuddy\.workbuddy\saint_george_classifier\data\raw\non_georges\e203ffcac34048e39caa571244b60ba0.jpg,0,4366
C:\Users\16610\Desktop\.workbuddy\.workbuddy\saint_george_classifier\data\raw\non_georges\e2054c5ad0ec6e0bef5b085fcc0e7eb8.jpg,0,4367
C:\Users\16610\Desktop\.workbuddy\.workbuddy\saint_george_classifier\data\raw\non_georges\e205893082940b956703112fc1508a87.jpg,0,4368
C:\Users\16610\Desktop\.workbuddy\.workbuddy\saint_george_classifier\data\raw\non_georges\e211c61b1fd8eaff39ada9b285fac023.jpg,0,4369
C:\Users\16610\Desktop\.workbuddy\.workbuddy\saint_george_classifier\data\raw\non_georges\e23b647d1ccf9996fa1b03940d588f99.jpg,0,4371
C:\Users\16610\Desktop\.workbuddy\.workbuddy\saint_george_classifier\data\raw\non_georges\e24973157658ecea911377ab8711e9e8.jpg,0,4372
C:\Users\16610\Desktop\.workbuddy\.workbuddy\saint_george_classifier\data\raw\non_georges\e24d1a576a0a9c7648a18279c8df3580.jpg,0,4373
C:\Users\16610\Desktop\.workbuddy\.workbuddy\saint_george_classifier\data\raw\non_georges\e26c38e69076215e6a426c2eff1eafd8.jpg,0,4374
C:\Users\16610\Desktop\.workbuddy\.workbuddy\saint_george_classifier\data\raw\non_georges\e29281a67f3a66a47b49a17ae888be76.jpg,0,4375
C:\Users\16610\Desktop\.workbuddy\.workbuddy\saint_george_classifier\data\raw\non_georges\e29fe131cecd0bdc601b057bc48f29c0.jpg,0,4376
C:\Users\16610\Desktop\.workbuddy\.workbuddy\saint_george_classifier\data\raw\non_georges\e2bb03e6863e4983ad1365df653aa445.jpg,0,4378
C:\Users\16610\Desktop\.workbuddy\.workbuddy\saint_george_classifier\data\raw\non_georges\e2cca49d5165668cf11ad93772f6944d.jpg,0,4379
C:\Users\16610\Desktop\.workbuddy\.workbuddy\saint_george_classifier\data\raw\non_georges\e2d903a54d4f1bf3b65e0552683d074d.jpg,0,4380
C:\Users\16610\Desktop\.workbuddy\.workbuddy\saint_george_classifier\data\raw\non_georges\e2e7db5f0b927e7175176f3b10f400b2.jpg,0,4381
C:\Users\16610\Desktop\.workbuddy\.workbuddy\saint_george_classifier\data\raw\non_georges\e2fc79e73c60e2d1c487a66fba9f493f.jpg,0,4382
C:\Users\16610\Desktop\.workbuddy\.workbuddy\saint_george_classifier\data\raw\non_georges\e304070bf3b057b0d4b8fe25560e031f.jpg,0,4383
C:\Users\16610\Desktop\.workbuddy\.workbuddy\saint_george_classifier\data\raw\non_georges\e3201d30c51c89263db6dfa68841c819.jpg,0,4384
C:\Users\16610\Desktop\.workbuddy\.workbuddy\saint_george_classifier\data\raw\non_georges\e33c660361cca9ce3ae63115c599eea7.jpg,0,4386
C:\Users\16610\Desktop\.workbuddy\.workbuddy\saint_george_classifier\data\raw\non_georges\e3763f4c8ebd1b86d460a6e17db70dab.jpg,0,4387
C:\Users\16610\Desktop\.workbuddy\.workbuddy\saint_george_classifier\data\raw\non_georges\e37f01b6ceab6e4cf8c472d14bd464de.jpg,0,4388
C:\Users\16610\Desktop\.workbuddy\.workbuddy\saint_george_classifier\data\raw\non_georges\e38305a76a00d7f04c8cae8cd44958da.jpg,0,4389
C:\Users\16610\Desktop\.workbuddy\.workbuddy\saint_george_classifier\data\raw\non_georges\e3bfcba72ce5609ab1841fdc92e31a4a.jpg,0,4390
C:\Users\16610\Desktop\.workbuddy\.workbuddy\saint_george_classifier\data\raw\non_georges\e3e18af0eefce4c5fa51b642d9ab80e6.jpg,0,4391
C:\Users\16610\Desktop\.workbuddy\.workbuddy\saint_george_classifier\data\raw\non_georges\e3fa13446132cf9de70eb0c6edbb56eb.jpg,0,4394
C:\Users\16610\Desktop\.workbuddy\.workbuddy\saint_george_classifier\data\raw\non_georges\e40ac7f16a2beb038feaa17f9017c1ca.jpg,0,4395
C:\Users\16610\Desktop\.workbuddy\.workbuddy\saint_george_classifier\data\raw\non_georges\e41ee195f83934af72a575c46cbd559e.jpg,0,4396
C:\Users\16610\Desktop\.workbuddy\.workbuddy\saint_george_classifier\data\raw\non_georges\e443820a45dc2e70208e9dc3900a6b79.jpg,0,4398
C:\Users\16610\Desktop\.workbuddy\.workbuddy\saint_george_classifier\data\raw\non_georges\e447549fbeae478a250706275793889c.jpg,0,2182
C:\Users\16610\Desktop\.workbuddy\.workbuddy\saint_george_classifier\data\raw\non_georges\e44f51102b5cacd705d277248fe30d56.jpg,0,3028
C:\Users\16610\Desktop\.workbuddy\.workbuddy\saint_george_classifier\data\raw\non_georges\e458f96e3374473c781ac206b54d0f7e.jpg,0,4400
C:\Users\16610\Desktop\.workbuddy\.workbuddy\saint_george_classifier\data\raw\non_georges\e460541124fb52347482ddb583265440.jpg,0,4401
C:\Users\16610\Desktop\.workbuddy\.workbuddy\saint_george_classifier\data\raw\non_georges\e47397d8df3531116960b82bf8e7c92a.jpg,0,2420
C:\Users\16610\Desktop\.workbuddy\.workbuddy\saint_george_classifier\data\raw\non_georges\e48e8e7a06d90d2e973401184ba5e431.jpg,0,4403
C:\Users\16610\Desktop\.workbuddy\.workbuddy\saint_george_classifier\data\raw\non_georges\e49336dc265c3133be3d88296175e8c2.jpg,0,4404
C:\Users\16610\Desktop\.workbuddy\.workbuddy\saint_george_classifier\data\raw\non_georges\e4aac481b6b459e15755f1ab7d716ef1.jpg,0,4405
C:\Users\16610\Desktop\.workbuddy\.workbuddy\saint_george_classifier\data\raw\non_georges\e4ce78fecd1b26160f5c564b4adc795e.jpg,0,4406
C:\Users\16610\Desktop\.workbuddy\.workbuddy\saint_george_classifier\data\raw\non_georges\e4e6319c3909bf3acdeec5eb98e548d1.jpg,0,4408
C:\Users\16610\Desktop\.workbuddy\.workbuddy\saint_george_classifier\data\raw\non_georges\e4ed87f1443f6aa4b93e12a93b1e327a.jpg,0,4409
C:\Users\16610\Desktop\.workbuddy\.workbuddy\saint_george_classifier\data\raw\non_georges\e4f1bc2285148cef7ea1073015ec8803.jpg,0,4410
C:\Users\16610\Desktop\.workbuddy\.workbuddy\saint_george_classifier\data\raw\non_georges\e4f81562e41c43e3714abedf152baec5.jpg,0,4411
C:\Users\16610\Desktop\.workbuddy\.workbuddy\saint_george_classifier\data\raw\non_georges\e5062ae4896fd459f56de9b5b555ef94.jpg,0,3932
C:\Users\16610\Desktop\.workbuddy\.workbuddy\saint_george_classifier\data\raw\non_georges\e51a52d43d5e52e3b8501c09d0c2b207.jpg,0,4412
C:\Users\16610\Desktop\.workbuddy\.workbuddy\saint_george_classifier\data\raw\non_georges\e54a0b38b98f9c6c8eb7d459404c36e3.jpg,0,2713
C:\Users\16610\Desktop\.workbuddy\.workbuddy\saint_george_classifier\data\raw\non_georges\e5897e218e33305c3de9b2638bb8daea.jpg,0,4414
C:\Users\16610\Desktop\.workbuddy\.workbuddy\saint_george_classifier\data\raw\non_georges\e5d0f428313ae6d8b98626dad1d9965e.jpg,0,4417
C:\Users\16610\Desktop\.workbuddy\.workbuddy\saint_george_classifier\data\raw\non_georges\e5f66fc322f0273a31e031da1cbe8b2e.jpg,0,4418
C:\Users\16610\Desktop\.workbuddy\.workbuddy\saint_george_classifier\data\raw\non_georges\e60316047a27f292f2d39650733f80b5.jpg,0,4419
C:\Users\16610\Desktop\.workbuddy\.workbuddy\saint_george_classifier\data\raw\non_georges\e62f65b80265c6e158030eddaf408577.jpg,0,4421
C:\Users\16610\Desktop\.workbuddy\.workbuddy\saint_george_classifier\data\raw\non_georges\e63a486f1923844672b0eb98c39b18fe.jpg,0,4422
C:\Users\16610\Desktop\.workbuddy\.workbuddy\saint_george_classifier\data\raw\non_georges\e665596cf58ae9591afeb9ace10b6e42.jpg,0,4424
C:\Users\16610\Desktop\.workbuddy\.workbuddy\saint_george_classifier\data\raw\non_georges\e66f4373de07ea9f23da9be992b6cffa.jpg,0,4425
C:\Users\16610\Desktop\.workbuddy\.workbuddy\saint_george_classifier\data\raw\non_georges\e67809b9dee38c073718a3215759565c.jpg,0,4427
C:\Users\16610\Desktop\.workbuddy\.workbuddy\saint_george_classifier\data\raw\non_georges\e67e9b3578a7b9361e02841b23286a16.jpg,0,4428
C:\Users\16610\Desktop\.workbuddy\.workbuddy\saint_george_classifier\data\raw\non_georges\e682c331488d96991550c44437a18951.jpg,0,4429
C:\Users\16610\Desktop\.workbuddy\.workbuddy\saint_george_classifier\data\raw\non_georges\e690063a729041623dd0ec5cb7d7ee2c.jpg,0,3347
C:\Users\16610\Desktop\.workbuddy\.workbuddy\saint_george_classifier\data\raw\non_georges\e6aae36921cb1e85d57d10df79d37969.jpg,0,3102
C:\Users\16610\Desktop\.workbuddy\.workbuddy\saint_george_classifier\data\raw\non_georges\e6f99b99b4a560be1ea36ad775f6dcca.jpg,0,4431
C:\Users\16610\Desktop\.workbuddy\.workbuddy\saint_george_classifier\data\raw\non_georges\e6fda2a2e1466142219dc1f036a4fefd.jpg,0,4432
C:\Users\16610\Desktop\.workbuddy\.workbuddy\saint_george_classifier\data\raw\non_georges\e74ae381d026ecbf53e202da99ea2879.jpg,0,4435
C:\Users\16610\Desktop\.workbuddy\.workbuddy\saint_george_classifier\data\raw\non_georges\e74b6d83c17b35b24ca2d585dcc836b1.jpg,0,4436
C:\Users\16610\Desktop\.workbuddy\.workbuddy\saint_george_classifier\data\raw\non_georges\e74dfdb55e967bb0da51894ac74bef50.jpg,0,4437
C:\Users\16610\Desktop\.workbuddy\.workbuddy\saint_george_classifier\data\raw\non_georges\e767e10ae4172be0937495e083854966.jpg,0,4438
C:\Users\16610\Desktop\.workbuddy\.workbuddy\saint_george_classifier\data\raw\non_georges\e7904ecf408d7e0fbbb3c0ad90b2a14c.jpg,0,4360
C:\Users\16610\Desktop\.workbuddy\.workbuddy\saint_george_classifier\data\raw\non_georges\e7c6db62fd92f1569d37f9e3f7921f57.jpg,0,4440
C:\Users\16610\Desktop\.workbuddy\.workbuddy\saint_george_classifier\data\raw\non_georges\e7cb2e2a1f6fbdd260f9f321b338abee.jpg,0,4441
C:\Users\16610\Desktop\.workbuddy\.workbuddy\saint_george_classifier\data\raw\non_georges\e7ceb3fbee70776b330d5829fc28de24.jpg,0,2102
C:\Users\16610\Desktop\.workbuddy\.workbuddy\saint_george_classifier\data\raw\non_georges\e7d5014784e57307f76c7c26500bd737.jpg,0,4443
C:\Users\16610\Desktop\.workbuddy\.workbuddy\saint_george_classifier\data\raw\non_georges\e7e61711c08b804fa17905daec52b99e.jpg,0,4444
C:\Users\16610\Desktop\.workbuddy\.workbuddy\saint_george_classifier\data\raw\non_georges\e80be2f43f0c0fd3a240cd162b568e3e.jpg,0,4445
C:\Users\16610\Desktop\.workbuddy\.workbuddy\saint_george_classifier\data\raw\non_georges\e810e5c5056a0049e0eed6ffcfd07bbd.jpg,0,4446
C:\Users\16610\Desktop\.workbuddy\.workbuddy\saint_george_classifier\data\raw\non_georges\e820ab0fa14b56fdcc71e8665dbe3265.jpg,0,4447
C:\Users\16610\Desktop\.workbuddy\.workbuddy\saint_george_classifier\data\raw\non_georges\e82525299a0b05c3c7024e8fe5362095.jpg,0,4448
C:\Users\16610\Desktop\.workbuddy\.workbuddy\saint_george_classifier\data\raw\non_georges\e82ad0b6255acce1b8582e8499398801.jpg,0,4449
C:\Users\16610\Desktop\.workbuddy\.workbuddy\saint_george_classifier\data\raw\non_georges\e8507bd905e52475db36aa89117d452d.jpg,0,4406
C:\Users\16610\Desktop\.workbuddy\.workbuddy\saint_george_classifier\data\raw\non_georges\e86701f019b50883856a4660a1ac6d66.jpg,0,4450
C:\Users\16610\Desktop\.workbuddy\.workbuddy\saint_george_classifier\data\raw\non_georges\e8679c605cdfcb8ad75ecad986a5b115.jpg,0,4451
C:\Users\16610\Desktop\.workbuddy\.workbuddy\saint_george_classifier\data\raw\non_georges\e86cb3671cfaee50793bf61b80fbf89f.jpg,0,4452
C:\Users\16610\Desktop\.workbuddy\.workbuddy\saint_george_classifier\data\raw\non_georges\e87961e914b2c17269214a8a5c194da3.jpg,0,4453
C:\Users\16610\Desktop\.workbuddy\.workbuddy\saint_george_classifier\data\raw\non_georges\e8960a104361c95de06073835a7a708a.jpg,0,4454
C:\Users\16610\Desktop\.workbuddy\.workbuddy\saint_george_classifier\data\raw\non_georges\e8b390cd7aa7ec22324073ec90895065.jpg,0,4455
C:\Users\16610\Desktop\.workbuddy\.workbuddy\saint_george_classifier\data\raw\non_georges\e8b7823c1df2a0183975847cfed490bf.jpg,0,4457
C:\Users\16610\Desktop\.workbuddy\.workbuddy\saint_george_classifier\data\raw\non_georges\e8f5996391c20a0156671bc1aa769c39.jpg,0,4117
C:\Users\16610\Desktop\.workbuddy\.workbuddy\saint_george_classifier\data\raw\non_georges\e9084db6eb76eaf88ed6dac82bf1af82.jpg,0,4458
C:\Users\16610\Desktop\.workbuddy\.workbuddy\saint_george_classifier\data\raw\non_georges\e9113ad5295efb56ce0c53f2fbd0900d.jpg,0,4459
C:\Users\16610\Desktop\.workbuddy\.workbuddy\saint_george_classifier\data\raw\non_georges\e91bc3511973482f4e45e1edcb6078d7.jpg,0,4460
C:\Users\16610\Desktop\.workbuddy\.workbuddy\saint_george_classifier\data\raw\non_georges\e93c24284927e0f0f3f65b499f619437.jpg,0,4461
C:\Users\16610\Desktop\.workbuddy\.workbuddy\saint_george_classifier\data\raw\non_georges\e93c44225f20d2dfcb462df67b9408f3.jpg,0,2784
C:\Users\16610\Desktop\.workbuddy\.workbuddy\saint_george_classifier\data\raw\non_georges\e9729d442bd9979c43496d0e1b27be7f.jpg,0,4463
C:\Users\16610\Desktop\.workbuddy\.workbuddy\saint_george_classifier\data\raw\non_georges\e9770eacaca75faa48a4b7a3eacf1021.jpg,0,4464
C:\Users\16610\Desktop\.workbuddy\.workbuddy\saint_george_classifier\data\raw\non_georges\e978a35bfe22cd9829e316b107d43027.jpg,0,4465
C:\Users\16610\Desktop\.workbuddy\.workbuddy\saint_george_classifier\data\raw\non_georges\e98ad147c00eb084f6d0b1d82f73beae.jpg,0,3759
C:\Users\16610\Desktop\.workbuddy\.workbuddy\saint_george_classifier\data\raw\non_georges\e99a2eee960ab87d8aae9c88eda74be3.jpg,0,3976
C:\Users\16610\Desktop\.workbuddy\.workbuddy\saint_george_classifier\data\raw\non_georges\e9be744520e242f1f735c90308990c48.jpg,0,4466
C:\Users\16610\Desktop\.workbuddy\.workbuddy\saint_george_classifier\data\raw\non_georges\e9d14b86ffc282f835ecb8a54cb73add.jpg,0,4467
C:\Users\16610\Desktop\.workbuddy\.workbuddy\saint_george_classifier\data\raw\non_georges\ea0e3ba00067a7ddb50672cb7e652d73.jpg,0,4468
C:\Users\16610\Desktop\.workbuddy\.workbuddy\saint_george_classifier\data\raw\non_georges\ea26c308d13b88e8c6a437444b83993c.jpg,0,4421
C:\Users\16610\Desktop\.workbuddy\.workbuddy\saint_george_classifier\data\raw\non_georges\ea419493533025f8e17e0dbb45a87af5.jpg,0,4469
C:\Users\16610\Desktop\.workbuddy\.workbuddy\saint_george_classifier\data\raw\non_georges\ea5686b5ac829d44b5c5042f4d95f238.jpg,0,4470
C:\Users\16610\Desktop\.workbuddy\.workbuddy\saint_george_classifier\data\raw\non_georges\ea59cf47bea0e64e7553dc45068cae27.jpg,0,4472
C:\Users\16610\Desktop\.workbuddy\.workbuddy\saint_george_classifier\data\raw\non_georges\ea5e041416a7fac98b80828d546a4c11.jpg,0,4473
C:\Users\16610\Desktop\.workbuddy\.workbuddy\saint_george_classifier\data\raw\non_georges\ea7eee7694c5bd82d9a50c2d0d1771db.jpg,0,4475
C:\Users\16610\Desktop\.workbuddy\.workbuddy\saint_george_classifier\data\raw\non_georges\ea96cf18e967d98c0f9bf5d72c3e2b5f.jpg,0,4477
C:\Users\16610\Desktop\.workbuddy\.workbuddy\saint_george_classifier\data\raw\non_georges\eab79e29965113437393625b41fa6be7.jpg,0,4478
C:\Users\16610\Desktop\.workbuddy\.workbuddy\saint_george_classifier\data\raw\non_georges\eae1dcb85cf802446aa9ae1f9ac56d6e.jpg,0,4479
C:\Users\16610\Desktop\.workbuddy\.workbuddy\saint_george_classifier\data\raw\non_georges\eb04db56db29d13deb152b2a20be6842.jpg,0,4480
C:\Users\16610\Desktop\.workbuddy\.workbuddy\saint_george_classifier\data\raw\non_georges\eb2640c41c4de1aa8cf4091f8a20d8bd.jpg,0,4481
C:\Users\16610\Desktop\.workbuddy\.workbuddy\saint_george_classifier\data\raw\non_georges\eb3bb2ab35aa9dc498002344ce6ef4c3.jpg,0,4483
C:\Users\16610\Desktop\.workbuddy\.workbuddy\saint_george_classifier\data\raw\non_georges\eb80c89cac03b5d711f5e07eea61898b.jpg,0,4485
C:\Users\16610\Desktop\.workbuddy\.workbuddy\saint_george_classifier\data\raw\non_georges\eba1737a3d1caa4e3a17ed923da4cc8e.jpg,0,4486
C:\Users\16610\Desktop\.workbuddy\.workbuddy\saint_george_classifier\data\raw\non_georges\ebb3b548488bca70bac2e816d0009ec9.jpg,0,4487
C:\Users\16610\Desktop\.workbuddy\.workbuddy\saint_george_classifier\data\raw\non_georges\ebc68a3816e2f715a33588ea3172423a.jpg,0,4488
C:\Users\16610\Desktop\.workbuddy\.workbuddy\saint_george_classifier\data\raw\non_georges\ebc7cf449a820e925a29e39d137fac02.jpg,0,4489
C:\Users\16610\Desktop\.workbuddy\.workbuddy\saint_george_classifier\data\raw\non_georges\ebce72ceff01e801eedd0288e5137037.jpg,0,4490
C:\Users\16610\Desktop\.workbuddy\.workbuddy\saint_george_classifier\data\raw\non_georges\ec0b52964ce523d2033862b5a49ea63b.jpg,0,4491
C:\Users\16610\Desktop\.workbuddy\.workbuddy\saint_george_classifier\data\raw\non_georges\ec3fec9055daf15cebed9a5ca812f899.jpg,0,4492
C:\Users\16610\Desktop\.workbuddy\.workbuddy\saint_george_classifier\data\raw\non_georges\ec4c934e441380dcae64178a604948f6.jpg,0,4493
C:\Users\16610\Desktop\.workbuddy\.workbuddy\saint_george_classifier\data\raw\non_georges\ec552b5d389b0888a26054f4cf4171c2.jpg,0,1835
C:\Users\16610\Desktop\.workbuddy\.workbuddy\saint_george_classifier\data\raw\non_georges\ec5cea4c459be8c3bd347d13d85e664e.jpg,0,4495
C:\Users\16610\Desktop\.workbuddy\.workbuddy\saint_george_classifier\data\raw\non_georges\ec66a443336fbb16ec89dbc997aff81c.jpg,0,4496
C:\Users\16610\Desktop\.workbuddy\.workbuddy\saint_george_classifier\data\raw\non_georges\ecb56e8ff025bb1767e2b48b8a0a1ba4.jpg,0,4497
C:\Users\16610\Desktop\.workbuddy\.workbuddy\saint_george_classifier\data\raw\non_georges\eccfbd7cf408cf24cac3d276f8769a9f.jpg,0,3401
C:\Users\16610\Desktop\.workbuddy\.workbuddy\saint_george_classifier\data\raw\non_georges\ecd87b60ca96cd3eb33ce7840ea1ef2e.jpg,0,4498
C:\Users\16610\Desktop\.workbuddy\.workbuddy\saint_george_classifier\data\raw\non_georges\ed3aeb25ec2b271cffab0a6a5fa06e53.jpg,0,4500
C:\Users\16610\Desktop\.workbuddy\.workbuddy\saint_george_classifier\data\raw\non_georges\ed49eca837a7de8b13d11c93bb02de75.jpg,0,4501
C:\Users\16610\Desktop\.workbuddy\.workbuddy\saint_george_classifier\data\raw\non_georges\ed9233ce68c30b25cae16e1a7bb2d81f.jpg,0,4503
C:\Users\16610\Desktop\.workbuddy\.workbuddy\saint_george_classifier\data\raw\non_georges\ed96448e53a1e8de1b0a7231e5bdd9a0.jpg,0,4504
C:\Users\16610\Desktop\.workbuddy\.workbuddy\saint_george_classifier\data\raw\non_georges\eda68eef7d346188df26851097a0bee0.jpg,0,3269
C:\Users\16610\Desktop\.workbuddy\.workbuddy\saint_george_classifier\data\raw\non_georges\edb3fc29f2fb8a84339183b6baed8d72.jpg,0,4505
C:\Users\16610\Desktop\.workbuddy\.workbuddy\saint_george_classifier\data\raw\non_georges\eded1fbab8488eed7656ba45cb299bfa.jpg,0,4507
C:\Users\16610\Desktop\.workbuddy\.workbuddy\saint_george_classifier\data\raw\non_georges\ee2d813ac8f4dfd1c3a2135b4e6bed24.jpg,0,4508
C:\Users\16610\Desktop\.workbuddy\.workbuddy\saint_george_classifier\data\raw\non_georges\ee30dfc0e2cc26466f4de39d0fad63ad.jpg,0,4509
C:\Users\16610\Desktop\.workbuddy\.workbuddy\saint_george_classifier\data\raw\non_georges\ee37dafa3166091a1f7c0dd802c3ee0d.jpg,0,4510
C:\Users\16610\Desktop\.workbuddy\.workbuddy\saint_george_classifier\data\raw\non_georges\ee9a2100883b76603cbb9b608c00d379.jpg,0,4511
C:\Users\16610\Desktop\.workbuddy\.workbuddy\saint_george_classifier\data\raw\non_georges\eea79abc373693cca37b6578b7db3340.jpg,0,4512
C:\Users\16610\Desktop\.workbuddy\.workbuddy\saint_george_classifier\data\raw\non_georges\eec6a87777a3b3e2af699d7520816df2.jpg,0,4513
C:\Users\16610\Desktop\.workbuddy\.workbuddy\saint_george_classifier\data\raw\non_georges\eeea0ae6092ececd71e078890ac1cc0c.jpg,0,4515
C:\Users\16610\Desktop\.workbuddy\.workbuddy\saint_george_classifier\data\raw\non_georges\eeef375c093d5633faa6edf49e97a583.jpg,0,4516
C:\Users\16610\Desktop\.workbuddy\.workbuddy\saint_george_classifier\data\raw\non_georges\ef35935da25d28a0d46737aaed5c7168.jpg,0,4519
C:\Users\16610\Desktop\.workbuddy\.workbuddy\saint_george_classifier\data\raw\non_georges\ef48606fe7bfdc4b5ed3691229de1bef.jpg,0,4520
C:\Users\16610\Desktop\.workbuddy\.workbuddy\saint_george_classifier\data\raw\non_georges\ef526c659be85bf224b9a2599b452fa4.jpg,0,4521
C:\Users\16610\Desktop\.workbuddy\.workbuddy\saint_george_classifier\data\raw\non_georges\ef541cf05ecfe04455ba21f270fbbd21.jpg,0,4522
C:\Users\16610\Desktop\.workbuddy\.workbuddy\saint_george_classifier\data\raw\non_georges\ef7943cc785d2576ac61adc01621cc3d.jpg,0,4524
C:\Users\16610\Desktop\.workbuddy\.workbuddy\saint_george_classifier\data\raw\non_georges\ef99de6c7db80bff3ea25b005cbde732.jpg,0,4525
C:\Users\16610\Desktop\.workbuddy\.workbuddy\saint_george_classifier\data\raw\non_georges\efa5f07dc81a93c9df938d7964439267.jpg,0,4526
C:\Users\16610\Desktop\.workbuddy\.workbuddy\saint_george_classifier\data\raw\non_georges\efb4d8e690c8250afcea9e68a73f599f.jpg,0,2884
C:\Users\16610\Desktop\.workbuddy\.workbuddy\saint_george_classifier\data\raw\non_georges\efb4e2bb18537ae935a641aef7bc91f7.jpg,0,4527
C:\Users\16610\Desktop\.workbuddy\.workbuddy\saint_george_classifier\data\raw\non_georges\efee3df327e85f7d642fbc0fd7df734b.jpg,0,4528
C:\Users\16610\Desktop\.workbuddy\.workbuddy\saint_george_classifier\data\raw\non_georges\f07782cfcf3f3c08e8b02206efcf0d16.jpg,0,4532
C:\Users\16610\Desktop\.workbuddy\.workbuddy\saint_george_classifier\data\raw\non_georges\f09d5494456a4ea37279300cd6eae5ac.jpg,0,4533
C:\Users\16610\Desktop\.workbuddy\.workbuddy\saint_george_classifier\data\raw\non_georges\f0dc7ea8bce812cf29494da4150b8bef.jpg,0,4534
C:\Users\16610\Desktop\.workbuddy\.workbuddy\saint_george_classifier\data\raw\non_georges\f1152a1de7a24763434a3012e1dc80ca.jpg,0,4536
C:\Users\16610\Desktop\.workbuddy\.workbuddy\saint_george_classifier\data\raw\non_georges\f13de338b505a3c2ccb607b93db96d4c.jpg,0,4538
C:\Users\16610\Desktop\.workbuddy\.workbuddy\saint_george_classifier\data\raw\non_georges\f1778bda2a581f61f3964fe0f96a4d61.jpg,0,4539
C:\Users\16610\Desktop\.workbuddy\.workbuddy\saint_george_classifier\data\raw\non_georges\f1959346e133daeacbaaa14ba24d068b.jpg,0,4540
C:\Users\16610\Desktop\.workbuddy\.workbuddy\saint_george_classifier\data\raw\non_georges\f1dd3f3ea143cc692bcbf053a58f4d03.jpg,0,4541
C:\Users\16610\Desktop\.workbuddy\.workbuddy\saint_george_classifier\data\raw\non_georges\f1f1ae14dc24e7adca1d4f70d0e6bdd6.jpg,0,4542
C:\Users\16610\Desktop\.workbuddy\.workbuddy\saint_george_classifier\data\raw\non_georges\f21018f607b4f84e15c772004f04af7f.jpg,0,4543
C:\Users\16610\Desktop\.workbuddy\.workbuddy\saint_george_classifier\data\raw\non_georges\f215e08c3c3dff8c3b4264534df60545.jpg,0,4544
C:\Users\16610\Desktop\.workbuddy\.workbuddy\saint_george_classifier\data\raw\non_georges\f22b16eaf6b5e1e1f0ab0d94ea5c0434.jpg,0,1953
C:\Users\16610\Desktop\.workbuddy\.workbuddy\saint_george_classifier\data\raw\non_georges\f23acc70a84645cc576990aeaac38e67.jpg,0,4546
C:\Users\16610\Desktop\.workbuddy\.workbuddy\saint_george_classifier\data\raw\non_georges\f268f0a404049e138002f734b41fef31.jpg,0,4550
C:\Users\16610\Desktop\.workbuddy\.workbuddy\saint_george_classifier\data\raw\non_georges\f2990dd817994443ddd00a0954937815.jpg,0,4551
C:\Users\16610\Desktop\.workbuddy\.workbuddy\saint_george_classifier\data\raw\non_georges\f29c408823c577e0eaadd08ca45a08e3.jpg,0,4552
C:\Users\16610\Desktop\.workbuddy\.workbuddy\saint_george_classifier\data\raw\non_georges\f29ecbf7ef321e811b4dbe7a2cf8b0a1.jpg,0,4553
C:\Users\16610\Desktop\.workbuddy\.workbuddy\saint_george_classifier\data\raw\non_georges\f2a3b13d937d2ad1a7b7b71fec67a298.jpg,0,4554
C:\Users\16610\Desktop\.workbuddy\.workbuddy\saint_george_classifier\data\raw\non_georges\f2c6ca39fe48c5d7f0f3e67b0be6f1e4.jpg,0,4555
C:\Users\16610\Desktop\.workbuddy\.workbuddy\saint_george_classifier\data\raw\non_georges\f2d1a2cd8a42eed9f778a780b2e2c698.jpg,0,4556
C:\Users\16610\Desktop\.workbuddy\.workbuddy\saint_george_classifier\data\raw\non_georges\f2d3680c220cb59489a4f7b6137eb972.jpg,0,4557
C:\Users\16610\Desktop\.workbuddy\.workbuddy\saint_george_classifier\data\raw\non_georges\f2e8ce101bf1cd1b68b3b90c93414251.jpg,0,3325
C:\Users\16610\Desktop\.workbuddy\.workbuddy\saint_george_classifier\data\raw\non_georges\f302735117f46c4e41a1ec441c720b6e.jpg,0,4558
C:\Users\16610\Desktop\.workbuddy\.workbuddy\saint_george_classifier\data\raw\non_georges\f32253cb07c82657419b384157ef04ff.jpg,0,1766
C:\Users\16610\Desktop\.workbuddy\.workbuddy\saint_george_classifier\data\raw\non_georges\f356a3be5d7cac22955ff7ede753f7cf.jpg,0,4560
C:\Users\16610\Desktop\.workbuddy\.workbuddy\saint_george_classifier\data\raw\non_georges\f38a4795cac43c9d25bc9c0333a386a4.jpg,0,4561
C:\Users\16610\Desktop\.workbuddy\.workbuddy\saint_george_classifier\data\raw\non_georges\f393a9516f1c965a344422bf82b49fe7.jpg,0,4562
C:\Users\16610\Desktop\.workbuddy\.workbuddy\saint_george_classifier\data\raw\non_georges\f3b30b45107a17f04c1d1eb610fe0605.jpg,0,4563
C:\Users\16610\Desktop\.workbuddy\.workbuddy\saint_george_classifier\data\raw\non_georges\f3bb701c56d2ace51586f5a0e6ba9f26.jpg,0,2269
C:\Users\16610\Desktop\.workbuddy\.workbuddy\saint_george_classifier\data\raw\non_georges\f3be8c3e27ec4448d2b461c20c30cbfe.jpg,0,4564
C:\Users\16610\Desktop\.workbuddy\.workbuddy\saint_george_classifier\data\raw\non_georges\f3f0e93494dc7a44c2785235b74f2afc.jpg,0,4566
C:\Users\16610\Desktop\.workbuddy\.workbuddy\saint_george_classifier\data\raw\non_georges\f400b2ae925929d732b1d1e7c2282141.jpg,0,4567
C:\Users\16610\Desktop\.workbuddy\.workbuddy\saint_george_classifier\data\raw\non_georges\f4094038f17f837d3ecc1c887dfb1be8.jpg,0,4546
C:\Users\16610\Desktop\.workbuddy\.workbuddy\saint_george_classifier\data\raw\non_georges\f41c8de73489d0c6ee576d31f6086407.jpg,0,4568
C:\Users\16610\Desktop\.workbuddy\.workbuddy\saint_george_classifier\data\raw\non_georges\f42a3df57b2a34ab73bb63d47ab76a93.jpg,0,4569
C:\Users\16610\Desktop\.workbuddy\.workbuddy\saint_george_classifier\data\raw\non_georges\f42ec6f84eb1192cf6404c8b4981dfc9.jpg,0,4570
C:\Users\16610\Desktop\.workbuddy\.workbuddy\saint_george_classifier\data\raw\non_georges\f45636e8c7baa125ba1230beabe75e3e.jpg,0,4571
C:\Users\16610\Desktop\.workbuddy\.workbuddy\saint_george_classifier\data\raw\non_georges\f468f708790f16d587ed5bc227485035.jpg,0,4572
C:\Users\16610\Desktop\.workbuddy\.workbuddy\saint_george_classifier\data\raw\non_georges\f46ddd4a3eb959971f6f59aa5bc7b941.jpg,0,4573
C:\Users\16610\Desktop\.workbuddy\.workbuddy\saint_george_classifier\data\raw\non_georges\f46dfe88bcb56bfc72cace34efcf01fd.jpg,0,4574
C:\Users\16610\Desktop\.workbuddy\.workbuddy\saint_george_classifier\data\raw\non_georges\f47e66dded10113fcd5adfa2c1593053.jpg,0,2326
C:\Users\16610\Desktop\.workbuddy\.workbuddy\saint_george_classifier\data\raw\non_georges\f4814a01b32d9a950790cacfbd7cab4c.jpg,0,4575
C:\Users\16610\Desktop\.workbuddy\.workbuddy\saint_george_classifier\data\raw\non_georges\f4820e6adc018d8fc35ad9b5ac5cc847.jpg,0,4576
C:\Users\16610\Desktop\.workbuddy\.workbuddy\saint_george_classifier\data\raw\non_georges\f491ebad3e84d6e8533d8e5a6c01d69d.jpg,0,4577
C:\Users\16610\Desktop\.workbuddy\.workbuddy\saint_george_classifier\data\raw\non_georges\f4a109b5efac82881fddade46acbed8b.jpg,0,4579
C:\Users\16610\Desktop\.workbuddy\.workbuddy\saint_george_classifier\data\raw\non_georges\f4a9f3f421ba9369e18f816c8b37ed40.jpg,0,4580
C:\Users\16610\Desktop\.workbuddy\.workbuddy\saint_george_classifier\data\raw\non_georges\f4b159873462b6a1f795727504db66e7.jpg,0,4581
C:\Users\16610\Desktop\.workbuddy\.workbuddy\saint_george_classifier\data\raw\non_georges\f4cb0126db7b218e9dd140eb91286b8f.jpg,0,4582
C:\Users\16610\Desktop\.workbuddy\.workbuddy\saint_george_classifier\data\raw\non_georges\f4de00db5e2f3ab95f26d30000a24d64.jpg,0,4583
C:\Users\16610\Desktop\.workbuddy\.workbuddy\saint_george_classifier\data\raw\non_georges\f4de73e85728b567efdb865fa66a4b69.jpg,0,4584
C:\Users\16610\Desktop\.workbuddy\.workbuddy\saint_george_classifier\data\raw\non_georges\f4e329bbfc20db64087498eea9abda6e.jpg,0,4585
C:\Users\16610\Desktop\.workbuddy\.workbuddy\saint_george_classifier\data\raw\non_georges\f51c4977522527e60e3d2eb8f2b2bf55.jpg,0,3442
C:\Users\16610\Desktop\.workbuddy\.workbuddy\saint_george_classifier\data\raw\non_georges\f51f11460692999ba6382e38bf699636.jpg,0,4586
C:\Users\16610\Desktop\.workbuddy\.workbuddy\saint_george_classifier\data\raw\non_georges\f51f8465800e9938141ef0528fa36159.jpg,0,4587
C:\Users\16610\Desktop\.workbuddy\.workbuddy\saint_george_classifier\data\raw\non_georges\f54eaffb6fa989f40797c564bcaebe94.jpg,0,4589
C:\Users\16610\Desktop\.workbuddy\.workbuddy\saint_george_classifier\data\raw\non_georges\f586249b3793b8de29c0ff512fc303bf.jpg,0,4591
C:\Users\16610\Desktop\.workbuddy\.workbuddy\saint_george_classifier\data\raw\non_georges\f58f180643de441d5a10d77604876bfb.jpg,0,4592
C:\Users\16610\Desktop\.workbuddy\.workbuddy\saint_george_classifier\data\raw\non_georges\f5d2c56393a6bcc3ce4b4343483a805d.jpg,0,4593
C:\Users\16610\Desktop\.workbuddy\.workbuddy\saint_george_classifier\data\raw\non_georges\f5dbfe726b3c4779303c92734e3f36b4.jpg,0,4594
C:\Users\16610\Desktop\.workbuddy\.workbuddy\saint_george_classifier\data\raw\non_georges\f60213b52135bc80629a8f7c8bd27f9b.jpg,0,4595
C:\Users\16610\Desktop\.workbuddy\.workbuddy\saint_george_classifier\data\raw\non_georges\f604f3ae143ef0f29eca29a2be6c4fd5.jpg,0,4596
C:\Users\16610\Desktop\.workbuddy\.workbuddy\saint_george_classifier\data\raw\non_georges\f6370ebd0c8981ea3fe0a5663c045097.jpg,0,2371
C:\Users\16610\Desktop\.workbuddy\.workbuddy\saint_george_classifier\data\raw\non_georges\f6383cb0ef85b9ff2886a5344fef0f51.jpg,0,4597
C:\Users\16610\Desktop\.workbuddy\.workbuddy\saint_george_classifier\data\raw\non_georges\f638a5e0f0635353741f4376888bcbe5.jpg,0,4598
C:\Users\16610\Desktop\.workbuddy\.workbuddy\saint_george_classifier\data\raw\non_georges\f6474ccc3e6e61ad0999d7e3b01f4710.jpg,0,4599
C:\Users\16610\Desktop\.workbuddy\.workbuddy\saint_george_classifier\data\raw\non_georges\f657180ce4a78c91e0f0bab49a521325.jpg,0,4600
C:\Users\16610\Desktop\.workbuddy\.workbuddy\saint_george_classifier\data\raw\non_georges\f6685a20a91c87d1d34d9cb1d5f20ac8.jpg,0,4601
C:\Users\16610\Desktop\.workbuddy\.workbuddy\saint_george_classifier\data\raw\non_georges\f66b119847daccb7df0ba98ff00aa1eb.jpg,0,4602
C:\Users\16610\Desktop\.workbuddy\.workbuddy\saint_george_classifier\data\raw\non_georges\f68bdb42aaba5dda83330eb93a3d0560.jpg,0,4604
C:\Users\16610\Desktop\.workbuddy\.workbuddy\saint_george_classifier\data\raw\non_georges\f694bbcab0bdf57bd48e54a8272130fe.jpg,0,1758
C:\Users\16610\Desktop\.workbuddy\.workbuddy\saint_george_classifier\data\raw\non_georges\f7023577019cf6e4e44243f91a3f25c5.jpg,0,4606
C:\Users\16610\Desktop\.workbuddy\.workbuddy\saint_george_classifier\data\raw\non_georges\f706484415a38ef23aee73ad1bb0ca84.jpg,0,4607
C:\Users\16610\Desktop\.workbuddy\.workbuddy\saint_george_classifier\data\raw\non_georges\f72afb1ab869c507f46ac9a1eee3c1da.jpg,0,4608
C:\Users\16610\Desktop\.workbuddy\.workbuddy\saint_george_classifier\data\raw\non_georges\f736e847f69581239fd5ed91a1ac766d.jpg,0,4609
C:\Users\16610\Desktop\.workbuddy\.workbuddy\saint_george_classifier\data\raw\non_georges\f75009d36d256304ab732f476972fd60.jpg,0,4610
C:\Users\16610\Desktop\.workbuddy\.workbuddy\saint_george_classifier\data\raw\non_georges\f754239424b7aa956495860fc8c3743e.jpg,0,4611
C:\Users\16610\Desktop\.workbuddy\.workbuddy\saint_george_classifier\data\raw\non_georges\f75b985b2e36a0726efd64634f60349f.jpg,0,4612
C:\Users\16610\Desktop\.workbuddy\.workbuddy\saint_george_classifier\data\raw\non_georges\f766de191764acdd264e8d262629d046.jpg,0,4613
C:\Users\16610\Desktop\.workbuddy\.workbuddy\saint_george_classifier\data\raw\non_georges\f76a294012b3d1624e4e66b6895c3971.jpg,0,4614
C:\Users\16610\Desktop\.workbuddy\.workbuddy\saint_george_classifier\data\raw\non_georges\f784ad2b3f7090fb9d2f5335767ccbe4.jpg,0,4615
C:\Users\16610\Desktop\.workbuddy\.workbuddy\saint_george_classifier\data\raw\non_georges\f7a67e06975f7f0e1dbbf4d5b9ccd753.jpg,0,4617
C:\Users\16610\Desktop\.workbuddy\.workbuddy\saint_george_classifier\data\raw\non_georges\f7b85e10e93e13f1e0ad801f1c2305f4.jpg,0,4618
C:\Users\16610\Desktop\.workbuddy\.workbuddy\saint_george_classifier\data\raw\non_georges\f7b91b4b0fddaff1f3455538ab711714.jpg,0,2301
C:\Users\16610\Desktop\.workbuddy\.workbuddy\saint_george_classifier\data\raw\non_georges\f7bd09c73045b4f09ceaa065254f7dd1.jpg,0,4619
C:\Users\16610\Desktop\.workbuddy\.workbuddy\saint_george_classifier\data\raw\non_georges\f7c4230b739201a8e695dca4581efc76.jpg,0,4620
C:\Users\16610\Desktop\.workbuddy\.workbuddy\saint_george_classifier\data\raw\non_georges\f7c59911b6b92e76329be817edcd1236.jpg,0,4621
C:\Users\16610\Desktop\.workbuddy\.workbuddy\saint_george_classifier\data\raw\non_georges\f7d6df0883d9815e38452fc095e2d280.jpg,0,4622
C:\Users\16610\Desktop\.workbuddy\.workbuddy\saint_george_classifier\data\raw\non_georges\f7e9dceb374c55cc971561579ba41330.jpg,0,4623
C:\Users\16610\Desktop\.workbuddy\.workbuddy\saint_george_classifier\data\raw\non_georges\f82b751da5ae3af14fb5b1fa2759b74e.jpg,0,4625
C:\Users\16610\Desktop\.workbuddy\.workbuddy\saint_george_classifier\data\raw\non_georges\f8309b26893038efbf95dfde87f4a8b3.jpg,0,3325
C:\Users\16610\Desktop\.workbuddy\.workbuddy\saint_george_classifier\data\raw\non_georges\f852e31cfcedc1b4d9ba00154c729f12.jpg,0,4626
C:\Users\16610\Desktop\.workbuddy\.workbuddy\saint_george_classifier\data\raw\non_georges\f8696b31e05df7109f1e3588126dc529.jpg,0,4627
C:\Users\16610\Desktop\.workbuddy\.workbuddy\saint_george_classifier\data\raw\non_georges\f8853ada3fb29d03b133ebe92f339da8.jpg,0,4628
C:\Users\16610\Desktop\.workbuddy\.workbuddy\saint_george_classifier\data\raw\non_georges\f8987e56a7f4deb659cb99a113f3b43c.jpg,0,4629
C:\Users\16610\Desktop\.workbuddy\.workbuddy\saint_george_classifier\data\raw\non_georges\f89d574d19ebcf1c02c30c480d1195ea.jpg,0,2982
C:\Users\16610\Desktop\.workbuddy\.workbuddy\saint_george_classifier\data\raw\non_georges\f8cf456411af665b0654f9ac1b67e7cb.jpg,0,4630
C:\Users\16610\Desktop\.workbuddy\.workbuddy\saint_george_classifier\data\raw\non_georges\f8e82117677880a7bb97402d4e273d8f.jpg,0,4631
C:\Users\16610\Desktop\.workbuddy\.workbuddy\saint_george_classifier\data\raw\non_georges\f932f87c5256d4ecdbfe1b6e75808236.jpg,0,4633
C:\Users\16610\Desktop\.workbuddy\.workbuddy\saint_george_classifier\data\raw\non_georges\f940a379fe7a2360ce701096b48fba06.jpg,0,4634
C:\Users\16610\Desktop\.workbuddy\.workbuddy\saint_george_classifier\data\raw\non_georges\f9424b588edde942e0ef60fc2d366aaa.jpg,0,4635
C:\Users\16610\Desktop\.workbuddy\.workbuddy\saint_george_classifier\data\raw\non_georges\f94d6abd19045c4ea754191919992572.jpg,0,4636
C:\Users\16610\Desktop\.workbuddy\.workbuddy\saint_george_classifier\data\raw\non_georges\f95a601b480c02a183c347210878e93d.jpg,0,4637
C:\Users\16610\Desktop\.workbuddy\.workbuddy\saint_george_classifier\data\raw\non_georges\f98feaaa3f0333ff01fc3854003c97fd.jpg,0,4638
C:\Users\16610\Desktop\.workbuddy\.workbuddy\saint_george_classifier\data\raw\non_georges\f99a7ff032a8c0b834275386cdccc985.jpg,0,4639
C:\Users\16610\Desktop\.workbuddy\.workbuddy\saint_george_classifier\data\raw\non_georges\f9c3271107f1f65d4ae0fbf78fd76ca2.jpg,0,4640
C:\Users\16610\Desktop\.workbuddy\.workbuddy\saint_george_classifier\data\raw\non_georges\f9c3a3e0d582aad25749c20a0fc1129e.jpg,0,4641
C:\Users\16610\Desktop\.workbuddy\.workbuddy\saint_george_classifier\data\raw\non_georges\f9ed5f45456f5101e9f93a2bff0218a3.jpg,0,4642
C:\Users\16610\Desktop\.workbuddy\.workbuddy\saint_george_classifier\data\raw\non_georges\f9fab07f20d2efe53445dcbae9256643.jpg,0,4643
C:\Users\16610\Desktop\.workbuddy\.workbuddy\saint_george_classifier\data\raw\non_georges\fa40490e0dd946124213aaeba35d571a.jpg,0,3750
C:\Users\16610\Desktop\.workbuddy\.workbuddy\saint_george_classifier\data\raw\non_georges\fa4713a9c9877bd451b7115a08617510.jpg,0,4644
C:\Users\16610\Desktop\.workbuddy\.workbuddy\saint_george_classifier\data\raw\non_georges\fa4b07e5dad00d6775917ea794c67e22.jpg,0,1994
C:\Users\16610\Desktop\.workbuddy\.workbuddy\saint_george_classifier\data\raw\non_georges\fa6ac5eb7194cdacaab3c7f0b9323d1a.jpg,0,4645
C:\Users\16610\Desktop\.workbuddy\.workbuddy\saint_george_classifier\data\raw\non_georges\fa6b259a8743ad50564cf0eb2bbff92c.jpg,0,4646
C:\Users\16610\Desktop\.workbuddy\.workbuddy\saint_george_classifier\data\raw\non_georges\fa6d2e6001ae696428a918bc2f491b68.jpg,0,4647
C:\Users\16610\Desktop\.workbuddy\.workbuddy\saint_george_classifier\data\raw\non_georges\faa37121f734c17a36ab64296e318a60.jpg,0,4648
C:\Users\16610\Desktop\.workbuddy\.workbuddy\saint_george_classifier\data\raw\non_georges\fab48f81a0272e2a9b8cc1d5a407e52a.jpg,0,4649
C:\Users\16610\Desktop\.workbuddy\.workbuddy\saint_george_classifier\data\raw\non_georges\fab9dec151899046541723c15d22da02.jpg,0,4650
C:\Users\16610\Desktop\.workbuddy\.workbuddy\saint_george_classifier\data\raw\non_georges\fad4a6d48535d5b6a2a1c2518c65c2af.jpg,0,3127
C:\Users\16610\Desktop\.workbuddy\.workbuddy\saint_george_classifier\data\raw\non_georges\faf628f19b72a5971310cce0c1fe9a14.jpg,0,4652
C:\Users\16610\Desktop\.workbuddy\.workbuddy\saint_george_classifier\data\raw\non_georges\fb10e797da2db91029e72ee1bcac4cc0.jpg,0,4653
C:\Users\16610\Desktop\.workbuddy\.workbuddy\saint_george_classifier\data\raw\non_georges\fb2af483bcabffa24876215af0247d1b.jpg,0,4654
C:\Users\16610\Desktop\.workbuddy\.workbuddy\saint_george_classifier\data\raw\non_georges\fb36d7f5f80dc8d482aa9319f98f90b9.jpg,0,4655
C:\Users\16610\Desktop\.workbuddy\.workbuddy\saint_george_classifier\data\raw\non_georges\fb3e02311a9d07f8fc7bcf31e5413e53.jpg,0,4656
C:\Users\16610\Desktop\.workbuddy\.workbuddy\saint_george_classifier\data\raw\non_georges\fb56e7ac8c278e1e4115dece091d4fb1.jpg,0,4657
C:\Users\16610\Desktop\.workbuddy\.workbuddy\saint_george_classifier\data\raw\non_georges\fb59d18079f585a90810c68d277ee70b.jpg,0,4658
C:\Users\16610\Desktop\.workbuddy\.workbuddy\saint_george_classifier\data\raw\non_georges\fb7af06916c065188e2f05fef35f9bcd.jpg,0,4659
C:\Users\16610\Desktop\.workbuddy\.workbuddy\saint_george_classifier\data\raw\non_georges\fba56c74ce728dd17791d85489189fec.jpg,0,4661
C:\Users\16610\Desktop\.workbuddy\.workbuddy\saint_george_classifier\data\raw\non_georges\fbba8fcc8b08264abc14e91a755040d8.jpg,0,4662
C:\Users\16610\Desktop\.workbuddy\.workbuddy\saint_george_classifier\data\raw\non_georges\fbc017caccb4183a280e6b0fc416e040.jpg,0,4664
C:\Users\16610\Desktop\.workbuddy\.workbuddy\saint_george_classifier\data\raw\non_georges\fbd2cc5862364919c52348f442337fec.jpg,0,4665
C:\Users\16610\Desktop\.workbuddy\.workbuddy\saint_george_classifier\data\raw\non_georges\fc1c22f8ddfbf4a4f2b36a38cbc9bc3a.jpg,0,4667
C:\Users\16610\Desktop\.workbuddy\.workbuddy\saint_george_classifier\data\raw\non_georges\fc2561dbb1512db49268c2d36a6708dc.jpg,0,4668
C:\Users\16610\Desktop\.workbuddy\.workbuddy\saint_george_classifier\data\raw\non_georges\fc2664445756a93eb2675515a242e464.jpg,0,4669
C:\Users\16610\Desktop\.workbuddy\.workbuddy\saint_george_classifier\data\raw\non_georges\fc2a9a4d0f254d649797a05c9c42b3bf.jpg,0,4670
C:\Users\16610\Desktop\.workbuddy\.workbuddy\saint_george_classifier\data\raw\non_georges\fc5f23e92686d2dd3f84b2103fca37e7.jpg,0,4672
C:\Users\16610\Desktop\.workbuddy\.workbuddy\saint_george_classifier\data\raw\non_georges\fc642ff995cf6c6bc4e8d1c62040ed9e.jpg,0,4673
C:\Users\16610\Desktop\.workbuddy\.workbuddy\saint_george_classifier\data\raw\non_georges\fc65cd92895c83bd8956e84485235b23.jpg,0,4674
C:\Users\16610\Desktop\.workbuddy\.workbuddy\saint_george_classifier\data\raw\non_georges\fc686f638d618f500639a5b687546647.jpg,0,4675
C:\Users\16610\Desktop\.workbuddy\.workbuddy\saint_george_classifier\data\raw\non_georges\fcc1fbbb995383f4c95ba42fa9a29bd1.jpg,0,4679
C:\Users\16610\Desktop\.workbuddy\.workbuddy\saint_george_classifier\data\raw\non_georges\fcd35785280cabf297d6b1f1c5883a78.jpg,0,4680
C:\Users\16610\Desktop\.workbuddy\.workbuddy\saint_george_classifier\data\raw\non_georges\fce6423f13378503232637424cab07ac.jpg,0,4681
C:\Users\16610\Desktop\.workbuddy\.workbuddy\saint_george_classifier\data\raw\non_georges\fd079106d291590a3fbdf6b772d0a202.jpg,0,4682
C:\Users\16610\Desktop\.workbuddy\.workbuddy\saint_george_classifier\data\raw\non_georges\fd0b44897067dfc286cbf550a4bada3b.jpg,0,4683
C:\Users\16610\Desktop\.workbuddy\.workbuddy\saint_george_classifier\data\raw\non_georges\fd12ac88b372f3616b74e65fa4558285.jpg,0,4684
C:\Users\16610\Desktop\.workbuddy\.workbuddy\saint_george_classifier\data\raw\non_georges\fd1ff213d688453f5e58908fe4bb8c18.jpg,0,3802
C:\Users\16610\Desktop\.workbuddy\.workbuddy\saint_george_classifier\data\raw\non_georges\fd42cab818b9a1c131c60d04591790c8.jpg,0,4685
C:\Users\16610\Desktop\.workbuddy\.workbuddy\saint_george_classifier\data\raw\non_georges\fd51d8e3710ed4ff9e3bfde580f4c743.jpg,0,4265
C:\Users\16610\Desktop\.workbuddy\.workbuddy\saint_george_classifier\data\raw\non_georges\fd57caffde9f1b928661a01879c9225e.jpg,0,4687
C:\Users\16610\Desktop\.workbuddy\.workbuddy\saint_george_classifier\data\raw\non_georges\fd57db0f4c8604038c7870f589997a0c.jpg,0,4688
C:\Users\16610\Desktop\.workbuddy\.workbuddy\saint_george_classifier\data\raw\non_georges\fd65bb679b7975ab73867d62fba2e991.jpg,0,4689
C:\Users\16610\Desktop\.workbuddy\.workbuddy\saint_george_classifier\data\raw\non_georges\fdcd6a851968477440549ec8b5c60e86.jpg,0,4693
C:\Users\16610\Desktop\.workbuddy\.workbuddy\saint_george_classifier\data\raw\non_georges\fddb8fa6b37d0304a8552389dee4e864.jpg,0,3573
C:\Users\16610\Desktop\.workbuddy\.workbuddy\saint_george_classifier\data\raw\non_georges\fdf8f323b5964b9314528ec33a28ac4e.jpg,0,4694
C:\Users\16610\Desktop\.workbuddy\.workbuddy\saint_george_classifier\data\raw\non_georges\fdfc554ec6837bd232ba1729c901516b.jpg,0,4695
C:\Users\16610\Desktop\.workbuddy\.workbuddy\saint_george_classifier\data\raw\non_georges\fe11ca454252af25cff5d4b24fcd1694.jpg,0,2785
C:\Users\16610\Desktop\.workbuddy\.workbuddy\saint_george_classifier\data\raw\non_georges\fe24cdb3233b1bd767fb03f57ea955aa.jpg,0,4696
C:\Users\16610\Desktop\.workbuddy\.workbuddy\saint_george_classifier\data\raw\non_georges\fe256cf540a675211a2b8bb7711aa14f.jpg,0,4697
C:\Users\16610\Desktop\.workbuddy\.workbuddy\saint_george_classifier\data\raw\non_georges\fe28b81af0e8792696c9ad84e55b5146.jpg,0,4698
C:\Users\16610\Desktop\.workbuddy\.workbuddy\saint_george_classifier\data\raw\non_georges\fe94907e4252e1f19e49cb361a731e4c.jpg,0,4699
C:\Users\16610\Desktop\.workbuddy\.workbuddy\saint_george_classifier\data\raw\non_georges\fe961c8d53c6e0d6b615610f514c0361.jpg,0,4700
C:\Users\16610\Desktop\.workbuddy\.workbuddy\saint_george_classifier\data\raw\non_georges\feecd385bb1de61defb85f42b81bab60.jpg,0,3986
C:\Users\16610\Desktop\.workbuddy\.workbuddy\saint_george_classifier\data\raw\non_georges\fef0b1a8334c728c164aee116d7a1f1d.jpg,0,4701
C:\Users\16610\Desktop\.workbuddy\.workbuddy\saint_george_classifier\data\raw\non_georges\ff088860a31f5da7f3c06eefe2820947.jpg,0,4703
C:\Users\16610\Desktop\.workbuddy\.workbuddy\saint_george_classifier\data\raw\non_georges\ff1f66cfa6a61a53e92b62b0f42678d7.jpg,0,4704
C:\Users\16610\Desktop\.workbuddy\.workbuddy\saint_george_classifier\data\raw\non_georges\ff3dcdcf5f82cafcbd7c95ac4b76e1c1.jpg,0,3358
C:\Users\16610\Desktop\.workbuddy\.workbuddy\saint_george_classifier\data\raw\non_georges\ff786696e0e61ffa48b9366fad6e09ad.jpg,0,4705
C:\Users\16610\Desktop\.workbuddy\.workbuddy\saint_george_classifier\data\raw\non_georges\ff7f402c9308a70fcbe7af31d5477220.jpg,0,4706
C:\Users\16610\Desktop\.workbuddy\.workbuddy\saint_george_classifier\data\raw\non_georges\ff8cf13ca9215651bb2ff9bcf754dc43.jpg,0,4707
C:\Users\16610\Desktop\.workbuddy\.workbuddy\saint_george_classifier\data\raw\non_georges\ff946862d1022cb4ec436506868f9a5d.jpg,0,4709
C:\Users\16610\Desktop\.workbuddy\.workbuddy\saint_george_classifier\data\raw\non_georges\ff96d9710b0f08b4ccbad87f9899038f.jpg,0,4710
C:\Users\16610\Desktop\.workbuddy\.workbuddy\saint_george_classifier\data\raw\non_georges\ffb6691fdf4f2d6d504b45768574f642.jpg,0,2635
C:\Users\16610\Desktop\.workbuddy\.workbuddy\saint_george_classifier\data\raw\non_georges\ffb87ea0398b071ff4009ff5752bbfc4.jpg,0,4711
C:\Users\16610\Desktop\.workbuddy\.workbuddy\saint_george_classifier\data\raw\non_georges\fff58c33866f1901e0dcd5e2f3ac97ec.jpg,0,4712
C:\Users\16610\Desktop\.workbuddy\.workbuddy\saint_george_classifier\data\raw\non_georges\fff85e1a9c3a09219073ac55fe13d519.jpg,0,4714
